ISO-10303-21;
HEADER;
/* Generated by software containing ST-Developer
 * from STEP Tools, Inc. (www.steptools.com) 
 */

FILE_DESCRIPTION(
/* description */ (''),
/* implementation_level */ '2;1');

FILE_NAME(
/* name */ 
'C:\\Users\\CAD Station\\Desktop\\Accessories\\End_Stop\\CA802\\CA802.
stp',
/* time_stamp */ '2016-06-27T11:44:16-04:00',
/* author */ ('CAD Station'),
/* organization */ (''),
/* preprocessor_version */ 'ST-DEVELOPER v16.1',
/* originating_system */ 'Autodesk Inventor 2016',
/* authorisation */ '');

FILE_SCHEMA (('AUTOMOTIVE_DESIGN { 1 0 10303 214 3 1 1 }'));
ENDSEC;

DATA;
#10=MECHANICAL_DESIGN_GEOMETRIC_PRESENTATION_REPRESENTATION('',(#4815,#4816,
#4813,#4814,#4812,#4817,#4818,#4806,#4809,#4808,#4810,#4807,#4811),#8490);
#11=SHAPE_REPRESENTATION_RELATIONSHIP('SRR','None',#8499,#12);
#12=ADVANCED_BREP_SHAPE_REPRESENTATION('',(#13),#8489);
#13=MANIFOLD_SOLID_BREP('Solid1',#5078);
#14=CIRCLE('',#5097,2.06244709408356);
#15=CIRCLE('',#5098,2.06244709408356);
#16=CIRCLE('',#5100,1.);
#17=CIRCLE('',#5102,2.06244709408356);
#18=CIRCLE('',#5103,2.06244709408356);
#19=CIRCLE('',#5111,2.03136716134921);
#20=CIRCLE('',#5112,2.03136716134921);
#21=CIRCLE('',#5114,1.5);
#22=CIRCLE('',#5116,0.75);
#23=CIRCLE('',#5117,0.75);
#24=CIRCLE('',#5118,0.75);
#25=CIRCLE('',#5119,0.75);
#26=CIRCLE('',#5120,0.75);
#27=CIRCLE('',#5121,0.75);
#28=CIRCLE('',#5122,1.10492255640231);
#29=CIRCLE('',#5123,0.75);
#30=CIRCLE('',#5124,0.75);
#31=CIRCLE('',#5127,1.1049225564022);
#32=CIRCLE('',#5128,1.30492220720217);
#33=CIRCLE('',#5129,1.10492255640253);
#34=CIRCLE('',#5130,0.75);
#35=CIRCLE('',#5132,0.199999650799642);
#36=CIRCLE('',#5133,0.199999650800005);
#37=CIRCLE('',#5134,0.349999388900265);
#38=CIRCLE('',#5135,0.0999998254001212);
#39=CIRCLE('',#5136,0.399999301599952);
#40=CIRCLE('',#5137,0.199999650800087);
#41=CIRCLE('',#5138,0.999998254000329);
#42=CIRCLE('',#5139,0.999998253999841);
#43=CIRCLE('',#5140,0.999998254000101);
#44=CIRCLE('',#5141,0.199999650799976);
#45=CIRCLE('',#5142,0.399999301599782);
#46=CIRCLE('',#5143,0.0999998254001166);
#47=CIRCLE('',#5144,0.349999388899934);
#48=CIRCLE('',#5146,0.199999650799642);
#49=CIRCLE('',#5149,0.349999388899934);
#50=CIRCLE('',#5152,0.0999998254001166);
#51=CIRCLE('',#5154,0.399999301599782);
#52=CIRCLE('',#5157,0.199999650799976);
#53=CIRCLE('',#5160,0.999998254000101);
#54=CIRCLE('',#5162,0.999998253999841);
#55=CIRCLE('',#5165,0.199999650799899);
#56=CIRCLE('',#5166,0.349999388900054);
#57=CIRCLE('',#5167,0.0999998254000321);
#58=CIRCLE('',#5168,0.399999301599688);
#59=CIRCLE('',#5169,0.199999650800203);
#60=CIRCLE('',#5170,0.999998253999887);
#61=CIRCLE('',#5171,0.999998253999778);
#62=CIRCLE('',#5172,0.999998254000074);
#63=CIRCLE('',#5173,0.199999650799829);
#64=CIRCLE('',#5174,0.399999301600064);
#65=CIRCLE('',#5175,0.0999998253997812);
#66=CIRCLE('',#5176,0.349999388899469);
#67=CIRCLE('',#5178,0.199999650799899);
#68=CIRCLE('',#5181,0.349999388899469);
#69=CIRCLE('',#5184,0.0999998253997812);
#70=CIRCLE('',#5186,0.399999301600064);
#71=CIRCLE('',#5189,0.199999650799829);
#72=CIRCLE('',#5192,0.999998254000074);
#73=CIRCLE('',#5195,0.399999301599952);
#74=CIRCLE('',#5196,0.0999998254001212);
#75=CIRCLE('',#5197,0.349999388900265);
#76=CIRCLE('',#5198,0.199999650800005);
#77=CIRCLE('',#5199,1.99999650800009);
#78=CIRCLE('',#5200,0.499999126999721);
#79=CIRCLE('',#5201,0.499999126999828);
#80=CIRCLE('',#5202,0.999998253999778);
#81=CIRCLE('',#5203,0.999998253999887);
#82=CIRCLE('',#5204,0.199999650800203);
#83=CIRCLE('',#5205,0.399999301599688);
#84=CIRCLE('',#5206,0.0999998254000321);
#85=CIRCLE('',#5207,0.349999388900054);
#86=CIRCLE('',#5208,0.199999650799819);
#87=CIRCLE('',#5209,0.499999126999969);
#88=CIRCLE('',#5210,0.499999127000135);
#89=CIRCLE('',#5211,1.49999738100001);
#90=CIRCLE('',#5212,0.499999127000168);
#91=CIRCLE('',#5213,0.849998515899875);
#92=CIRCLE('',#5214,0.499999127000024);
#93=CIRCLE('',#5215,0.199999650799827);
#94=CIRCLE('',#5216,0.999998253999879);
#95=CIRCLE('',#5217,0.99999825399999);
#96=CIRCLE('',#5218,1.49999738100015);
#97=CIRCLE('',#5219,0.199999650800309);
#98=CIRCLE('',#5220,0.349999388899939);
#99=CIRCLE('',#5221,0.0999998254000923);
#100=CIRCLE('',#5222,0.399999301599586);
#101=CIRCLE('',#5223,0.199999650799844);
#102=CIRCLE('',#5224,0.999998254000141);
#103=CIRCLE('',#5225,0.999998254000022);
#104=CIRCLE('',#5226,0.999998254000236);
#105=CIRCLE('',#5227,0.199999650800309);
#106=CIRCLE('',#5228,0.399999301599945);
#107=CIRCLE('',#5229,0.0999998254001766);
#108=CIRCLE('',#5230,0.349999388900124);
#109=CIRCLE('',#5231,1.49999738099976);
#110=CIRCLE('',#5232,0.999998254000329);
#111=CIRCLE('',#5233,0.199999650800087);
#112=CIRCLE('',#5234,1.10492255640231);
#113=CIRCLE('',#5235,1.1049225564022);
#114=CIRCLE('',#5236,1.30492220720201);
#115=CIRCLE('',#5237,0.595074475397532);
#116=CIRCLE('',#5238,1.30492220720217);
#117=CIRCLE('',#5239,1.10492255640253);
#118=CIRCLE('',#5240,0.599997380950541);
#119=CIRCLE('',#5247,0.75);
#120=CIRCLE('',#5249,0.75);
#121=CIRCLE('',#5252,0.75);
#122=CIRCLE('',#5255,0.75);
#123=CIRCLE('',#5259,0.75);
#124=CIRCLE('',#5264,0.75);
#125=CIRCLE('',#5267,0.75);
#126=CIRCLE('',#5269,0.599997380950541);
#127=CIRCLE('',#5273,0.75);
#128=CIRCLE('',#5274,0.75);
#129=CIRCLE('',#5277,0.75);
#130=CIRCLE('',#5278,0.75);
#131=CIRCLE('',#5280,0.599997380950541);
#132=CIRCLE('',#5283,0.75);
#133=CIRCLE('',#5284,0.75);
#134=CIRCLE('',#5287,0.75);
#135=CIRCLE('',#5288,0.75);
#136=CIRCLE('',#5290,1.10492255640253);
#137=CIRCLE('',#5291,1.30492220720217);
#138=CIRCLE('',#5292,1.1049225564022);
#139=CIRCLE('',#5295,0.75);
#140=CIRCLE('',#5296,0.75);
#141=CIRCLE('',#5299,0.75);
#142=CIRCLE('',#5300,0.75);
#143=CIRCLE('',#5303,0.75);
#144=CIRCLE('',#5304,0.75);
#145=CIRCLE('',#5306,1.10492255640231);
#146=CIRCLE('',#5308,0.75);
#147=CIRCLE('',#5309,0.75);
#148=CIRCLE('',#5312,0.75);
#149=CIRCLE('',#5313,0.75);
#150=CIRCLE('',#5316,1.10492255640231);
#151=CIRCLE('',#5318,1.1049225564022);
#152=CIRCLE('',#5336,1.1049225564022);
#153=CIRCLE('',#5344,1.1049225564022);
#154=CIRCLE('',#5345,1.1049225564022);
#155=CIRCLE('',#5347,1.30492220720201);
#156=CIRCLE('',#5348,0.595074475397532);
#157=CIRCLE('',#5350,1.10492255640231);
#158=CIRCLE('',#5352,1.10492255640231);
#159=CIRCLE('',#5355,1.1049225564022);
#160=CIRCLE('',#5360,1.10492255640231);
#161=CIRCLE('',#5365,0.595074475397532);
#162=CIRCLE('',#5366,1.30492220720201);
#163=CIRCLE('',#5369,0.349999388900124);
#164=CIRCLE('',#5370,0.0999998254001766);
#165=CIRCLE('',#5371,0.399999301599945);
#166=CIRCLE('',#5372,0.199999650800309);
#167=CIRCLE('',#5373,0.999998254000236);
#168=CIRCLE('',#5374,0.999998254000022);
#169=CIRCLE('',#5375,0.999998254000141);
#170=CIRCLE('',#5376,0.199999650799844);
#171=CIRCLE('',#5377,0.399999301599586);
#172=CIRCLE('',#5378,0.0999998254000923);
#173=CIRCLE('',#5379,0.349999388899939);
#174=CIRCLE('',#5401,1.10492255640231);
#175=CIRCLE('',#5405,1.30492220720201);
#176=CIRCLE('',#5409,0.595074475397532);
#177=CIRCLE('',#5413,1.30492220720217);
#178=CIRCLE('',#5416,1.10492255640253);
#179=CIRCLE('',#5422,0.599997380950541);
#180=CIRCLE('',#5454,0.99999825399999);
#181=CIRCLE('',#5457,0.999998253999879);
#182=CIRCLE('',#5460,0.199999650799827);
#183=CIRCLE('',#5465,0.499999127000024);
#184=CIRCLE('',#5468,0.849998515899875);
#185=CIRCLE('',#5471,0.499999127000168);
#186=CIRCLE('',#5474,1.49999738100001);
#187=CIRCLE('',#5477,0.499999127000135);
#188=CIRCLE('',#5480,0.499999126999969);
#189=CIRCLE('',#5483,0.199999650799819);
#190=CIRCLE('',#5497,0.499999126999828);
#191=CIRCLE('',#5500,0.499999126999721);
#192=CIRCLE('',#5503,1.99999650800009);
#193=CIRCLE('',#5517,1.49999738099976);
#194=CIRCLE('',#5520,0.199999650800309);
#195=CIRCLE('',#5523,1.49999738100015);
#196=CYLINDRICAL_SURFACE('',#5096,2.06244709408356);
#197=CYLINDRICAL_SURFACE('',#5101,2.06244709408356);
#198=CYLINDRICAL_SURFACE('',#5110,2.03136716134921);
#199=CYLINDRICAL_SURFACE('',#5145,0.199999650799642);
#200=CYLINDRICAL_SURFACE('',#5148,0.349999388899934);
#201=CYLINDRICAL_SURFACE('',#5151,0.0999998254001166);
#202=CYLINDRICAL_SURFACE('',#5153,0.399999301599782);
#203=CYLINDRICAL_SURFACE('',#5156,0.199999650799976);
#204=CYLINDRICAL_SURFACE('',#5159,0.999998254000101);
#205=CYLINDRICAL_SURFACE('',#5161,0.999998253999841);
#206=CYLINDRICAL_SURFACE('',#5177,0.199999650799899);
#207=CYLINDRICAL_SURFACE('',#5180,0.349999388899469);
#208=CYLINDRICAL_SURFACE('',#5183,0.0999998253997812);
#209=CYLINDRICAL_SURFACE('',#5185,0.399999301600064);
#210=CYLINDRICAL_SURFACE('',#5188,0.199999650799829);
#211=CYLINDRICAL_SURFACE('',#5191,0.999998254000074);
#212=CYLINDRICAL_SURFACE('',#5193,1.);
#213=CYLINDRICAL_SURFACE('',#5241,1.5);
#214=CYLINDRICAL_SURFACE('',#5246,0.75);
#215=CYLINDRICAL_SURFACE('',#5251,0.75);
#216=CYLINDRICAL_SURFACE('',#5254,0.75);
#217=CYLINDRICAL_SURFACE('',#5258,0.75);
#218=CYLINDRICAL_SURFACE('',#5261,0.75);
#219=CYLINDRICAL_SURFACE('',#5263,0.75);
#220=CYLINDRICAL_SURFACE('',#5266,0.75);
#221=CYLINDRICAL_SURFACE('',#5271,0.75);
#222=CYLINDRICAL_SURFACE('',#5272,0.75);
#223=CYLINDRICAL_SURFACE('',#5276,0.75);
#224=CYLINDRICAL_SURFACE('',#5282,0.75);
#225=CYLINDRICAL_SURFACE('',#5286,0.75);
#226=CYLINDRICAL_SURFACE('',#5294,0.75);
#227=CYLINDRICAL_SURFACE('',#5298,0.75);
#228=CYLINDRICAL_SURFACE('',#5302,0.75);
#229=CYLINDRICAL_SURFACE('',#5307,0.75);
#230=CYLINDRICAL_SURFACE('',#5311,0.75);
#231=CYLINDRICAL_SURFACE('',#5343,1.1049225564022);
#232=CYLINDRICAL_SURFACE('',#5354,1.1049225564022);
#233=CYLINDRICAL_SURFACE('',#5381,0.349999388899939);
#234=CYLINDRICAL_SURFACE('',#5383,0.0999998254000923);
#235=CYLINDRICAL_SURFACE('',#5384,0.399999301599586);
#236=CYLINDRICAL_SURFACE('',#5386,0.199999650799844);
#237=CYLINDRICAL_SURFACE('',#5388,0.999998254000141);
#238=CYLINDRICAL_SURFACE('',#5389,0.999998254000022);
#239=CYLINDRICAL_SURFACE('',#5391,0.999998254000236);
#240=CYLINDRICAL_SURFACE('',#5393,0.199999650800309);
#241=CYLINDRICAL_SURFACE('',#5395,0.399999301599945);
#242=CYLINDRICAL_SURFACE('',#5396,0.0999998254001766);
#243=CYLINDRICAL_SURFACE('',#5398,0.349999388900124);
#244=CYLINDRICAL_SURFACE('',#5400,1.10492255640231);
#245=CYLINDRICAL_SURFACE('',#5404,1.30492220720201);
#246=CYLINDRICAL_SURFACE('',#5408,0.595074475397532);
#247=CYLINDRICAL_SURFACE('',#5412,1.30492220720217);
#248=CYLINDRICAL_SURFACE('',#5415,1.10492255640253);
#249=CYLINDRICAL_SURFACE('',#5421,0.599997380950541);
#250=CYLINDRICAL_SURFACE('',#5434,0.599997380950541);
#251=CYLINDRICAL_SURFACE('',#5440,1.10492255640253);
#252=CYLINDRICAL_SURFACE('',#5442,1.30492220720217);
#253=CYLINDRICAL_SURFACE('',#5445,0.595074475397532);
#254=CYLINDRICAL_SURFACE('',#5448,1.30492220720201);
#255=CYLINDRICAL_SURFACE('',#5451,1.10492255640231);
#256=CYLINDRICAL_SURFACE('',#5453,0.99999825399999);
#257=CYLINDRICAL_SURFACE('',#5456,0.999998253999879);
#258=CYLINDRICAL_SURFACE('',#5459,0.199999650799827);
#259=CYLINDRICAL_SURFACE('',#5464,0.499999127000024);
#260=CYLINDRICAL_SURFACE('',#5467,0.849998515899875);
#261=CYLINDRICAL_SURFACE('',#5470,0.499999127000168);
#262=CYLINDRICAL_SURFACE('',#5473,1.49999738100001);
#263=CYLINDRICAL_SURFACE('',#5476,0.499999127000135);
#264=CYLINDRICAL_SURFACE('',#5479,0.499999126999969);
#265=CYLINDRICAL_SURFACE('',#5482,0.199999650799819);
#266=CYLINDRICAL_SURFACE('',#5485,0.349999388900054);
#267=CYLINDRICAL_SURFACE('',#5487,0.0999998254000321);
#268=CYLINDRICAL_SURFACE('',#5488,0.399999301599688);
#269=CYLINDRICAL_SURFACE('',#5490,0.199999650800203);
#270=CYLINDRICAL_SURFACE('',#5492,0.999998253999887);
#271=CYLINDRICAL_SURFACE('',#5494,0.999998253999778);
#272=CYLINDRICAL_SURFACE('',#5496,0.499999126999828);
#273=CYLINDRICAL_SURFACE('',#5499,0.499999126999721);
#274=CYLINDRICAL_SURFACE('',#5502,1.99999650800009);
#275=CYLINDRICAL_SURFACE('',#5505,0.199999650800005);
#276=CYLINDRICAL_SURFACE('',#5507,0.349999388900265);
#277=CYLINDRICAL_SURFACE('',#5509,0.0999998254001212);
#278=CYLINDRICAL_SURFACE('',#5510,0.399999301599952);
#279=CYLINDRICAL_SURFACE('',#5512,0.199999650800087);
#280=CYLINDRICAL_SURFACE('',#5514,0.999998254000329);
#281=CYLINDRICAL_SURFACE('',#5516,1.49999738099976);
#282=CYLINDRICAL_SURFACE('',#5519,0.199999650800309);
#283=CYLINDRICAL_SURFACE('',#5522,1.49999738100015);
#284=B_SPLINE_CURVE_WITH_KNOTS('',1,(#7015,#7016),.UNSPECIFIED.,.F.,.F.,
(2,2),(-4.30976580911588,2.6158750133575E-15),.UNSPECIFIED.);
#285=B_SPLINE_CURVE_WITH_KNOTS('',1,(#7101,#7102),.UNSPECIFIED.,.F.,.F.,
(2,2),(-5.70160100366058,-4.80658673783752),.UNSPECIFIED.);
#286=(
BOUNDED_SURFACE()
B_SPLINE_SURFACE(1,2,((#6996,#6997,#6998,#6999,#7000,#7001,#7002,#7003,
#7004),(#7005,#7006,#7007,#7008,#7009,#7010,#7011,#7012,#7013)),
 .UNSPECIFIED.,.F.,.T.,.F.)
B_SPLINE_SURFACE_WITH_KNOTS((2,2),(3,2,2,2,3),(-2.6158750133575E-15,4.30976580911588),
(-3.14159265358979,-1.5707963267949,0.,1.5707963267949,3.14159265358979),
 .UNSPECIFIED.)
GEOMETRIC_REPRESENTATION_ITEM()
RATIONAL_B_SPLINE_SURFACE(((1.,0.707106781186548,1.,0.707106781186548,1.,
0.707106781186548,1.,0.707106781186548,1.),(1.,0.707106781186548,1.,0.707106781186548,
1.,0.707106781186548,1.,0.707106781186548,1.)))
REPRESENTATION_ITEM('')
SURFACE()
);
#287=(
BOUNDED_SURFACE()
B_SPLINE_SURFACE(1,2,((#7081,#7082,#7083,#7084,#7085,#7086,#7087,#7088,
#7089),(#7090,#7091,#7092,#7093,#7094,#7095,#7096,#7097,#7098)),
 .UNSPECIFIED.,.F.,.T.,.F.)
B_SPLINE_SURFACE_WITH_KNOTS((2,2),(3,2,2,2,3),(4.64340506980999,5.70160100366058),
(-3.14159265358979,-1.5707963267949,0.,1.5707963267949,3.14159265358979),
 .UNSPECIFIED.)
GEOMETRIC_REPRESENTATION_ITEM()
RATIONAL_B_SPLINE_SURFACE(((1.,0.707106781186548,1.,0.707106781186548,1.,
0.707106781186548,1.,0.707106781186548,1.),(1.,0.707106781186548,1.,0.707106781186548,
1.,0.707106781186548,1.,0.707106781186548,1.)))
REPRESENTATION_ITEM('')
SURFACE()
);
#288=FACE_BOUND('',#568,.T.);
#289=FACE_BOUND('',#570,.T.);
#290=FACE_BOUND('',#581,.T.);
#291=FACE_BOUND('',#592,.T.);
#292=FACE_BOUND('',#594,.T.);
#293=FACE_BOUND('',#623,.T.);
#294=FACE_BOUND('',#625,.T.);
#295=FACE_BOUND('',#626,.T.);
#296=FACE_BOUND('',#628,.T.);
#297=FACE_BOUND('',#632,.T.);
#298=FACE_BOUND('',#818,.T.);
#299=FACE_BOUND('',#837,.T.);
#300=FACE_BOUND('',#838,.T.);
#301=ELLIPSE('',#5081,1.01058284787375,1.);
#302=ELLIPSE('',#5083,1.01058284787375,1.);
#303=ELLIPSE('',#5088,1.00848866771076,1.);
#304=ELLIPSE('',#5089,1.00848866771076,1.);
#305=ELLIPSE('',#5090,1.00848866771076,1.);
#306=ELLIPSE('',#5107,1.00848866771076,1.);
#307=ELLIPSE('',#5242,1.67247807914933,1.5);
#308=FACE_OUTER_BOUND('',#567,.T.);
#309=FACE_OUTER_BOUND('',#569,.T.);
#310=FACE_OUTER_BOUND('',#571,.T.);
#311=FACE_OUTER_BOUND('',#572,.T.);
#312=FACE_OUTER_BOUND('',#573,.T.);
#313=FACE_OUTER_BOUND('',#574,.T.);
#314=FACE_OUTER_BOUND('',#575,.T.);
#315=FACE_OUTER_BOUND('',#576,.T.);
#316=FACE_OUTER_BOUND('',#577,.T.);
#317=FACE_OUTER_BOUND('',#578,.T.);
#318=FACE_OUTER_BOUND('',#579,.T.);
#319=FACE_OUTER_BOUND('',#580,.T.);
#320=FACE_OUTER_BOUND('',#582,.T.);
#321=FACE_OUTER_BOUND('',#583,.T.);
#322=FACE_OUTER_BOUND('',#584,.T.);
#323=FACE_OUTER_BOUND('',#585,.T.);
#324=FACE_OUTER_BOUND('',#586,.T.);
#325=FACE_OUTER_BOUND('',#587,.T.);
#326=FACE_OUTER_BOUND('',#588,.T.);
#327=FACE_OUTER_BOUND('',#589,.T.);
#328=FACE_OUTER_BOUND('',#590,.T.);
#329=FACE_OUTER_BOUND('',#591,.T.);
#330=FACE_OUTER_BOUND('',#593,.T.);
#331=FACE_OUTER_BOUND('',#595,.T.);
#332=FACE_OUTER_BOUND('',#596,.T.);
#333=FACE_OUTER_BOUND('',#597,.T.);
#334=FACE_OUTER_BOUND('',#598,.T.);
#335=FACE_OUTER_BOUND('',#599,.T.);
#336=FACE_OUTER_BOUND('',#600,.T.);
#337=FACE_OUTER_BOUND('',#601,.T.);
#338=FACE_OUTER_BOUND('',#602,.T.);
#339=FACE_OUTER_BOUND('',#603,.T.);
#340=FACE_OUTER_BOUND('',#604,.T.);
#341=FACE_OUTER_BOUND('',#605,.T.);
#342=FACE_OUTER_BOUND('',#606,.T.);
#343=FACE_OUTER_BOUND('',#607,.T.);
#344=FACE_OUTER_BOUND('',#608,.T.);
#345=FACE_OUTER_BOUND('',#609,.T.);
#346=FACE_OUTER_BOUND('',#610,.T.);
#347=FACE_OUTER_BOUND('',#611,.T.);
#348=FACE_OUTER_BOUND('',#612,.T.);
#349=FACE_OUTER_BOUND('',#613,.T.);
#350=FACE_OUTER_BOUND('',#614,.T.);
#351=FACE_OUTER_BOUND('',#615,.T.);
#352=FACE_OUTER_BOUND('',#616,.T.);
#353=FACE_OUTER_BOUND('',#617,.T.);
#354=FACE_OUTER_BOUND('',#618,.T.);
#355=FACE_OUTER_BOUND('',#619,.T.);
#356=FACE_OUTER_BOUND('',#620,.T.);
#357=FACE_OUTER_BOUND('',#621,.T.);
#358=FACE_OUTER_BOUND('',#622,.T.);
#359=FACE_OUTER_BOUND('',#624,.T.);
#360=FACE_OUTER_BOUND('',#627,.T.);
#361=FACE_OUTER_BOUND('',#629,.T.);
#362=FACE_OUTER_BOUND('',#630,.T.);
#363=FACE_OUTER_BOUND('',#631,.T.);
#364=FACE_OUTER_BOUND('',#633,.T.);
#365=FACE_OUTER_BOUND('',#634,.T.);
#366=FACE_OUTER_BOUND('',#635,.T.);
#367=FACE_OUTER_BOUND('',#636,.T.);
#368=FACE_OUTER_BOUND('',#637,.T.);
#369=FACE_OUTER_BOUND('',#638,.T.);
#370=FACE_OUTER_BOUND('',#639,.T.);
#371=FACE_OUTER_BOUND('',#640,.T.);
#372=FACE_OUTER_BOUND('',#641,.T.);
#373=FACE_OUTER_BOUND('',#642,.T.);
#374=FACE_OUTER_BOUND('',#643,.T.);
#375=FACE_OUTER_BOUND('',#644,.T.);
#376=FACE_OUTER_BOUND('',#645,.T.);
#377=FACE_OUTER_BOUND('',#646,.T.);
#378=FACE_OUTER_BOUND('',#647,.T.);
#379=FACE_OUTER_BOUND('',#648,.T.);
#380=FACE_OUTER_BOUND('',#649,.T.);
#381=FACE_OUTER_BOUND('',#650,.T.);
#382=FACE_OUTER_BOUND('',#651,.T.);
#383=FACE_OUTER_BOUND('',#652,.T.);
#384=FACE_OUTER_BOUND('',#653,.T.);
#385=FACE_OUTER_BOUND('',#654,.T.);
#386=FACE_OUTER_BOUND('',#655,.T.);
#387=FACE_OUTER_BOUND('',#656,.T.);
#388=FACE_OUTER_BOUND('',#657,.T.);
#389=FACE_OUTER_BOUND('',#658,.T.);
#390=FACE_OUTER_BOUND('',#659,.T.);
#391=FACE_OUTER_BOUND('',#660,.T.);
#392=FACE_OUTER_BOUND('',#661,.T.);
#393=FACE_OUTER_BOUND('',#662,.T.);
#394=FACE_OUTER_BOUND('',#663,.T.);
#395=FACE_OUTER_BOUND('',#664,.T.);
#396=FACE_OUTER_BOUND('',#665,.T.);
#397=FACE_OUTER_BOUND('',#666,.T.);
#398=FACE_OUTER_BOUND('',#667,.T.);
#399=FACE_OUTER_BOUND('',#668,.T.);
#400=FACE_OUTER_BOUND('',#669,.T.);
#401=FACE_OUTER_BOUND('',#670,.T.);
#402=FACE_OUTER_BOUND('',#671,.T.);
#403=FACE_OUTER_BOUND('',#672,.T.);
#404=FACE_OUTER_BOUND('',#673,.T.);
#405=FACE_OUTER_BOUND('',#674,.T.);
#406=FACE_OUTER_BOUND('',#675,.T.);
#407=FACE_OUTER_BOUND('',#676,.T.);
#408=FACE_OUTER_BOUND('',#677,.T.);
#409=FACE_OUTER_BOUND('',#678,.T.);
#410=FACE_OUTER_BOUND('',#679,.T.);
#411=FACE_OUTER_BOUND('',#680,.T.);
#412=FACE_OUTER_BOUND('',#681,.T.);
#413=FACE_OUTER_BOUND('',#682,.T.);
#414=FACE_OUTER_BOUND('',#683,.T.);
#415=FACE_OUTER_BOUND('',#684,.T.);
#416=FACE_OUTER_BOUND('',#685,.T.);
#417=FACE_OUTER_BOUND('',#686,.T.);
#418=FACE_OUTER_BOUND('',#687,.T.);
#419=FACE_OUTER_BOUND('',#688,.T.);
#420=FACE_OUTER_BOUND('',#689,.T.);
#421=FACE_OUTER_BOUND('',#690,.T.);
#422=FACE_OUTER_BOUND('',#691,.T.);
#423=FACE_OUTER_BOUND('',#692,.T.);
#424=FACE_OUTER_BOUND('',#693,.T.);
#425=FACE_OUTER_BOUND('',#694,.T.);
#426=FACE_OUTER_BOUND('',#695,.T.);
#427=FACE_OUTER_BOUND('',#696,.T.);
#428=FACE_OUTER_BOUND('',#697,.T.);
#429=FACE_OUTER_BOUND('',#698,.T.);
#430=FACE_OUTER_BOUND('',#699,.T.);
#431=FACE_OUTER_BOUND('',#700,.T.);
#432=FACE_OUTER_BOUND('',#701,.T.);
#433=FACE_OUTER_BOUND('',#702,.T.);
#434=FACE_OUTER_BOUND('',#703,.T.);
#435=FACE_OUTER_BOUND('',#704,.T.);
#436=FACE_OUTER_BOUND('',#705,.T.);
#437=FACE_OUTER_BOUND('',#706,.T.);
#438=FACE_OUTER_BOUND('',#707,.T.);
#439=FACE_OUTER_BOUND('',#708,.T.);
#440=FACE_OUTER_BOUND('',#709,.T.);
#441=FACE_OUTER_BOUND('',#710,.T.);
#442=FACE_OUTER_BOUND('',#711,.T.);
#443=FACE_OUTER_BOUND('',#712,.T.);
#444=FACE_OUTER_BOUND('',#713,.T.);
#445=FACE_OUTER_BOUND('',#714,.T.);
#446=FACE_OUTER_BOUND('',#715,.T.);
#447=FACE_OUTER_BOUND('',#716,.T.);
#448=FACE_OUTER_BOUND('',#717,.T.);
#449=FACE_OUTER_BOUND('',#718,.T.);
#450=FACE_OUTER_BOUND('',#719,.T.);
#451=FACE_OUTER_BOUND('',#720,.T.);
#452=FACE_OUTER_BOUND('',#721,.T.);
#453=FACE_OUTER_BOUND('',#722,.T.);
#454=FACE_OUTER_BOUND('',#723,.T.);
#455=FACE_OUTER_BOUND('',#724,.T.);
#456=FACE_OUTER_BOUND('',#725,.T.);
#457=FACE_OUTER_BOUND('',#726,.T.);
#458=FACE_OUTER_BOUND('',#727,.T.);
#459=FACE_OUTER_BOUND('',#728,.T.);
#460=FACE_OUTER_BOUND('',#729,.T.);
#461=FACE_OUTER_BOUND('',#730,.T.);
#462=FACE_OUTER_BOUND('',#731,.T.);
#463=FACE_OUTER_BOUND('',#732,.T.);
#464=FACE_OUTER_BOUND('',#733,.T.);
#465=FACE_OUTER_BOUND('',#734,.T.);
#466=FACE_OUTER_BOUND('',#735,.T.);
#467=FACE_OUTER_BOUND('',#736,.T.);
#468=FACE_OUTER_BOUND('',#737,.T.);
#469=FACE_OUTER_BOUND('',#738,.T.);
#470=FACE_OUTER_BOUND('',#739,.T.);
#471=FACE_OUTER_BOUND('',#740,.T.);
#472=FACE_OUTER_BOUND('',#741,.T.);
#473=FACE_OUTER_BOUND('',#742,.T.);
#474=FACE_OUTER_BOUND('',#743,.T.);
#475=FACE_OUTER_BOUND('',#744,.T.);
#476=FACE_OUTER_BOUND('',#745,.T.);
#477=FACE_OUTER_BOUND('',#746,.T.);
#478=FACE_OUTER_BOUND('',#747,.T.);
#479=FACE_OUTER_BOUND('',#748,.T.);
#480=FACE_OUTER_BOUND('',#749,.T.);
#481=FACE_OUTER_BOUND('',#750,.T.);
#482=FACE_OUTER_BOUND('',#751,.T.);
#483=FACE_OUTER_BOUND('',#752,.T.);
#484=FACE_OUTER_BOUND('',#753,.T.);
#485=FACE_OUTER_BOUND('',#754,.T.);
#486=FACE_OUTER_BOUND('',#755,.T.);
#487=FACE_OUTER_BOUND('',#756,.T.);
#488=FACE_OUTER_BOUND('',#757,.T.);
#489=FACE_OUTER_BOUND('',#758,.T.);
#490=FACE_OUTER_BOUND('',#759,.T.);
#491=FACE_OUTER_BOUND('',#760,.T.);
#492=FACE_OUTER_BOUND('',#761,.T.);
#493=FACE_OUTER_BOUND('',#762,.T.);
#494=FACE_OUTER_BOUND('',#763,.T.);
#495=FACE_OUTER_BOUND('',#764,.T.);
#496=FACE_OUTER_BOUND('',#765,.T.);
#497=FACE_OUTER_BOUND('',#766,.T.);
#498=FACE_OUTER_BOUND('',#767,.T.);
#499=FACE_OUTER_BOUND('',#768,.T.);
#500=FACE_OUTER_BOUND('',#769,.T.);
#501=FACE_OUTER_BOUND('',#770,.T.);
#502=FACE_OUTER_BOUND('',#771,.T.);
#503=FACE_OUTER_BOUND('',#772,.T.);
#504=FACE_OUTER_BOUND('',#773,.T.);
#505=FACE_OUTER_BOUND('',#774,.T.);
#506=FACE_OUTER_BOUND('',#775,.T.);
#507=FACE_OUTER_BOUND('',#776,.T.);
#508=FACE_OUTER_BOUND('',#777,.T.);
#509=FACE_OUTER_BOUND('',#778,.T.);
#510=FACE_OUTER_BOUND('',#779,.T.);
#511=FACE_OUTER_BOUND('',#780,.T.);
#512=FACE_OUTER_BOUND('',#781,.T.);
#513=FACE_OUTER_BOUND('',#782,.T.);
#514=FACE_OUTER_BOUND('',#783,.T.);
#515=FACE_OUTER_BOUND('',#784,.T.);
#516=FACE_OUTER_BOUND('',#785,.T.);
#517=FACE_OUTER_BOUND('',#786,.T.);
#518=FACE_OUTER_BOUND('',#787,.T.);
#519=FACE_OUTER_BOUND('',#788,.T.);
#520=FACE_OUTER_BOUND('',#789,.T.);
#521=FACE_OUTER_BOUND('',#790,.T.);
#522=FACE_OUTER_BOUND('',#791,.T.);
#523=FACE_OUTER_BOUND('',#792,.T.);
#524=FACE_OUTER_BOUND('',#793,.T.);
#525=FACE_OUTER_BOUND('',#794,.T.);
#526=FACE_OUTER_BOUND('',#795,.T.);
#527=FACE_OUTER_BOUND('',#796,.T.);
#528=FACE_OUTER_BOUND('',#797,.T.);
#529=FACE_OUTER_BOUND('',#798,.T.);
#530=FACE_OUTER_BOUND('',#799,.T.);
#531=FACE_OUTER_BOUND('',#800,.T.);
#532=FACE_OUTER_BOUND('',#801,.T.);
#533=FACE_OUTER_BOUND('',#802,.T.);
#534=FACE_OUTER_BOUND('',#803,.T.);
#535=FACE_OUTER_BOUND('',#804,.T.);
#536=FACE_OUTER_BOUND('',#805,.T.);
#537=FACE_OUTER_BOUND('',#806,.T.);
#538=FACE_OUTER_BOUND('',#807,.T.);
#539=FACE_OUTER_BOUND('',#808,.T.);
#540=FACE_OUTER_BOUND('',#809,.T.);
#541=FACE_OUTER_BOUND('',#810,.T.);
#542=FACE_OUTER_BOUND('',#811,.T.);
#543=FACE_OUTER_BOUND('',#812,.T.);
#544=FACE_OUTER_BOUND('',#813,.T.);
#545=FACE_OUTER_BOUND('',#814,.T.);
#546=FACE_OUTER_BOUND('',#815,.T.);
#547=FACE_OUTER_BOUND('',#816,.T.);
#548=FACE_OUTER_BOUND('',#817,.T.);
#549=FACE_OUTER_BOUND('',#819,.T.);
#550=FACE_OUTER_BOUND('',#820,.T.);
#551=FACE_OUTER_BOUND('',#821,.T.);
#552=FACE_OUTER_BOUND('',#822,.T.);
#553=FACE_OUTER_BOUND('',#823,.T.);
#554=FACE_OUTER_BOUND('',#824,.T.);
#555=FACE_OUTER_BOUND('',#825,.T.);
#556=FACE_OUTER_BOUND('',#826,.T.);
#557=FACE_OUTER_BOUND('',#827,.T.);
#558=FACE_OUTER_BOUND('',#828,.T.);
#559=FACE_OUTER_BOUND('',#829,.T.);
#560=FACE_OUTER_BOUND('',#830,.T.);
#561=FACE_OUTER_BOUND('',#831,.T.);
#562=FACE_OUTER_BOUND('',#832,.T.);
#563=FACE_OUTER_BOUND('',#833,.T.);
#564=FACE_OUTER_BOUND('',#834,.T.);
#565=FACE_OUTER_BOUND('',#835,.T.);
#566=FACE_OUTER_BOUND('',#836,.T.);
#567=EDGE_LOOP('',(#3155,#3156,#3157,#3158));
#568=EDGE_LOOP('',(#3159));
#569=EDGE_LOOP('',(#3160,#3161,#3162,#3163));
#570=EDGE_LOOP('',(#3164));
#571=EDGE_LOOP('',(#3165,#3166,#3167,#3168));
#572=EDGE_LOOP('',(#3169,#3170,#3171,#3172));
#573=EDGE_LOOP('',(#3173,#3174,#3175,#3176));
#574=EDGE_LOOP('',(#3177,#3178,#3179,#3180));
#575=EDGE_LOOP('',(#3181,#3182,#3183,#3184,#3185,#3186));
#576=EDGE_LOOP('',(#3187,#3188,#3189,#3190));
#577=EDGE_LOOP('',(#3191,#3192,#3193,#3194,#3195));
#578=EDGE_LOOP('',(#3196,#3197,#3198,#3199));
#579=EDGE_LOOP('',(#3200,#3201,#3202,#3203));
#580=EDGE_LOOP('',(#3204,#3205,#3206,#3207));
#581=EDGE_LOOP('',(#3208,#3209,#3210));
#582=EDGE_LOOP('',(#3211,#3212,#3213,#3214));
#583=EDGE_LOOP('',(#3215));
#584=EDGE_LOOP('',(#3216,#3217,#3218,#3219));
#585=EDGE_LOOP('',(#3220,#3221));
#586=EDGE_LOOP('',(#3222,#3223,#3224,#3225));
#587=EDGE_LOOP('',(#3226,#3227,#3228,#3229));
#588=EDGE_LOOP('',(#3230,#3231,#3232,#3233));
#589=EDGE_LOOP('',(#3234,#3235,#3236));
#590=EDGE_LOOP('',(#3237));
#591=EDGE_LOOP('',(#3238));
#592=EDGE_LOOP('',(#3239));
#593=EDGE_LOOP('',(#3240));
#594=EDGE_LOOP('',(#3241));
#595=EDGE_LOOP('',(#3242,#3243,#3244,#3245,#3246,#3247,#3248,#3249,#3250,
#3251,#3252,#3253,#3254,#3255,#3256,#3257,#3258,#3259,#3260,#3261,#3262,
#3263,#3264,#3265,#3266,#3267,#3268,#3269,#3270,#3271,#3272));
#596=EDGE_LOOP('',(#3273,#3274,#3275,#3276));
#597=EDGE_LOOP('',(#3277,#3278,#3279,#3280,#3281,#3282,#3283,#3284,#3285,
#3286,#3287,#3288));
#598=EDGE_LOOP('',(#3289,#3290,#3291,#3292,#3293,#3294,#3295,#3296,#3297,
#3298,#3299,#3300,#3301,#3302,#3303,#3304,#3305,#3306,#3307,#3308,#3309,
#3310,#3311));
#599=EDGE_LOOP('',(#3312,#3313,#3314,#3315));
#600=EDGE_LOOP('',(#3316,#3317,#3318,#3319));
#601=EDGE_LOOP('',(#3320,#3321,#3322,#3323));
#602=EDGE_LOOP('',(#3324,#3325,#3326,#3327));
#603=EDGE_LOOP('',(#3328,#3329,#3330,#3331));
#604=EDGE_LOOP('',(#3332,#3333,#3334,#3335));
#605=EDGE_LOOP('',(#3336,#3337,#3338,#3339));
#606=EDGE_LOOP('',(#3340,#3341,#3342,#3343));
#607=EDGE_LOOP('',(#3344,#3345,#3346,#3347));
#608=EDGE_LOOP('',(#3348,#3349,#3350,#3351));
#609=EDGE_LOOP('',(#3352,#3353,#3354,#3355));
#610=EDGE_LOOP('',(#3356,#3357,#3358,#3359));
#611=EDGE_LOOP('',(#3360,#3361,#3362,#3363,#3364,#3365,#3366,#3367,#3368,
#3369,#3370,#3371,#3372,#3373,#3374,#3375,#3376,#3377,#3378,#3379,#3380,
#3381));
#612=EDGE_LOOP('',(#3382,#3383,#3384,#3385));
#613=EDGE_LOOP('',(#3386,#3387,#3388,#3389));
#614=EDGE_LOOP('',(#3390,#3391,#3392,#3393));
#615=EDGE_LOOP('',(#3394,#3395,#3396,#3397));
#616=EDGE_LOOP('',(#3398,#3399,#3400,#3401));
#617=EDGE_LOOP('',(#3402,#3403,#3404,#3405));
#618=EDGE_LOOP('',(#3406,#3407,#3408,#3409));
#619=EDGE_LOOP('',(#3410,#3411,#3412,#3413));
#620=EDGE_LOOP('',(#3414,#3415,#3416,#3417));
#621=EDGE_LOOP('',(#3418,#3419,#3420,#3421));
#622=EDGE_LOOP('',(#3422,#3423,#3424));
#623=EDGE_LOOP('',(#3425));
#624=EDGE_LOOP('',(#3426,#3427,#3428,#3429,#3430,#3431,#3432,#3433,#3434,
#3435,#3436,#3437,#3438,#3439,#3440,#3441,#3442,#3443,#3444,#3445,#3446,
#3447,#3448,#3449,#3450,#3451,#3452,#3453,#3454,#3455,#3456,#3457,#3458,
#3459,#3460,#3461,#3462,#3463,#3464,#3465,#3466,#3467,#3468,#3469,#3470,
#3471,#3472,#3473,#3474,#3475,#3476,#3477,#3478,#3479,#3480,#3481,#3482,
#3483,#3484,#3485,#3486,#3487,#3488,#3489,#3490,#3491,#3492,#3493,#3494,
#3495,#3496,#3497,#3498,#3499,#3500,#3501,#3502,#3503,#3504,#3505,#3506,
#3507,#3508,#3509,#3510,#3511,#3512,#3513,#3514,#3515,#3516,#3517,#3518,
#3519,#3520,#3521,#3522,#3523,#3524,#3525,#3526));
#625=EDGE_LOOP('',(#3527,#3528,#3529,#3530,#3531,#3532,#3533,#3534,#3535,
#3536,#3537,#3538,#3539,#3540,#3541,#3542,#3543,#3544,#3545,#3546,#3547,
#3548,#3549,#3550,#3551,#3552,#3553));
#626=EDGE_LOOP('',(#3554,#3555,#3556,#3557));
#627=EDGE_LOOP('',(#3558));
#628=EDGE_LOOP('',(#3559));
#629=EDGE_LOOP('',(#3560,#3561,#3562,#3563,#3564,#3565,#3566));
#630=EDGE_LOOP('',(#3567,#3568,#3569,#3570,#3571,#3572,#3573));
#631=EDGE_LOOP('',(#3574,#3575,#3576,#3577));
#632=EDGE_LOOP('',(#3578));
#633=EDGE_LOOP('',(#3579,#3580,#3581,#3582));
#634=EDGE_LOOP('',(#3583,#3584,#3585,#3586,#3587,#3588));
#635=EDGE_LOOP('',(#3589,#3590,#3591,#3592));
#636=EDGE_LOOP('',(#3593,#3594,#3595,#3596));
#637=EDGE_LOOP('',(#3597,#3598,#3599,#3600));
#638=EDGE_LOOP('',(#3601,#3602,#3603,#3604));
#639=EDGE_LOOP('',(#3605,#3606,#3607,#3608,#3609,#3610));
#640=EDGE_LOOP('',(#3611,#3612,#3613,#3614));
#641=EDGE_LOOP('',(#3615,#3616,#3617,#3618));
#642=EDGE_LOOP('',(#3619,#3620,#3621,#3622));
#643=EDGE_LOOP('',(#3623,#3624,#3625,#3626));
#644=EDGE_LOOP('',(#3627,#3628,#3629,#3630));
#645=EDGE_LOOP('',(#3631,#3632,#3633,#3634));
#646=EDGE_LOOP('',(#3635,#3636,#3637,#3638));
#647=EDGE_LOOP('',(#3639,#3640,#3641,#3642));
#648=EDGE_LOOP('',(#3643,#3644,#3645,#3646,#3647,#3648,#3649,#3650,#3651,
#3652,#3653));
#649=EDGE_LOOP('',(#3654,#3655,#3656,#3657));
#650=EDGE_LOOP('',(#3658,#3659,#3660,#3661));
#651=EDGE_LOOP('',(#3662,#3663,#3664,#3665));
#652=EDGE_LOOP('',(#3666,#3667,#3668,#3669));
#653=EDGE_LOOP('',(#3670,#3671,#3672,#3673));
#654=EDGE_LOOP('',(#3674,#3675,#3676,#3677,#3678,#3679,#3680,#3681,#3682,
#3683,#3684));
#655=EDGE_LOOP('',(#3685,#3686,#3687,#3688));
#656=EDGE_LOOP('',(#3689,#3690,#3691,#3692));
#657=EDGE_LOOP('',(#3693,#3694,#3695,#3696));
#658=EDGE_LOOP('',(#3697,#3698,#3699,#3700));
#659=EDGE_LOOP('',(#3701,#3702,#3703,#3704,#3705,#3706,#3707,#3708,#3709,
#3710,#3711,#3712));
#660=EDGE_LOOP('',(#3713,#3714,#3715,#3716));
#661=EDGE_LOOP('',(#3717,#3718,#3719,#3720));
#662=EDGE_LOOP('',(#3721,#3722,#3723,#3724));
#663=EDGE_LOOP('',(#3725,#3726,#3727,#3728));
#664=EDGE_LOOP('',(#3729,#3730,#3731,#3732));
#665=EDGE_LOOP('',(#3733,#3734,#3735,#3736));
#666=EDGE_LOOP('',(#3737,#3738,#3739,#3740,#3741,#3742,#3743,#3744,#3745));
#667=EDGE_LOOP('',(#3746,#3747,#3748,#3749));
#668=EDGE_LOOP('',(#3750,#3751,#3752,#3753));
#669=EDGE_LOOP('',(#3754,#3755,#3756,#3757));
#670=EDGE_LOOP('',(#3758,#3759,#3760,#3761));
#671=EDGE_LOOP('',(#3762,#3763,#3764,#3765,#3766,#3767,#3768,#3769,#3770,
#3771,#3772,#3773,#3774,#3775,#3776,#3777,#3778,#3779,#3780,#3781,#3782,
#3783,#3784,#3785,#3786,#3787,#3788,#3789,#3790,#3791,#3792,#3793));
#672=EDGE_LOOP('',(#3794,#3795,#3796,#3797));
#673=EDGE_LOOP('',(#3798,#3799,#3800,#3801));
#674=EDGE_LOOP('',(#3802,#3803,#3804,#3805));
#675=EDGE_LOOP('',(#3806,#3807,#3808,#3809));
#676=EDGE_LOOP('',(#3810,#3811,#3812,#3813));
#677=EDGE_LOOP('',(#3814,#3815,#3816,#3817));
#678=EDGE_LOOP('',(#3818,#3819,#3820,#3821));
#679=EDGE_LOOP('',(#3822,#3823,#3824,#3825));
#680=EDGE_LOOP('',(#3826,#3827,#3828,#3829));
#681=EDGE_LOOP('',(#3830,#3831,#3832,#3833));
#682=EDGE_LOOP('',(#3834,#3835,#3836,#3837));
#683=EDGE_LOOP('',(#3838,#3839,#3840,#3841));
#684=EDGE_LOOP('',(#3842,#3843,#3844,#3845));
#685=EDGE_LOOP('',(#3846,#3847,#3848,#3849));
#686=EDGE_LOOP('',(#3850,#3851,#3852,#3853));
#687=EDGE_LOOP('',(#3854,#3855,#3856,#3857));
#688=EDGE_LOOP('',(#3858,#3859,#3860,#3861));
#689=EDGE_LOOP('',(#3862,#3863,#3864,#3865));
#690=EDGE_LOOP('',(#3866,#3867,#3868,#3869));
#691=EDGE_LOOP('',(#3870,#3871,#3872,#3873));
#692=EDGE_LOOP('',(#3874,#3875,#3876,#3877));
#693=EDGE_LOOP('',(#3878,#3879,#3880,#3881));
#694=EDGE_LOOP('',(#3882,#3883,#3884,#3885,#3886,#3887,#3888,#3889,#3890,
#3891,#3892,#3893));
#695=EDGE_LOOP('',(#3894,#3895,#3896,#3897,#3898,#3899,#3900,#3901));
#696=EDGE_LOOP('',(#3902,#3903,#3904,#3905,#3906,#3907,#3908,#3909));
#697=EDGE_LOOP('',(#3910,#3911,#3912,#3913,#3914,#3915,#3916,#3917));
#698=EDGE_LOOP('',(#3918,#3919,#3920,#3921,#3922,#3923,#3924,#3925));
#699=EDGE_LOOP('',(#3926,#3927,#3928,#3929,#3930,#3931));
#700=EDGE_LOOP('',(#3932,#3933,#3934,#3935,#3936));
#701=EDGE_LOOP('',(#3937,#3938,#3939,#3940,#3941,#3942,#3943,#3944));
#702=EDGE_LOOP('',(#3945,#3946,#3947,#3948,#3949,#3950,#3951,#3952,#3953,
#3954,#3955,#3956));
#703=EDGE_LOOP('',(#3957,#3958,#3959,#3960,#3961,#3962,#3963,#3964));
#704=EDGE_LOOP('',(#3965,#3966,#3967,#3968,#3969,#3970,#3971,#3972));
#705=EDGE_LOOP('',(#3973,#3974,#3975,#3976,#3977,#3978));
#706=EDGE_LOOP('',(#3979,#3980,#3981,#3982,#3983,#3984));
#707=EDGE_LOOP('',(#3985,#3986,#3987,#3988,#3989));
#708=EDGE_LOOP('',(#3990,#3991,#3992,#3993,#3994,#3995));
#709=EDGE_LOOP('',(#3996,#3997,#3998,#3999,#4000,#4001,#4002,#4003));
#710=EDGE_LOOP('',(#4004,#4005,#4006,#4007));
#711=EDGE_LOOP('',(#4008,#4009,#4010,#4011,#4012,#4013,#4014,#4015,#4016,
#4017,#4018,#4019,#4020,#4021,#4022,#4023,#4024,#4025,#4026,#4027,#4028));
#712=EDGE_LOOP('',(#4029,#4030,#4031,#4032));
#713=EDGE_LOOP('',(#4033,#4034,#4035,#4036));
#714=EDGE_LOOP('',(#4037,#4038,#4039,#4040));
#715=EDGE_LOOP('',(#4041,#4042,#4043,#4044));
#716=EDGE_LOOP('',(#4045,#4046,#4047,#4048));
#717=EDGE_LOOP('',(#4049,#4050,#4051,#4052));
#718=EDGE_LOOP('',(#4053,#4054,#4055,#4056));
#719=EDGE_LOOP('',(#4057,#4058,#4059,#4060));
#720=EDGE_LOOP('',(#4061,#4062,#4063,#4064));
#721=EDGE_LOOP('',(#4065,#4066,#4067,#4068));
#722=EDGE_LOOP('',(#4069,#4070,#4071,#4072));
#723=EDGE_LOOP('',(#4073,#4074,#4075,#4076));
#724=EDGE_LOOP('',(#4077,#4078,#4079,#4080));
#725=EDGE_LOOP('',(#4081,#4082,#4083,#4084));
#726=EDGE_LOOP('',(#4085,#4086,#4087,#4088));
#727=EDGE_LOOP('',(#4089,#4090,#4091,#4092));
#728=EDGE_LOOP('',(#4093,#4094,#4095,#4096));
#729=EDGE_LOOP('',(#4097,#4098,#4099,#4100));
#730=EDGE_LOOP('',(#4101,#4102,#4103,#4104));
#731=EDGE_LOOP('',(#4105,#4106,#4107,#4108));
#732=EDGE_LOOP('',(#4109,#4110,#4111,#4112,#4113,#4114,#4115,#4116));
#733=EDGE_LOOP('',(#4117,#4118,#4119,#4120,#4121,#4122,#4123,#4124));
#734=EDGE_LOOP('',(#4125,#4126,#4127,#4128));
#735=EDGE_LOOP('',(#4129,#4130,#4131,#4132));
#736=EDGE_LOOP('',(#4133,#4134,#4135,#4136));
#737=EDGE_LOOP('',(#4137,#4138,#4139,#4140));
#738=EDGE_LOOP('',(#4141,#4142,#4143,#4144));
#739=EDGE_LOOP('',(#4145,#4146,#4147,#4148,#4149,#4150,#4151,#4152));
#740=EDGE_LOOP('',(#4153,#4154,#4155,#4156));
#741=EDGE_LOOP('',(#4157,#4158,#4159,#4160));
#742=EDGE_LOOP('',(#4161,#4162,#4163,#4164));
#743=EDGE_LOOP('',(#4165,#4166,#4167,#4168));
#744=EDGE_LOOP('',(#4169,#4170,#4171,#4172));
#745=EDGE_LOOP('',(#4173,#4174,#4175,#4176));
#746=EDGE_LOOP('',(#4177,#4178,#4179,#4180));
#747=EDGE_LOOP('',(#4181,#4182,#4183,#4184));
#748=EDGE_LOOP('',(#4185,#4186,#4187,#4188));
#749=EDGE_LOOP('',(#4189,#4190,#4191,#4192));
#750=EDGE_LOOP('',(#4193,#4194,#4195,#4196,#4197,#4198,#4199,#4200));
#751=EDGE_LOOP('',(#4201,#4202,#4203,#4204));
#752=EDGE_LOOP('',(#4205,#4206,#4207,#4208,#4209,#4210,#4211,#4212));
#753=EDGE_LOOP('',(#4213,#4214,#4215,#4216));
#754=EDGE_LOOP('',(#4217,#4218,#4219,#4220));
#755=EDGE_LOOP('',(#4221,#4222,#4223,#4224));
#756=EDGE_LOOP('',(#4225,#4226,#4227,#4228));
#757=EDGE_LOOP('',(#4229,#4230,#4231,#4232));
#758=EDGE_LOOP('',(#4233,#4234,#4235,#4236));
#759=EDGE_LOOP('',(#4237,#4238,#4239,#4240));
#760=EDGE_LOOP('',(#4241,#4242,#4243,#4244));
#761=EDGE_LOOP('',(#4245,#4246,#4247,#4248));
#762=EDGE_LOOP('',(#4249,#4250,#4251,#4252));
#763=EDGE_LOOP('',(#4253,#4254,#4255,#4256));
#764=EDGE_LOOP('',(#4257,#4258,#4259,#4260));
#765=EDGE_LOOP('',(#4261,#4262,#4263,#4264,#4265,#4266,#4267,#4268));
#766=EDGE_LOOP('',(#4269,#4270,#4271,#4272));
#767=EDGE_LOOP('',(#4273,#4274,#4275,#4276));
#768=EDGE_LOOP('',(#4277,#4278,#4279,#4280));
#769=EDGE_LOOP('',(#4281,#4282,#4283,#4284));
#770=EDGE_LOOP('',(#4285,#4286,#4287,#4288,#4289,#4290,#4291,#4292));
#771=EDGE_LOOP('',(#4293,#4294,#4295,#4296));
#772=EDGE_LOOP('',(#4297,#4298,#4299,#4300));
#773=EDGE_LOOP('',(#4301,#4302,#4303,#4304));
#774=EDGE_LOOP('',(#4305,#4306,#4307,#4308));
#775=EDGE_LOOP('',(#4309,#4310,#4311,#4312));
#776=EDGE_LOOP('',(#4313,#4314,#4315,#4316,#4317,#4318,#4319,#4320));
#777=EDGE_LOOP('',(#4321,#4322,#4323,#4324,#4325,#4326,#4327,#4328));
#778=EDGE_LOOP('',(#4329,#4330,#4331,#4332));
#779=EDGE_LOOP('',(#4333,#4334,#4335,#4336));
#780=EDGE_LOOP('',(#4337,#4338,#4339,#4340));
#781=EDGE_LOOP('',(#4341,#4342,#4343,#4344));
#782=EDGE_LOOP('',(#4345,#4346,#4347,#4348));
#783=EDGE_LOOP('',(#4349,#4350,#4351,#4352));
#784=EDGE_LOOP('',(#4353,#4354,#4355,#4356));
#785=EDGE_LOOP('',(#4357,#4358,#4359,#4360));
#786=EDGE_LOOP('',(#4361,#4362,#4363,#4364));
#787=EDGE_LOOP('',(#4365,#4366,#4367,#4368));
#788=EDGE_LOOP('',(#4369,#4370,#4371,#4372,#4373,#4374));
#789=EDGE_LOOP('',(#4375,#4376,#4377,#4378,#4379));
#790=EDGE_LOOP('',(#4380,#4381,#4382,#4383));
#791=EDGE_LOOP('',(#4384,#4385,#4386,#4387));
#792=EDGE_LOOP('',(#4388,#4389,#4390,#4391));
#793=EDGE_LOOP('',(#4392,#4393,#4394,#4395));
#794=EDGE_LOOP('',(#4396,#4397,#4398,#4399));
#795=EDGE_LOOP('',(#4400,#4401,#4402,#4403));
#796=EDGE_LOOP('',(#4404,#4405,#4406,#4407));
#797=EDGE_LOOP('',(#4408,#4409,#4410,#4411));
#798=EDGE_LOOP('',(#4412,#4413,#4414,#4415));
#799=EDGE_LOOP('',(#4416,#4417,#4418,#4419,#4420));
#800=EDGE_LOOP('',(#4421,#4422,#4423,#4424));
#801=EDGE_LOOP('',(#4425,#4426,#4427,#4428));
#802=EDGE_LOOP('',(#4429,#4430,#4431,#4432));
#803=EDGE_LOOP('',(#4433,#4434,#4435,#4436));
#804=EDGE_LOOP('',(#4437,#4438,#4439,#4440));
#805=EDGE_LOOP('',(#4441,#4442,#4443,#4444));
#806=EDGE_LOOP('',(#4445,#4446,#4447,#4448));
#807=EDGE_LOOP('',(#4449,#4450,#4451,#4452));
#808=EDGE_LOOP('',(#4453,#4454,#4455,#4456));
#809=EDGE_LOOP('',(#4457,#4458,#4459,#4460));
#810=EDGE_LOOP('',(#4461,#4462,#4463,#4464));
#811=EDGE_LOOP('',(#4465,#4466,#4467,#4468,#4469));
#812=EDGE_LOOP('',(#4470,#4471,#4472,#4473));
#813=EDGE_LOOP('',(#4474,#4475,#4476,#4477));
#814=EDGE_LOOP('',(#4478,#4479,#4480,#4481));
#815=EDGE_LOOP('',(#4482,#4483,#4484,#4485));
#816=EDGE_LOOP('',(#4486,#4487,#4488,#4489));
#817=EDGE_LOOP('',(#4490,#4491,#4492,#4493,#4494,#4495,#4496,#4497));
#818=EDGE_LOOP('',(#4498));
#819=EDGE_LOOP('',(#4499,#4500,#4501,#4502));
#820=EDGE_LOOP('',(#4503,#4504,#4505,#4506));
#821=EDGE_LOOP('',(#4507,#4508,#4509,#4510));
#822=EDGE_LOOP('',(#4511,#4512,#4513,#4514));
#823=EDGE_LOOP('',(#4515,#4516,#4517,#4518));
#824=EDGE_LOOP('',(#4519,#4520,#4521,#4522));
#825=EDGE_LOOP('',(#4523,#4524,#4525,#4526));
#826=EDGE_LOOP('',(#4527,#4528,#4529,#4530));
#827=EDGE_LOOP('',(#4531,#4532,#4533,#4534));
#828=EDGE_LOOP('',(#4535,#4536,#4537,#4538));
#829=EDGE_LOOP('',(#4539,#4540,#4541,#4542));
#830=EDGE_LOOP('',(#4543,#4544,#4545,#4546));
#831=EDGE_LOOP('',(#4547,#4548,#4549,#4550,#4551));
#832=EDGE_LOOP('',(#4552,#4553,#4554,#4555,#4556));
#833=EDGE_LOOP('',(#4557,#4558,#4559,#4560));
#834=EDGE_LOOP('',(#4561,#4562,#4563,#4564));
#835=EDGE_LOOP('',(#4565,#4566,#4567,#4568));
#836=EDGE_LOOP('',(#4569,#4570,#4571,#4572,#4573,#4574,#4575,#4576,#4577,
#4578,#4579,#4580,#4581,#4582,#4583,#4584,#4585,#4586,#4587,#4588,#4589,
#4590,#4591,#4592,#4593,#4594,#4595,#4596,#4597,#4598,#4599,#4600,#4601,
#4602,#4603,#4604,#4605));
#837=EDGE_LOOP('',(#4606,#4607,#4608,#4609,#4610,#4611,#4612,#4613,#4614,
#4615,#4616,#4617,#4618,#4619,#4620,#4621,#4622,#4623,#4624,#4625,#4626,
#4627,#4628,#4629,#4630,#4631,#4632));
#838=EDGE_LOOP('',(#4633,#4634,#4635,#4636));
#839=LINE('',#6969,#1384);
#840=LINE('',#6971,#1385);
#841=LINE('',#6973,#1386);
#842=LINE('',#6974,#1387);
#843=LINE('',#6980,#1388);
#844=LINE('',#6982,#1389);
#845=LINE('',#6984,#1390);
#846=LINE('',#6985,#1391);
#847=LINE('',#6989,#1392);
#848=LINE('',#6990,#1393);
#849=LINE('',#6992,#1394);
#850=LINE('',#6994,#1395);
#851=LINE('',#7025,#1396);
#852=LINE('',#7027,#1397);
#853=LINE('',#7029,#1398);
#854=LINE('',#7030,#1399);
#855=LINE('',#7034,#1400);
#856=LINE('',#7036,#1401);
#857=LINE('',#7037,#1402);
#858=LINE('',#7038,#1403);
#859=LINE('',#7041,#1404);
#860=LINE('',#7043,#1405);
#861=LINE('',#7044,#1406);
#862=LINE('',#7047,#1407);
#863=LINE('',#7048,#1408);
#864=LINE('',#7051,#1409);
#865=LINE('',#7052,#1410);
#866=LINE('',#7056,#1411);
#867=LINE('',#7060,#1412);
#868=LINE('',#7071,#1413);
#869=LINE('',#7073,#1414);
#870=LINE('',#7074,#1415);
#871=LINE('',#7077,#1416);
#872=LINE('',#7079,#1417);
#873=LINE('',#7080,#1418);
#874=LINE('',#7116,#1419);
#875=LINE('',#7118,#1420);
#876=LINE('',#7122,#1421);
#877=LINE('',#7124,#1422);
#878=LINE('',#7126,#1423);
#879=LINE('',#7130,#1424);
#880=LINE('',#7132,#1425);
#881=LINE('',#7134,#1426);
#882=LINE('',#7138,#1427);
#883=LINE('',#7142,#1428);
#884=LINE('',#7144,#1429);
#885=LINE('',#7146,#1430);
#886=LINE('',#7150,#1431);
#887=LINE('',#7152,#1432);
#888=LINE('',#7154,#1433);
#889=LINE('',#7158,#1434);
#890=LINE('',#7160,#1435);
#891=LINE('',#7162,#1436);
#892=LINE('',#7166,#1437);
#893=LINE('',#7168,#1438);
#894=LINE('',#7172,#1439);
#895=LINE('',#7175,#1440);
#896=LINE('',#7178,#1441);
#897=LINE('',#7180,#1442);
#898=LINE('',#7181,#1443);
#899=LINE('',#7184,#1444);
#900=LINE('',#7188,#1445);
#901=LINE('',#7190,#1446);
#902=LINE('',#7192,#1447);
#903=LINE('',#7196,#1448);
#904=LINE('',#7200,#1449);
#905=LINE('',#7202,#1450);
#906=LINE('',#7209,#1451);
#907=LINE('',#7213,#1452);
#908=LINE('',#7217,#1453);
#909=LINE('',#7223,#1454);
#910=LINE('',#7227,#1455);
#911=LINE('',#7231,#1456);
#912=LINE('',#7237,#1457);
#913=LINE('',#7241,#1458);
#914=LINE('',#7247,#1459);
#915=LINE('',#7250,#1460);
#916=LINE('',#7253,#1461);
#917=LINE('',#7256,#1462);
#918=LINE('',#7259,#1463);
#919=LINE('',#7260,#1464);
#920=LINE('',#7263,#1465);
#921=LINE('',#7267,#1466);
#922=LINE('',#7268,#1467);
#923=LINE('',#7271,#1468);
#924=LINE('',#7275,#1469);
#925=LINE('',#7279,#1470);
#926=LINE('',#7280,#1471);
#927=LINE('',#7283,#1472);
#928=LINE('',#7287,#1473);
#929=LINE('',#7288,#1474);
#930=LINE('',#7291,#1475);
#931=LINE('',#7295,#1476);
#932=LINE('',#7300,#1477);
#933=LINE('',#7302,#1478);
#934=LINE('',#7304,#1479);
#935=LINE('',#7305,#1480);
#936=LINE('',#7310,#1481);
#937=LINE('',#7314,#1482);
#938=LINE('',#7320,#1483);
#939=LINE('',#7324,#1484);
#940=LINE('',#7328,#1485);
#941=LINE('',#7334,#1486);
#942=LINE('',#7338,#1487);
#943=LINE('',#7344,#1488);
#944=LINE('',#7347,#1489);
#945=LINE('',#7350,#1490);
#946=LINE('',#7353,#1491);
#947=LINE('',#7356,#1492);
#948=LINE('',#7357,#1493);
#949=LINE('',#7360,#1494);
#950=LINE('',#7364,#1495);
#951=LINE('',#7365,#1496);
#952=LINE('',#7368,#1497);
#953=LINE('',#7372,#1498);
#954=LINE('',#7376,#1499);
#955=LINE('',#7377,#1500);
#956=LINE('',#7380,#1501);
#957=LINE('',#7384,#1502);
#958=LINE('',#7385,#1503);
#959=LINE('',#7388,#1504);
#960=LINE('',#7394,#1505);
#961=LINE('',#7400,#1506);
#962=LINE('',#7404,#1507);
#963=LINE('',#7408,#1508);
#964=LINE('',#7412,#1509);
#965=LINE('',#7416,#1510);
#966=LINE('',#7419,#1511);
#967=LINE('',#7423,#1512);
#968=LINE('',#7427,#1513);
#969=LINE('',#7431,#1514);
#970=LINE('',#7437,#1515);
#971=LINE('',#7441,#1516);
#972=LINE('',#7445,#1517);
#973=LINE('',#7449,#1518);
#974=LINE('',#7453,#1519);
#975=LINE('',#7457,#1520);
#976=LINE('',#7461,#1521);
#977=LINE('',#7464,#1522);
#978=LINE('',#7468,#1523);
#979=LINE('',#7470,#1524);
#980=LINE('',#7472,#1525);
#981=LINE('',#7476,#1526);
#982=LINE('',#7480,#1527);
#983=LINE('',#7484,#1528);
#984=LINE('',#7488,#1529);
#985=LINE('',#7492,#1530);
#986=LINE('',#7496,#1531);
#987=LINE('',#7502,#1532);
#988=LINE('',#7506,#1533);
#989=LINE('',#7512,#1534);
#990=LINE('',#7516,#1535);
#991=LINE('',#7520,#1536);
#992=LINE('',#7526,#1537);
#993=LINE('',#7530,#1538);
#994=LINE('',#7532,#1539);
#995=LINE('',#7535,#1540);
#996=LINE('',#7537,#1541);
#997=LINE('',#7541,#1542);
#998=LINE('',#7547,#1543);
#999=LINE('',#7551,#1544);
#1000=LINE('',#7555,#1545);
#1001=LINE('',#7557,#1546);
#1002=LINE('',#7561,#1547);
#1003=LINE('',#7563,#1548);
#1004=LINE('',#7567,#1549);
#1005=LINE('',#7571,#1550);
#1006=LINE('',#7573,#1551);
#1007=LINE('',#7575,#1552);
#1008=LINE('',#7577,#1553);
#1009=LINE('',#7579,#1554);
#1010=LINE('',#7583,#1555);
#1011=LINE('',#7585,#1556);
#1012=LINE('',#7587,#1557);
#1013=LINE('',#7589,#1558);
#1014=LINE('',#7591,#1559);
#1015=LINE('',#7593,#1560);
#1016=LINE('',#7595,#1561);
#1017=LINE('',#7596,#1562);
#1018=LINE('',#7598,#1563);
#1019=LINE('',#7600,#1564);
#1020=LINE('',#7601,#1565);
#1021=LINE('',#7607,#1566);
#1022=LINE('',#7608,#1567);
#1023=LINE('',#7611,#1568);
#1024=LINE('',#7612,#1569);
#1025=LINE('',#7614,#1570);
#1026=LINE('',#7619,#1571);
#1027=LINE('',#7620,#1572);
#1028=LINE('',#7623,#1573);
#1029=LINE('',#7627,#1574);
#1030=LINE('',#7629,#1575);
#1031=LINE('',#7630,#1576);
#1032=LINE('',#7632,#1577);
#1033=LINE('',#7637,#1578);
#1034=LINE('',#7638,#1579);
#1035=LINE('',#7641,#1580);
#1036=LINE('',#7642,#1581);
#1037=LINE('',#7647,#1582);
#1038=LINE('',#7648,#1583);
#1039=LINE('',#7651,#1584);
#1040=LINE('',#7653,#1585);
#1041=LINE('',#7655,#1586);
#1042=LINE('',#7657,#1587);
#1043=LINE('',#7658,#1588);
#1044=LINE('',#7660,#1589);
#1045=LINE('',#7665,#1590);
#1046=LINE('',#7666,#1591);
#1047=LINE('',#7669,#1592);
#1048=LINE('',#7670,#1593);
#1049=LINE('',#7672,#1594);
#1050=LINE('',#7674,#1595);
#1051=LINE('',#7679,#1596);
#1052=LINE('',#7680,#1597);
#1053=LINE('',#7682,#1598);
#1054=LINE('',#7687,#1599);
#1055=LINE('',#7688,#1600);
#1056=LINE('',#7691,#1601);
#1057=LINE('',#7693,#1602);
#1058=LINE('',#7695,#1603);
#1059=LINE('',#7697,#1604);
#1060=LINE('',#7699,#1605);
#1061=LINE('',#7701,#1606);
#1062=LINE('',#7705,#1607);
#1063=LINE('',#7707,#1608);
#1064=LINE('',#7708,#1609);
#1065=LINE('',#7710,#1610);
#1066=LINE('',#7712,#1611);
#1067=LINE('',#7718,#1612);
#1068=LINE('',#7721,#1613);
#1069=LINE('',#7724,#1614);
#1070=LINE('',#7726,#1615);
#1071=LINE('',#7727,#1616);
#1072=LINE('',#7733,#1617);
#1073=LINE('',#7736,#1618);
#1074=LINE('',#7739,#1619);
#1075=LINE('',#7741,#1620);
#1076=LINE('',#7743,#1621);
#1077=LINE('',#7747,#1622);
#1078=LINE('',#7749,#1623);
#1079=LINE('',#7751,#1624);
#1080=LINE('',#7753,#1625);
#1081=LINE('',#7755,#1626);
#1082=LINE('',#7756,#1627);
#1083=LINE('',#7759,#1628);
#1084=LINE('',#7760,#1629);
#1085=LINE('',#7766,#1630);
#1086=LINE('',#7769,#1631);
#1087=LINE('',#7772,#1632);
#1088=LINE('',#7774,#1633);
#1089=LINE('',#7775,#1634);
#1090=LINE('',#7781,#1635);
#1091=LINE('',#7784,#1636);
#1092=LINE('',#7787,#1637);
#1093=LINE('',#7789,#1638);
#1094=LINE('',#7793,#1639);
#1095=LINE('',#7797,#1640);
#1096=LINE('',#7799,#1641);
#1097=LINE('',#7801,#1642);
#1098=LINE('',#7805,#1643);
#1099=LINE('',#7806,#1644);
#1100=LINE('',#7809,#1645);
#1101=LINE('',#7810,#1646);
#1102=LINE('',#7816,#1647);
#1103=LINE('',#7819,#1648);
#1104=LINE('',#7822,#1649);
#1105=LINE('',#7824,#1650);
#1106=LINE('',#7825,#1651);
#1107=LINE('',#7831,#1652);
#1108=LINE('',#7834,#1653);
#1109=LINE('',#7836,#1654);
#1110=LINE('',#7837,#1655);
#1111=LINE('',#7842,#1656);
#1112=LINE('',#7845,#1657);
#1113=LINE('',#7847,#1658);
#1114=LINE('',#7849,#1659);
#1115=LINE('',#7856,#1660);
#1116=LINE('',#7859,#1661);
#1117=LINE('',#7862,#1662);
#1118=LINE('',#7864,#1663);
#1119=LINE('',#7865,#1664);
#1120=LINE('',#7871,#1665);
#1121=LINE('',#7874,#1666);
#1122=LINE('',#7877,#1667);
#1123=LINE('',#7879,#1668);
#1124=LINE('',#7880,#1669);
#1125=LINE('',#7884,#1670);
#1126=LINE('',#7885,#1671);
#1127=LINE('',#7886,#1672);
#1128=LINE('',#7890,#1673);
#1129=LINE('',#7891,#1674);
#1130=LINE('',#7893,#1675);
#1131=LINE('',#7894,#1676);
#1132=LINE('',#7896,#1677);
#1133=LINE('',#7897,#1678);
#1134=LINE('',#7899,#1679);
#1135=LINE('',#7900,#1680);
#1136=LINE('',#7902,#1681);
#1137=LINE('',#7903,#1682);
#1138=LINE('',#7904,#1683);
#1139=LINE('',#7910,#1684);
#1140=LINE('',#7912,#1685);
#1141=LINE('',#7913,#1686);
#1142=LINE('',#7915,#1687);
#1143=LINE('',#7918,#1688);
#1144=LINE('',#7919,#1689);
#1145=LINE('',#7921,#1690);
#1146=LINE('',#7924,#1691);
#1147=LINE('',#7926,#1692);
#1148=LINE('',#7927,#1693);
#1149=LINE('',#7929,#1694);
#1150=LINE('',#7930,#1695);
#1151=LINE('',#7933,#1696);
#1152=LINE('',#7934,#1697);
#1153=LINE('',#7936,#1698);
#1154=LINE('',#7939,#1699);
#1155=LINE('',#7940,#1700);
#1156=LINE('',#7943,#1701);
#1157=LINE('',#7944,#1702);
#1158=LINE('',#7946,#1703);
#1159=LINE('',#7950,#1704);
#1160=LINE('',#7951,#1705);
#1161=LINE('',#7954,#1706);
#1162=LINE('',#7956,#1707);
#1163=LINE('',#7957,#1708);
#1164=LINE('',#7961,#1709);
#1165=LINE('',#7963,#1710);
#1166=LINE('',#7965,#1711);
#1167=LINE('',#7966,#1712);
#1168=LINE('',#7969,#1713);
#1169=LINE('',#7971,#1714);
#1170=LINE('',#7972,#1715);
#1171=LINE('',#7975,#1716);
#1172=LINE('',#7977,#1717);
#1173=LINE('',#7978,#1718);
#1174=LINE('',#7980,#1719);
#1175=LINE('',#7983,#1720);
#1176=LINE('',#7986,#1721);
#1177=LINE('',#7987,#1722);
#1178=LINE('',#7989,#1723);
#1179=LINE('',#7991,#1724);
#1180=LINE('',#7994,#1725);
#1181=LINE('',#7996,#1726);
#1182=LINE('',#7998,#1727);
#1183=LINE('',#7999,#1728);
#1184=LINE('',#8002,#1729);
#1185=LINE('',#8004,#1730);
#1186=LINE('',#8005,#1731);
#1187=LINE('',#8011,#1732);
#1188=LINE('',#8013,#1733);
#1189=LINE('',#8016,#1734);
#1190=LINE('',#8020,#1735);
#1191=LINE('',#8022,#1736);
#1192=LINE('',#8025,#1737);
#1193=LINE('',#8029,#1738);
#1194=LINE('',#8032,#1739);
#1195=LINE('',#8034,#1740);
#1196=LINE('',#8036,#1741);
#1197=LINE('',#8038,#1742);
#1198=LINE('',#8041,#1743);
#1199=LINE('',#8045,#1744);
#1200=LINE('',#8046,#1745);
#1201=LINE('',#8048,#1746);
#1202=LINE('',#8050,#1747);
#1203=LINE('',#8051,#1748);
#1204=LINE('',#8052,#1749);
#1205=LINE('',#8055,#1750);
#1206=LINE('',#8056,#1751);
#1207=LINE('',#8057,#1752);
#1208=LINE('',#8060,#1753);
#1209=LINE('',#8061,#1754);
#1210=LINE('',#8063,#1755);
#1211=LINE('',#8064,#1756);
#1212=LINE('',#8069,#1757);
#1213=LINE('',#8071,#1758);
#1214=LINE('',#8072,#1759);
#1215=LINE('',#8074,#1760);
#1216=LINE('',#8079,#1761);
#1217=LINE('',#8083,#1762);
#1218=LINE('',#8085,#1763);
#1219=LINE('',#8088,#1764);
#1220=LINE('',#8092,#1765);
#1221=LINE('',#8094,#1766);
#1222=LINE('',#8096,#1767);
#1223=LINE('',#8097,#1768);
#1224=LINE('',#8100,#1769);
#1225=LINE('',#8104,#1770);
#1226=LINE('',#8110,#1771);
#1227=LINE('',#8114,#1772);
#1228=LINE('',#8118,#1773);
#1229=LINE('',#8124,#1774);
#1230=LINE('',#8128,#1775);
#1231=LINE('',#8134,#1776);
#1232=LINE('',#8137,#1777);
#1233=LINE('',#8139,#1778);
#1234=LINE('',#8140,#1779);
#1235=LINE('',#8142,#1780);
#1236=LINE('',#8144,#1781);
#1237=LINE('',#8146,#1782);
#1238=LINE('',#8148,#1783);
#1239=LINE('',#8150,#1784);
#1240=LINE('',#8152,#1785);
#1241=LINE('',#8154,#1786);
#1242=LINE('',#8156,#1787);
#1243=LINE('',#8158,#1788);
#1244=LINE('',#8160,#1789);
#1245=LINE('',#8162,#1790);
#1246=LINE('',#8164,#1791);
#1247=LINE('',#8166,#1792);
#1248=LINE('',#8168,#1793);
#1249=LINE('',#8170,#1794);
#1250=LINE('',#8172,#1795);
#1251=LINE('',#8174,#1796);
#1252=LINE('',#8176,#1797);
#1253=LINE('',#8178,#1798);
#1254=LINE('',#8181,#1799);
#1255=LINE('',#8184,#1800);
#1256=LINE('',#8186,#1801);
#1257=LINE('',#8189,#1802);
#1258=LINE('',#8190,#1803);
#1259=LINE('',#8194,#1804);
#1260=LINE('',#8197,#1805);
#1261=LINE('',#8198,#1806);
#1262=LINE('',#8201,#1807);
#1263=LINE('',#8202,#1808);
#1264=LINE('',#8206,#1809);
#1265=LINE('',#8209,#1810);
#1266=LINE('',#8210,#1811);
#1267=LINE('',#8213,#1812);
#1268=LINE('',#8214,#1813);
#1269=LINE('',#8218,#1814);
#1270=LINE('',#8221,#1815);
#1271=LINE('',#8222,#1816);
#1272=LINE('',#8227,#1817);
#1273=LINE('',#8228,#1818);
#1274=LINE('',#8231,#1819);
#1275=LINE('',#8232,#1820);
#1276=LINE('',#8235,#1821);
#1277=LINE('',#8236,#1822);
#1278=LINE('',#8239,#1823);
#1279=LINE('',#8240,#1824);
#1280=LINE('',#8244,#1825);
#1281=LINE('',#8246,#1826);
#1282=LINE('',#8249,#1827);
#1283=LINE('',#8250,#1828);
#1284=LINE('',#8253,#1829);
#1285=LINE('',#8254,#1830);
#1286=LINE('',#8257,#1831);
#1287=LINE('',#8258,#1832);
#1288=LINE('',#8261,#1833);
#1289=LINE('',#8262,#1834);
#1290=LINE('',#8265,#1835);
#1291=LINE('',#8266,#1836);
#1292=LINE('',#8268,#1837);
#1293=LINE('',#8270,#1838);
#1294=LINE('',#8271,#1839);
#1295=LINE('',#8275,#1840);
#1296=LINE('',#8277,#1841);
#1297=LINE('',#8279,#1842);
#1298=LINE('',#8281,#1843);
#1299=LINE('',#8283,#1844);
#1300=LINE('',#8285,#1845);
#1301=LINE('',#8287,#1846);
#1302=LINE('',#8289,#1847);
#1303=LINE('',#8291,#1848);
#1304=LINE('',#8293,#1849);
#1305=LINE('',#8295,#1850);
#1306=LINE('',#8297,#1851);
#1307=LINE('',#8299,#1852);
#1308=LINE('',#8301,#1853);
#1309=LINE('',#8303,#1854);
#1310=LINE('',#8305,#1855);
#1311=LINE('',#8308,#1856);
#1312=LINE('',#8310,#1857);
#1313=LINE('',#8316,#1858);
#1314=LINE('',#8317,#1859);
#1315=LINE('',#8320,#1860);
#1316=LINE('',#8321,#1861);
#1317=LINE('',#8325,#1862);
#1318=LINE('',#8328,#1863);
#1319=LINE('',#8329,#1864);
#1320=LINE('',#8333,#1865);
#1321=LINE('',#8336,#1866);
#1322=LINE('',#8337,#1867);
#1323=LINE('',#8340,#1868);
#1324=LINE('',#8341,#1869);
#1325=LINE('',#8344,#1870);
#1326=LINE('',#8345,#1871);
#1327=LINE('',#8349,#1872);
#1328=LINE('',#8351,#1873);
#1329=LINE('',#8355,#1874);
#1330=LINE('',#8358,#1875);
#1331=LINE('',#8359,#1876);
#1332=LINE('',#8363,#1877);
#1333=LINE('',#8366,#1878);
#1334=LINE('',#8367,#1879);
#1335=LINE('',#8371,#1880);
#1336=LINE('',#8374,#1881);
#1337=LINE('',#8375,#1882);
#1338=LINE('',#8379,#1883);
#1339=LINE('',#8382,#1884);
#1340=LINE('',#8383,#1885);
#1341=LINE('',#8387,#1886);
#1342=LINE('',#8390,#1887);
#1343=LINE('',#8391,#1888);
#1344=LINE('',#8394,#1889);
#1345=LINE('',#8396,#1890);
#1346=LINE('',#8398,#1891);
#1347=LINE('',#8400,#1892);
#1348=LINE('',#8402,#1893);
#1349=LINE('',#8404,#1894);
#1350=LINE('',#8406,#1895);
#1351=LINE('',#8408,#1896);
#1352=LINE('',#8410,#1897);
#1353=LINE('',#8412,#1898);
#1354=LINE('',#8414,#1899);
#1355=LINE('',#8418,#1900);
#1356=LINE('',#8419,#1901);
#1357=LINE('',#8423,#1902);
#1358=LINE('',#8426,#1903);
#1359=LINE('',#8427,#1904);
#1360=LINE('',#8431,#1905);
#1361=LINE('',#8434,#1906);
#1362=LINE('',#8435,#1907);
#1363=LINE('',#8439,#1908);
#1364=LINE('',#8442,#1909);
#1365=LINE('',#8443,#1910);
#1366=LINE('',#8444,#1911);
#1367=LINE('',#8446,#1912);
#1368=LINE('',#8448,#1913);
#1369=LINE('',#8450,#1914);
#1370=LINE('',#8452,#1915);
#1371=LINE('',#8454,#1916);
#1372=LINE('',#8456,#1917);
#1373=LINE('',#8458,#1918);
#1374=LINE('',#8460,#1919);
#1375=LINE('',#8462,#1920);
#1376=LINE('',#8464,#1921);
#1377=LINE('',#8469,#1922);
#1378=LINE('',#8471,#1923);
#1379=LINE('',#8475,#1924);
#1380=LINE('',#8478,#1925);
#1381=LINE('',#8479,#1926);
#1382=LINE('',#8483,#1927);
#1383=LINE('',#8485,#1928);
#1384=VECTOR('',#5530,6.4);
#1385=VECTOR('',#5531,3.5999900477998);
#1386=VECTOR('',#5532,6.4);
#1387=VECTOR('',#5533,3.5999900477998);
#1388=VECTOR('',#5538,6.4);
#1389=VECTOR('',#5539,3.5999900477998);
#1390=VECTOR('',#5540,6.4);
#1391=VECTOR('',#5541,3.5999900477998);
#1392=VECTOR('',#5546,0.5);
#1393=VECTOR('',#5547,0.5);
#1394=VECTOR('',#5550,0.5);
#1395=VECTOR('',#5553,0.5);
#1396=VECTOR('',#5564,5.94780501896518);
#1397=VECTOR('',#5565,0.8);
#1398=VECTOR('',#5566,5.94780501896518);
#1399=VECTOR('',#5567,0.8);
#1400=VECTOR('',#5570,4.40912686030943);
#1401=VECTOR('',#5571,6.21225290971403);
#1402=VECTOR('',#5572,4.3999900477998);
#1403=VECTOR('',#5573,0.478202395332576);
#1404=VECTOR('',#5576,7.2);
#1405=VECTOR('',#5577,4.3999900477998);
#1406=VECTOR('',#5578,7.2);
#1407=VECTOR('',#5581,7.2);
#1408=VECTOR('',#5582,6.21225290971403);
#1409=VECTOR('',#5585,7.2);
#1410=VECTOR('',#5586,4.40912686030943);
#1411=VECTOR('',#5589,1.25);
#1412=VECTOR('',#5592,1.25);
#1413=VECTOR('',#5609,4.);
#1414=VECTOR('',#5610,4.12489418816712);
#1415=VECTOR('',#5611,4.);
#1416=VECTOR('',#5614,4.);
#1417=VECTOR('',#5615,4.12489418816712);
#1418=VECTOR('',#5616,4.);
#1419=VECTOR('',#5635,1.);
#1420=VECTOR('',#5636,8.75830561567572);
#1421=VECTOR('',#5639,8.66243151356217);
#1422=VECTOR('',#5640,1.06417777246421);
#1423=VECTOR('',#5641,9.02640174779415);
#1424=VECTOR('',#5644,7.83673498732232);
#1425=VECTOR('',#5645,1.);
#1426=VECTOR('',#5646,7.83673498732232);
#1427=VECTOR('',#5649,8.95246823974574);
#1428=VECTOR('',#5652,7.83673498732232);
#1429=VECTOR('',#5653,1.);
#1430=VECTOR('',#5654,7.83673498732232);
#1431=VECTOR('',#5657,4.48770381894379);
#1432=VECTOR('',#5658,1.10193556501797);
#1433=VECTOR('',#5659,4.02481939551665);
#1434=VECTOR('',#5662,7.35754009041863);
#1435=VECTOR('',#5663,2.38058467567211);
#1436=VECTOR('',#5664,8.20206934480731);
#1437=VECTOR('',#5667,9.10630132288796);
#1438=VECTOR('',#5668,8.76790658665135);
#1439=VECTOR('',#5671,8.95246823974574);
#1440=VECTOR('',#5674,8.75830561567526);
#1441=VECTOR('',#5677,1.);
#1442=VECTOR('',#5678,8.75830561567572);
#1443=VECTOR('',#5679,1.);
#1444=VECTOR('',#5682,4.1991645389353);
#1445=VECTOR('',#5685,5.1154701721889);
#1446=VECTOR('',#5686,2.09253685545254);
#1447=VECTOR('',#5687,1.00548916716766);
#1448=VECTOR('',#5690,0.599998952294364);
#1449=VECTOR('',#5693,5.36431928708389);
#1450=VECTOR('',#5694,8.66243151356217);
#1451=VECTOR('',#5701,8.75226152429385);
#1452=VECTOR('',#5704,1.92490186376197);
#1453=VECTOR('',#5707,0.246398007267799);
#1454=VECTOR('',#5712,0.599998952399798);
#1455=VECTOR('',#5715,1.20082428670676);
#1456=VECTOR('',#5718,0.19470396950191);
#1457=VECTOR('',#5723,1.21032822036415);
#1458=VECTOR('',#5726,0.599998952399901);
#1459=VECTOR('',#5731,0.24658746884724);
#1460=VECTOR('',#5734,1.92490186376192);
#1461=VECTOR('',#5737,7.2);
#1462=VECTOR('',#5740,7.2);
#1463=VECTOR('',#5743,7.2);
#1464=VECTOR('',#5744,1.92490186376192);
#1465=VECTOR('',#5747,7.2);
#1466=VECTOR('',#5752,7.2);
#1467=VECTOR('',#5753,0.24658746884724);
#1468=VECTOR('',#5756,7.2);
#1469=VECTOR('',#5761,7.2);
#1470=VECTOR('',#5766,7.2);
#1471=VECTOR('',#5767,0.599998952399901);
#1472=VECTOR('',#5770,7.2);
#1473=VECTOR('',#5775,7.2);
#1474=VECTOR('',#5776,1.21032822036415);
#1475=VECTOR('',#5779,7.2);
#1476=VECTOR('',#5784,7.2);
#1477=VECTOR('',#5789,8.60805591429307);
#1478=VECTOR('',#5790,0.8);
#1479=VECTOR('',#5791,8.60805591429307);
#1480=VECTOR('',#5792,0.8);
#1481=VECTOR('',#5797,1.90990065843658);
#1482=VECTOR('',#5800,0.27452264602173);
#1483=VECTOR('',#5805,0.599998952400099);
#1484=VECTOR('',#5808,1.20082428670629);
#1485=VECTOR('',#5811,0.194703969501393);
#1486=VECTOR('',#5816,1.21032822036458);
#1487=VECTOR('',#5819,0.599998952399654);
#1488=VECTOR('',#5824,0.274712107601855);
#1489=VECTOR('',#5827,1.9099006584362);
#1490=VECTOR('',#5830,7.2);
#1491=VECTOR('',#5833,7.2);
#1492=VECTOR('',#5836,7.2);
#1493=VECTOR('',#5837,1.9099006584362);
#1494=VECTOR('',#5840,7.2);
#1495=VECTOR('',#5845,7.2);
#1496=VECTOR('',#5846,0.274712107601855);
#1497=VECTOR('',#5849,7.2);
#1498=VECTOR('',#5854,7.2);
#1499=VECTOR('',#5859,7.2);
#1500=VECTOR('',#5860,0.599998952399654);
#1501=VECTOR('',#5863,7.2);
#1502=VECTOR('',#5868,7.2);
#1503=VECTOR('',#5869,1.21032822036458);
#1504=VECTOR('',#5872,7.2);
#1505=VECTOR('',#5879,0.599998952399798);
#1506=VECTOR('',#5884,0.246398007267799);
#1507=VECTOR('',#5887,1.92490186376197);
#1508=VECTOR('',#5890,11.1319883909738);
#1509=VECTOR('',#5893,5.48481798079227);
#1510=VECTOR('',#5896,0.577349261136106);
#1511=VECTOR('',#5899,2.42428886479362);
#1512=VECTOR('',#5902,0.194703969501393);
#1513=VECTOR('',#5905,1.20082428670629);
#1514=VECTOR('',#5908,0.599998952400099);
#1515=VECTOR('',#5913,0.27452264602173);
#1516=VECTOR('',#5916,1.90990065843658);
#1517=VECTOR('',#5919,2.47725111968151);
#1518=VECTOR('',#5922,0.577349261135652);
#1519=VECTOR('',#5925,7.42354103819949);
#1520=VECTOR('',#5928,4.99999126999963);
#1521=VECTOR('',#5931,0.350328620861423);
#1522=VECTOR('',#5934,0.956404790665152);
#1523=VECTOR('',#5937,34.1843613269261);
#1524=VECTOR('',#5938,1.19999790479985);
#1525=VECTOR('',#5939,0.639871474160155);
#1526=VECTOR('',#5942,0.300939391638665);
#1527=VECTOR('',#5945,0.999998253999879);
#1528=VECTOR('',#5948,9.73549253073747);
#1529=VECTOR('',#5951,1.49183216020993);
#1530=VECTOR('',#5954,1.92178975123934);
#1531=VECTOR('',#5957,0.21077803060765);
#1532=VECTOR('',#5962,0.599998952399595);
#1533=VECTOR('',#5965,1.21032822036467);
#1534=VECTOR('',#5970,0.19470396950223);
#1535=VECTOR('',#5973,1.20082428670708);
#1536=VECTOR('',#5976,0.599998952399689);
#1537=VECTOR('',#5981,0.274522646021245);
#1538=VECTOR('',#5984,1.99274322824046);
#1539=VECTOR('',#5985,5.55225594011328);
#1540=VECTOR('',#5988,2.47455120904472);
#1541=VECTOR('',#5989,0.19470396950191);
#1542=VECTOR('',#5992,1.20082428670676);
#1543=VECTOR('',#5997,6.39998882557848);
#1544=VECTOR('',#6000,0.59999895238434);
#1545=VECTOR('',#6003,1.0049975614857);
#1546=VECTOR('',#6004,2.17730402131565);
#1547=VECTOR('',#6007,5.17742459969853);
#1548=VECTOR('',#6008,1.00548916716766);
#1549=VECTOR('',#6011,0.599998952294363);
#1550=VECTOR('',#6014,6.66424944053167);
#1551=VECTOR('',#6015,2.04666140122883);
#1552=VECTOR('',#6016,0.894251015775992);
#1553=VECTOR('',#6017,1.62661842076291);
#1554=VECTOR('',#6018,1.19666082918598);
#1555=VECTOR('',#6021,7.03549567359151);
#1556=VECTOR('',#6022,35.4843574857262);
#1557=VECTOR('',#6023,14.6553945630867);
#1558=VECTOR('',#6024,0.927427526430862);
#1559=VECTOR('',#6025,10.4572072888544);
#1560=VECTOR('',#6026,6.59799346602444);
#1561=VECTOR('',#6027,0.53080791835016);
#1562=VECTOR('',#6028,1.81992009491493);
#1563=VECTOR('',#6029,6.10699746529627);
#1564=VECTOR('',#6030,6.10699746529626);
#1565=VECTOR('',#6031,4.12489418816712);
#1566=VECTOR('',#6038,6.10699746529626);
#1567=VECTOR('',#6039,8.);
#1568=VECTOR('',#6042,6.10699746529627);
#1569=VECTOR('',#6043,8.);
#1570=VECTOR('',#6046,4.12489418816712);
#1571=VECTOR('',#6051,1.);
#1572=VECTOR('',#6052,1.);
#1573=VECTOR('',#6055,8.95246823974574);
#1574=VECTOR('',#6058,7.83673498732232);
#1575=VECTOR('',#6059,10.4524682397457);
#1576=VECTOR('',#6060,7.83673498732232);
#1577=VECTOR('',#6063,1.);
#1578=VECTOR('',#6068,1.);
#1579=VECTOR('',#6069,1.);
#1580=VECTOR('',#6072,1.);
#1581=VECTOR('',#6073,7.83673498732232);
#1582=VECTOR('',#6078,1.);
#1583=VECTOR('',#6079,1.);
#1584=VECTOR('',#6082,4.02481939551665);
#1585=VECTOR('',#6083,4.09143032815417);
#1586=VECTOR('',#6084,0.927427526430863);
#1587=VECTOR('',#6085,5.27184819812954);
#1588=VECTOR('',#6086,7.35754009041863);
#1589=VECTOR('',#6089,1.);
#1590=VECTOR('',#6094,1.);
#1591=VECTOR('',#6095,1.);
#1592=VECTOR('',#6098,1.);
#1593=VECTOR('',#6099,8.76790658665135);
#1594=VECTOR('',#6102,1.);
#1595=VECTOR('',#6105,1.);
#1596=VECTOR('',#6110,1.);
#1597=VECTOR('',#6111,1.);
#1598=VECTOR('',#6114,8.95246823974574);
#1599=VECTOR('',#6119,1.);
#1600=VECTOR('',#6120,1.);
#1601=VECTOR('',#6123,9.02640174779415);
#1602=VECTOR('',#6124,0.235752380983575);
#1603=VECTOR('',#6125,2.04666140122883);
#1604=VECTOR('',#6126,0.894251015775993);
#1605=VECTOR('',#6127,1.62661842076291);
#1606=VECTOR('',#6128,1.19666082918598);
#1607=VECTOR('',#6131,7.03549567359151);
#1608=VECTOR('',#6132,13.8195195533084);
#1609=VECTOR('',#6133,7.83673498732232);
#1610=VECTOR('',#6136,1.);
#1611=VECTOR('',#6139,1.);
#1612=VECTOR('',#6144,1.);
#1613=VECTOR('',#6147,1.);
#1614=VECTOR('',#6150,8.35630132288796);
#1615=VECTOR('',#6151,1.);
#1616=VECTOR('',#6152,8.35630132288796);
#1617=VECTOR('',#6157,1.);
#1618=VECTOR('',#6160,1.);
#1619=VECTOR('',#6163,7.83673498732226);
#1620=VECTOR('',#6164,13.8195195533084);
#1621=VECTOR('',#6165,7.03549567359151);
#1622=VECTOR('',#6168,1.19666082918598);
#1623=VECTOR('',#6169,1.62661842076291);
#1624=VECTOR('',#6170,0.894251015775992);
#1625=VECTOR('',#6171,2.04666140122883);
#1626=VECTOR('',#6172,0.235752380983574);
#1627=VECTOR('',#6173,9.02640174779415);
#1628=VECTOR('',#6176,7.83673498732226);
#1629=VECTOR('',#6177,1.);
#1630=VECTOR('',#6182,1.);
#1631=VECTOR('',#6185,1.);
#1632=VECTOR('',#6188,8.95246823974574);
#1633=VECTOR('',#6189,1.);
#1634=VECTOR('',#6190,8.95246823974574);
#1635=VECTOR('',#6195,1.);
#1636=VECTOR('',#6198,1.);
#1637=VECTOR('',#6201,8.66243151356217);
#1638=VECTOR('',#6202,5.36431928708389);
#1639=VECTOR('',#6205,0.599998952294364);
#1640=VECTOR('',#6208,1.00548916716766);
#1641=VECTOR('',#6209,2.09253685545254);
#1642=VECTOR('',#6210,5.1154701721889);
#1643=VECTOR('',#6213,4.19916453893529);
#1644=VECTOR('',#6214,8.75830561567532);
#1645=VECTOR('',#6217,8.66243151356217);
#1646=VECTOR('',#6218,1.);
#1647=VECTOR('',#6223,1.);
#1648=VECTOR('',#6226,1.);
#1649=VECTOR('',#6229,8.95246823974574);
#1650=VECTOR('',#6230,1.);
#1651=VECTOR('',#6231,8.95246823974574);
#1652=VECTOR('',#6238,1.);
#1653=VECTOR('',#6241,7.83673498732221);
#1654=VECTOR('',#6242,1.);
#1655=VECTOR('',#6243,7.83673498732221);
#1656=VECTOR('',#6248,1.);
#1657=VECTOR('',#6253,8.01790658665135);
#1658=VECTOR('',#6254,8.75830561567526);
#1659=VECTOR('',#6255,1.20082428664318);
#1660=VECTOR('',#6262,1.);
#1661=VECTOR('',#6265,1.);
#1662=VECTOR('',#6268,4.4877038189438);
#1663=VECTOR('',#6269,1.);
#1664=VECTOR('',#6270,4.4877038189438);
#1665=VECTOR('',#6275,1.);
#1666=VECTOR('',#6278,1.);
#1667=VECTOR('',#6281,7.35754009041863);
#1668=VECTOR('',#6282,1.);
#1669=VECTOR('',#6283,7.35754009041863);
#1670=VECTOR('',#6286,1.);
#1671=VECTOR('',#6287,8.75830561567528);
#1672=VECTOR('',#6288,8.01790658665135);
#1673=VECTOR('',#6291,8.20206934480731);
#1674=VECTOR('',#6292,2.38058467567211);
#1675=VECTOR('',#6293,4.02481939551665);
#1676=VECTOR('',#6294,1.10193556501797);
#1677=VECTOR('',#6295,7.8367349873222);
#1678=VECTOR('',#6296,1.);
#1679=VECTOR('',#6297,7.83673498732226);
#1680=VECTOR('',#6298,1.);
#1681=VECTOR('',#6299,9.02640174779415);
#1682=VECTOR('',#6300,1.06417777246421);
#1683=VECTOR('',#6301,8.75830561567533);
#1684=VECTOR('',#6306,3.93826051841752);
#1685=VECTOR('',#6307,0.798133329354029);
#1686=VECTOR('',#6308,5.1154701721889);
#1687=VECTOR('',#6311,1.);
#1688=VECTOR('',#6314,7.83673498732226);
#1689=VECTOR('',#6315,1.);
#1690=VECTOR('',#6318,1.);
#1691=VECTOR('',#6321,1.);
#1692=VECTOR('',#6322,5.1154701721889);
#1693=VECTOR('',#6323,1.);
#1694=VECTOR('',#6326,1.);
#1695=VECTOR('',#6327,1.);
#1696=VECTOR('',#6330,7.8367349873222);
#1697=VECTOR('',#6331,1.);
#1698=VECTOR('',#6334,1.);
#1699=VECTOR('',#6337,8.75830561567526);
#1700=VECTOR('',#6338,1.);
#1701=VECTOR('',#6341,4.02481939551665);
#1702=VECTOR('',#6342,1.);
#1703=VECTOR('',#6345,1.);
#1704=VECTOR('',#6350,1.);
#1705=VECTOR('',#6351,9.10630132288796);
#1706=VECTOR('',#6354,1.);
#1707=VECTOR('',#6355,3.93826051841752);
#1708=VECTOR('',#6356,1.);
#1709=VECTOR('',#6359,1.);
#1710=VECTOR('',#6360,3.93826051841752);
#1711=VECTOR('',#6361,1.);
#1712=VECTOR('',#6362,3.93826051841752);
#1713=VECTOR('',#6365,1.);
#1714=VECTOR('',#6366,1.);
#1715=VECTOR('',#6367,8.20206934480732);
#1716=VECTOR('',#6370,1.);
#1717=VECTOR('',#6371,8.20206934480732);
#1718=VECTOR('',#6372,1.);
#1719=VECTOR('',#6375,0.79813332935403);
#1720=VECTOR('',#6380,1.);
#1721=VECTOR('',#6383,4.4877038189438);
#1722=VECTOR('',#6384,1.);
#1723=VECTOR('',#6387,1.);
#1724=VECTOR('',#6390,1.);
#1725=VECTOR('',#6393,3.35);
#1726=VECTOR('',#6394,35.4843574857262);
#1727=VECTOR('',#6395,3.35);
#1728=VECTOR('',#6396,9.21236969267213);
#1729=VECTOR('',#6399,3.35);
#1730=VECTOR('',#6400,6.66424944053167);
#1731=VECTOR('',#6401,3.35);
#1732=VECTOR('',#6406,3.35);
#1733=VECTOR('',#6409,3.35);
#1734=VECTOR('',#6412,0.59999895238434);
#1735=VECTOR('',#6415,1.0049975614857);
#1736=VECTOR('',#6416,2.17730402131565);
#1737=VECTOR('',#6419,2.28675441489196);
#1738=VECTOR('',#6424,1.20082428664318);
#1739=VECTOR('',#6427,2.80477441505278);
#1740=VECTOR('',#6428,6.59799346602444);
#1741=VECTOR('',#6429,0.53080791835016);
#1742=VECTOR('',#6430,1.81992009491493);
#1743=VECTOR('',#6435,9.4620286699146);
#1744=VECTOR('',#6440,3.35);
#1745=VECTOR('',#6441,3.35);
#1746=VECTOR('',#6444,10.4524682397457);
#1747=VECTOR('',#6445,9.21236969267213);
#1748=VECTOR('',#6446,3.35);
#1749=VECTOR('',#6447,3.35);
#1750=VECTOR('',#6450,4.09143032815417);
#1751=VECTOR('',#6451,3.35);
#1752=VECTOR('',#6452,9.4620286699146);
#1753=VECTOR('',#6455,2.80477441505278);
#1754=VECTOR('',#6456,3.35);
#1755=VECTOR('',#6457,3.35);
#1756=VECTOR('',#6458,5.27184819812955);
#1757=VECTOR('',#6463,1.81992009491493);
#1758=VECTOR('',#6464,0.53080791835016);
#1759=VECTOR('',#6465,6.59799346602444);
#1760=VECTOR('',#6468,0.927427526430863);
#1761=VECTOR('',#6475,2.28675441489196);
#1762=VECTOR('',#6478,2.17730402131565);
#1763=VECTOR('',#6479,1.0049975614857);
#1764=VECTOR('',#6482,0.59999895238434);
#1765=VECTOR('',#6485,8.52493513419737);
#1766=VECTOR('',#6486,0.8);
#1767=VECTOR('',#6487,8.52493513419737);
#1768=VECTOR('',#6488,0.8);
#1769=VECTOR('',#6491,1.99274322824046);
#1770=VECTOR('',#6494,0.274522646021245);
#1771=VECTOR('',#6499,0.599998952399689);
#1772=VECTOR('',#6502,1.20082428670707);
#1773=VECTOR('',#6505,0.19470396950223);
#1774=VECTOR('',#6510,1.21032822036467);
#1775=VECTOR('',#6513,0.599998952399595);
#1776=VECTOR('',#6518,0.21077803060765);
#1777=VECTOR('',#6521,1.92178975123934);
#1778=VECTOR('',#6524,7.2);
#1779=VECTOR('',#6525,7.2);
#1780=VECTOR('',#6528,7.2);
#1781=VECTOR('',#6531,7.2);
#1782=VECTOR('',#6534,7.2);
#1783=VECTOR('',#6537,7.2);
#1784=VECTOR('',#6540,7.2);
#1785=VECTOR('',#6543,7.2);
#1786=VECTOR('',#6546,7.2);
#1787=VECTOR('',#6549,7.2);
#1788=VECTOR('',#6552,7.2);
#1789=VECTOR('',#6555,7.2);
#1790=VECTOR('',#6558,7.2);
#1791=VECTOR('',#6561,7.2);
#1792=VECTOR('',#6564,7.2);
#1793=VECTOR('',#6567,7.2);
#1794=VECTOR('',#6570,7.2);
#1795=VECTOR('',#6573,7.2);
#1796=VECTOR('',#6576,7.2);
#1797=VECTOR('',#6579,7.2);
#1798=VECTOR('',#6582,7.2);
#1799=VECTOR('',#6585,3.35);
#1800=VECTOR('',#6588,3.35);
#1801=VECTOR('',#6591,6.39998882557848);
#1802=VECTOR('',#6594,0.59999895238434);
#1803=VECTOR('',#6595,3.35);
#1804=VECTOR('',#6600,3.35);
#1805=VECTOR('',#6603,1.0049975614857);
#1806=VECTOR('',#6604,3.35);
#1807=VECTOR('',#6607,2.17730402131565);
#1808=VECTOR('',#6608,3.35);
#1809=VECTOR('',#6613,3.35);
#1810=VECTOR('',#6616,5.17742459969853);
#1811=VECTOR('',#6617,3.35);
#1812=VECTOR('',#6620,1.00548916716766);
#1813=VECTOR('',#6621,3.35);
#1814=VECTOR('',#6626,3.35);
#1815=VECTOR('',#6629,0.599998952294365);
#1816=VECTOR('',#6630,3.35);
#1817=VECTOR('',#6637,2.04666140122883);
#1818=VECTOR('',#6638,3.35);
#1819=VECTOR('',#6641,0.894251015775993);
#1820=VECTOR('',#6642,3.35);
#1821=VECTOR('',#6645,1.62661842076291);
#1822=VECTOR('',#6646,3.35);
#1823=VECTOR('',#6649,1.19666082918598);
#1824=VECTOR('',#6650,3.35);
#1825=VECTOR('',#6655,3.35);
#1826=VECTOR('',#6658,7.03549567359151);
#1827=VECTOR('',#6661,14.6553945630867);
#1828=VECTOR('',#6662,3.35);
#1829=VECTOR('',#6665,0.927427526430862);
#1830=VECTOR('',#6666,3.35);
#1831=VECTOR('',#6669,10.4572072888544);
#1832=VECTOR('',#6670,3.35);
#1833=VECTOR('',#6673,6.59799346602444);
#1834=VECTOR('',#6674,3.35);
#1835=VECTOR('',#6677,0.53080791835016);
#1836=VECTOR('',#6678,3.35);
#1837=VECTOR('',#6681,1.81992009491493);
#1838=VECTOR('',#6684,3.35);
#1839=VECTOR('',#6685,3.35);
#1840=VECTOR('',#6692,3.35);
#1841=VECTOR('',#6695,3.35);
#1842=VECTOR('',#6698,3.35);
#1843=VECTOR('',#6701,3.35);
#1844=VECTOR('',#6704,3.35);
#1845=VECTOR('',#6707,3.35);
#1846=VECTOR('',#6710,3.35);
#1847=VECTOR('',#6713,3.35);
#1848=VECTOR('',#6716,3.35);
#1849=VECTOR('',#6719,3.35);
#1850=VECTOR('',#6722,3.35);
#1851=VECTOR('',#6725,3.35);
#1852=VECTOR('',#6728,3.35);
#1853=VECTOR('',#6731,3.35);
#1854=VECTOR('',#6734,3.35);
#1855=VECTOR('',#6737,3.35);
#1856=VECTOR('',#6742,3.35);
#1857=VECTOR('',#6745,3.35);
#1858=VECTOR('',#6752,8.);
#1859=VECTOR('',#6753,8.);
#1860=VECTOR('',#6756,0.999998253999879);
#1861=VECTOR('',#6757,8.);
#1862=VECTOR('',#6762,8.);
#1863=VECTOR('',#6765,0.300939391638665);
#1864=VECTOR('',#6766,8.);
#1865=VECTOR('',#6771,8.);
#1866=VECTOR('',#6774,0.639871474160155);
#1867=VECTOR('',#6775,8.);
#1868=VECTOR('',#6778,1.19999790479985);
#1869=VECTOR('',#6779,8.);
#1870=VECTOR('',#6782,34.1843613269261);
#1871=VECTOR('',#6783,8.);
#1872=VECTOR('',#6788,8.);
#1873=VECTOR('',#6791,0.478202395332576);
#1874=VECTOR('',#6796,8.);
#1875=VECTOR('',#6799,0.350328620861423);
#1876=VECTOR('',#6800,8.);
#1877=VECTOR('',#6805,8.);
#1878=VECTOR('',#6808,4.99999126999963);
#1879=VECTOR('',#6809,8.);
#1880=VECTOR('',#6814,8.);
#1881=VECTOR('',#6817,7.42354103819949);
#1882=VECTOR('',#6818,8.);
#1883=VECTOR('',#6823,8.);
#1884=VECTOR('',#6826,0.577349261135652);
#1885=VECTOR('',#6827,8.);
#1886=VECTOR('',#6832,8.);
#1887=VECTOR('',#6835,2.47725111968151);
#1888=VECTOR('',#6836,8.);
#1889=VECTOR('',#6841,7.2);
#1890=VECTOR('',#6844,7.2);
#1891=VECTOR('',#6847,7.2);
#1892=VECTOR('',#6850,7.2);
#1893=VECTOR('',#6853,7.2);
#1894=VECTOR('',#6856,7.2);
#1895=VECTOR('',#6859,7.2);
#1896=VECTOR('',#6862,7.2);
#1897=VECTOR('',#6865,7.2);
#1898=VECTOR('',#6868,7.2);
#1899=VECTOR('',#6871,7.2);
#1900=VECTOR('',#6876,2.42428886479362);
#1901=VECTOR('',#6877,8.);
#1902=VECTOR('',#6882,8.);
#1903=VECTOR('',#6885,0.577349261136106);
#1904=VECTOR('',#6886,8.);
#1905=VECTOR('',#6891,8.);
#1906=VECTOR('',#6894,5.48481798079227);
#1907=VECTOR('',#6895,8.);
#1908=VECTOR('',#6900,8.);
#1909=VECTOR('',#6903,22.3588011243123);
#1910=VECTOR('',#6904,7.2);
#1911=VECTOR('',#6905,8.);
#1912=VECTOR('',#6908,7.2);
#1913=VECTOR('',#6911,7.2);
#1914=VECTOR('',#6914,7.2);
#1915=VECTOR('',#6917,7.2);
#1916=VECTOR('',#6920,7.2);
#1917=VECTOR('',#6923,7.2);
#1918=VECTOR('',#6926,7.2);
#1919=VECTOR('',#6929,7.2);
#1920=VECTOR('',#6932,7.2);
#1921=VECTOR('',#6935,7.2);
#1922=VECTOR('',#6942,8.);
#1923=VECTOR('',#6945,5.55225594011328);
#1924=VECTOR('',#6950,8.);
#1925=VECTOR('',#6953,1.49183216020993);
#1926=VECTOR('',#6954,8.);
#1927=VECTOR('',#6959,8.);
#1928=VECTOR('',#6962,9.73549253073747);
#1929=VERTEX_POINT('',#6967);
#1930=VERTEX_POINT('',#6968);
#1931=VERTEX_POINT('',#6970);
#1932=VERTEX_POINT('',#6972);
#1933=VERTEX_POINT('',#6975);
#1934=VERTEX_POINT('',#6978);
#1935=VERTEX_POINT('',#6979);
#1936=VERTEX_POINT('',#6981);
#1937=VERTEX_POINT('',#6983);
#1938=VERTEX_POINT('',#6986);
#1939=VERTEX_POINT('',#7014);
#1940=VERTEX_POINT('',#7017);
#1941=VERTEX_POINT('',#7019);
#1942=VERTEX_POINT('',#7023);
#1943=VERTEX_POINT('',#7024);
#1944=VERTEX_POINT('',#7026);
#1945=VERTEX_POINT('',#7028);
#1946=VERTEX_POINT('',#7032);
#1947=VERTEX_POINT('',#7033);
#1948=VERTEX_POINT('',#7035);
#1949=VERTEX_POINT('',#7040);
#1950=VERTEX_POINT('',#7042);
#1951=VERTEX_POINT('',#7046);
#1952=VERTEX_POINT('',#7050);
#1953=VERTEX_POINT('',#7054);
#1954=VERTEX_POINT('',#7055);
#1955=VERTEX_POINT('',#7057);
#1956=VERTEX_POINT('',#7059);
#1957=VERTEX_POINT('',#7063);
#1958=VERTEX_POINT('',#7070);
#1959=VERTEX_POINT('',#7072);
#1960=VERTEX_POINT('',#7076);
#1961=VERTEX_POINT('',#7078);
#1962=VERTEX_POINT('',#7099);
#1963=VERTEX_POINT('',#7106);
#1964=VERTEX_POINT('',#7108);
#1965=VERTEX_POINT('',#7111);
#1966=VERTEX_POINT('',#7114);
#1967=VERTEX_POINT('',#7115);
#1968=VERTEX_POINT('',#7117);
#1969=VERTEX_POINT('',#7119);
#1970=VERTEX_POINT('',#7121);
#1971=VERTEX_POINT('',#7123);
#1972=VERTEX_POINT('',#7125);
#1973=VERTEX_POINT('',#7127);
#1974=VERTEX_POINT('',#7129);
#1975=VERTEX_POINT('',#7131);
#1976=VERTEX_POINT('',#7133);
#1977=VERTEX_POINT('',#7135);
#1978=VERTEX_POINT('',#7137);
#1979=VERTEX_POINT('',#7139);
#1980=VERTEX_POINT('',#7141);
#1981=VERTEX_POINT('',#7143);
#1982=VERTEX_POINT('',#7145);
#1983=VERTEX_POINT('',#7147);
#1984=VERTEX_POINT('',#7149);
#1985=VERTEX_POINT('',#7151);
#1986=VERTEX_POINT('',#7153);
#1987=VERTEX_POINT('',#7155);
#1988=VERTEX_POINT('',#7157);
#1989=VERTEX_POINT('',#7159);
#1990=VERTEX_POINT('',#7161);
#1991=VERTEX_POINT('',#7163);
#1992=VERTEX_POINT('',#7165);
#1993=VERTEX_POINT('',#7167);
#1994=VERTEX_POINT('',#7169);
#1995=VERTEX_POINT('',#7171);
#1996=VERTEX_POINT('',#7173);
#1997=VERTEX_POINT('',#7177);
#1998=VERTEX_POINT('',#7179);
#1999=VERTEX_POINT('',#7183);
#2000=VERTEX_POINT('',#7185);
#2001=VERTEX_POINT('',#7187);
#2002=VERTEX_POINT('',#7189);
#2003=VERTEX_POINT('',#7191);
#2004=VERTEX_POINT('',#7193);
#2005=VERTEX_POINT('',#7195);
#2006=VERTEX_POINT('',#7197);
#2007=VERTEX_POINT('',#7199);
#2008=VERTEX_POINT('',#7201);
#2009=VERTEX_POINT('',#7205);
#2010=VERTEX_POINT('',#7206);
#2011=VERTEX_POINT('',#7208);
#2012=VERTEX_POINT('',#7210);
#2013=VERTEX_POINT('',#7212);
#2014=VERTEX_POINT('',#7214);
#2015=VERTEX_POINT('',#7216);
#2016=VERTEX_POINT('',#7218);
#2017=VERTEX_POINT('',#7220);
#2018=VERTEX_POINT('',#7222);
#2019=VERTEX_POINT('',#7224);
#2020=VERTEX_POINT('',#7226);
#2021=VERTEX_POINT('',#7228);
#2022=VERTEX_POINT('',#7230);
#2023=VERTEX_POINT('',#7232);
#2024=VERTEX_POINT('',#7234);
#2025=VERTEX_POINT('',#7236);
#2026=VERTEX_POINT('',#7238);
#2027=VERTEX_POINT('',#7240);
#2028=VERTEX_POINT('',#7242);
#2029=VERTEX_POINT('',#7244);
#2030=VERTEX_POINT('',#7246);
#2031=VERTEX_POINT('',#7248);
#2032=VERTEX_POINT('',#7252);
#2033=VERTEX_POINT('',#7254);
#2034=VERTEX_POINT('',#7258);
#2035=VERTEX_POINT('',#7262);
#2036=VERTEX_POINT('',#7266);
#2037=VERTEX_POINT('',#7270);
#2038=VERTEX_POINT('',#7274);
#2039=VERTEX_POINT('',#7278);
#2040=VERTEX_POINT('',#7282);
#2041=VERTEX_POINT('',#7286);
#2042=VERTEX_POINT('',#7290);
#2043=VERTEX_POINT('',#7294);
#2044=VERTEX_POINT('',#7298);
#2045=VERTEX_POINT('',#7299);
#2046=VERTEX_POINT('',#7301);
#2047=VERTEX_POINT('',#7303);
#2048=VERTEX_POINT('',#7307);
#2049=VERTEX_POINT('',#7309);
#2050=VERTEX_POINT('',#7311);
#2051=VERTEX_POINT('',#7313);
#2052=VERTEX_POINT('',#7315);
#2053=VERTEX_POINT('',#7317);
#2054=VERTEX_POINT('',#7319);
#2055=VERTEX_POINT('',#7321);
#2056=VERTEX_POINT('',#7323);
#2057=VERTEX_POINT('',#7325);
#2058=VERTEX_POINT('',#7327);
#2059=VERTEX_POINT('',#7329);
#2060=VERTEX_POINT('',#7331);
#2061=VERTEX_POINT('',#7333);
#2062=VERTEX_POINT('',#7335);
#2063=VERTEX_POINT('',#7337);
#2064=VERTEX_POINT('',#7339);
#2065=VERTEX_POINT('',#7341);
#2066=VERTEX_POINT('',#7343);
#2067=VERTEX_POINT('',#7345);
#2068=VERTEX_POINT('',#7349);
#2069=VERTEX_POINT('',#7351);
#2070=VERTEX_POINT('',#7355);
#2071=VERTEX_POINT('',#7359);
#2072=VERTEX_POINT('',#7363);
#2073=VERTEX_POINT('',#7367);
#2074=VERTEX_POINT('',#7371);
#2075=VERTEX_POINT('',#7375);
#2076=VERTEX_POINT('',#7379);
#2077=VERTEX_POINT('',#7383);
#2078=VERTEX_POINT('',#7387);
#2079=VERTEX_POINT('',#7392);
#2080=VERTEX_POINT('',#7393);
#2081=VERTEX_POINT('',#7395);
#2082=VERTEX_POINT('',#7397);
#2083=VERTEX_POINT('',#7399);
#2084=VERTEX_POINT('',#7401);
#2085=VERTEX_POINT('',#7403);
#2086=VERTEX_POINT('',#7405);
#2087=VERTEX_POINT('',#7407);
#2088=VERTEX_POINT('',#7409);
#2089=VERTEX_POINT('',#7411);
#2090=VERTEX_POINT('',#7413);
#2091=VERTEX_POINT('',#7415);
#2092=VERTEX_POINT('',#7417);
#2093=VERTEX_POINT('',#7420);
#2094=VERTEX_POINT('',#7422);
#2095=VERTEX_POINT('',#7424);
#2096=VERTEX_POINT('',#7426);
#2097=VERTEX_POINT('',#7428);
#2098=VERTEX_POINT('',#7430);
#2099=VERTEX_POINT('',#7432);
#2100=VERTEX_POINT('',#7434);
#2101=VERTEX_POINT('',#7436);
#2102=VERTEX_POINT('',#7438);
#2103=VERTEX_POINT('',#7440);
#2104=VERTEX_POINT('',#7442);
#2105=VERTEX_POINT('',#7444);
#2106=VERTEX_POINT('',#7446);
#2107=VERTEX_POINT('',#7448);
#2108=VERTEX_POINT('',#7450);
#2109=VERTEX_POINT('',#7452);
#2110=VERTEX_POINT('',#7454);
#2111=VERTEX_POINT('',#7456);
#2112=VERTEX_POINT('',#7458);
#2113=VERTEX_POINT('',#7460);
#2114=VERTEX_POINT('',#7463);
#2115=VERTEX_POINT('',#7465);
#2116=VERTEX_POINT('',#7467);
#2117=VERTEX_POINT('',#7469);
#2118=VERTEX_POINT('',#7471);
#2119=VERTEX_POINT('',#7473);
#2120=VERTEX_POINT('',#7475);
#2121=VERTEX_POINT('',#7477);
#2122=VERTEX_POINT('',#7479);
#2123=VERTEX_POINT('',#7481);
#2124=VERTEX_POINT('',#7483);
#2125=VERTEX_POINT('',#7485);
#2126=VERTEX_POINT('',#7487);
#2127=VERTEX_POINT('',#7489);
#2128=VERTEX_POINT('',#7491);
#2129=VERTEX_POINT('',#7493);
#2130=VERTEX_POINT('',#7495);
#2131=VERTEX_POINT('',#7497);
#2132=VERTEX_POINT('',#7499);
#2133=VERTEX_POINT('',#7501);
#2134=VERTEX_POINT('',#7503);
#2135=VERTEX_POINT('',#7505);
#2136=VERTEX_POINT('',#7507);
#2137=VERTEX_POINT('',#7509);
#2138=VERTEX_POINT('',#7511);
#2139=VERTEX_POINT('',#7513);
#2140=VERTEX_POINT('',#7515);
#2141=VERTEX_POINT('',#7517);
#2142=VERTEX_POINT('',#7519);
#2143=VERTEX_POINT('',#7521);
#2144=VERTEX_POINT('',#7523);
#2145=VERTEX_POINT('',#7525);
#2146=VERTEX_POINT('',#7527);
#2147=VERTEX_POINT('',#7529);
#2148=VERTEX_POINT('',#7531);
#2149=VERTEX_POINT('',#7533);
#2150=VERTEX_POINT('',#7536);
#2151=VERTEX_POINT('',#7538);
#2152=VERTEX_POINT('',#7540);
#2153=VERTEX_POINT('',#7543);
#2154=VERTEX_POINT('',#7544);
#2155=VERTEX_POINT('',#7546);
#2156=VERTEX_POINT('',#7548);
#2157=VERTEX_POINT('',#7550);
#2158=VERTEX_POINT('',#7552);
#2159=VERTEX_POINT('',#7554);
#2160=VERTEX_POINT('',#7556);
#2161=VERTEX_POINT('',#7558);
#2162=VERTEX_POINT('',#7560);
#2163=VERTEX_POINT('',#7562);
#2164=VERTEX_POINT('',#7564);
#2165=VERTEX_POINT('',#7566);
#2166=VERTEX_POINT('',#7568);
#2167=VERTEX_POINT('',#7570);
#2168=VERTEX_POINT('',#7572);
#2169=VERTEX_POINT('',#7574);
#2170=VERTEX_POINT('',#7576);
#2171=VERTEX_POINT('',#7578);
#2172=VERTEX_POINT('',#7580);
#2173=VERTEX_POINT('',#7582);
#2174=VERTEX_POINT('',#7584);
#2175=VERTEX_POINT('',#7586);
#2176=VERTEX_POINT('',#7588);
#2177=VERTEX_POINT('',#7590);
#2178=VERTEX_POINT('',#7592);
#2179=VERTEX_POINT('',#7594);
#2180=VERTEX_POINT('',#7597);
#2181=VERTEX_POINT('',#7599);
#2182=VERTEX_POINT('',#7603);
#2183=VERTEX_POINT('',#7606);
#2184=VERTEX_POINT('',#7610);
#2185=VERTEX_POINT('',#7616);
#2186=VERTEX_POINT('',#7617);
#2187=VERTEX_POINT('',#7622);
#2188=VERTEX_POINT('',#7624);
#2189=VERTEX_POINT('',#7626);
#2190=VERTEX_POINT('',#7628);
#2191=VERTEX_POINT('',#7634);
#2192=VERTEX_POINT('',#7635);
#2193=VERTEX_POINT('',#7640);
#2194=VERTEX_POINT('',#7644);
#2195=VERTEX_POINT('',#7645);
#2196=VERTEX_POINT('',#7650);
#2197=VERTEX_POINT('',#7652);
#2198=VERTEX_POINT('',#7654);
#2199=VERTEX_POINT('',#7656);
#2200=VERTEX_POINT('',#7662);
#2201=VERTEX_POINT('',#7663);
#2202=VERTEX_POINT('',#7668);
#2203=VERTEX_POINT('',#7676);
#2204=VERTEX_POINT('',#7677);
#2205=VERTEX_POINT('',#7684);
#2206=VERTEX_POINT('',#7685);
#2207=VERTEX_POINT('',#7690);
#2208=VERTEX_POINT('',#7692);
#2209=VERTEX_POINT('',#7694);
#2210=VERTEX_POINT('',#7696);
#2211=VERTEX_POINT('',#7698);
#2212=VERTEX_POINT('',#7700);
#2213=VERTEX_POINT('',#7702);
#2214=VERTEX_POINT('',#7704);
#2215=VERTEX_POINT('',#7706);
#2216=VERTEX_POINT('',#7714);
#2217=VERTEX_POINT('',#7715);
#2218=VERTEX_POINT('',#7717);
#2219=VERTEX_POINT('',#7719);
#2220=VERTEX_POINT('',#7723);
#2221=VERTEX_POINT('',#7725);
#2222=VERTEX_POINT('',#7729);
#2223=VERTEX_POINT('',#7730);
#2224=VERTEX_POINT('',#7732);
#2225=VERTEX_POINT('',#7734);
#2226=VERTEX_POINT('',#7738);
#2227=VERTEX_POINT('',#7740);
#2228=VERTEX_POINT('',#7742);
#2229=VERTEX_POINT('',#7744);
#2230=VERTEX_POINT('',#7746);
#2231=VERTEX_POINT('',#7748);
#2232=VERTEX_POINT('',#7750);
#2233=VERTEX_POINT('',#7752);
#2234=VERTEX_POINT('',#7754);
#2235=VERTEX_POINT('',#7758);
#2236=VERTEX_POINT('',#7762);
#2237=VERTEX_POINT('',#7763);
#2238=VERTEX_POINT('',#7765);
#2239=VERTEX_POINT('',#7767);
#2240=VERTEX_POINT('',#7771);
#2241=VERTEX_POINT('',#7773);
#2242=VERTEX_POINT('',#7777);
#2243=VERTEX_POINT('',#7778);
#2244=VERTEX_POINT('',#7780);
#2245=VERTEX_POINT('',#7782);
#2246=VERTEX_POINT('',#7786);
#2247=VERTEX_POINT('',#7788);
#2248=VERTEX_POINT('',#7790);
#2249=VERTEX_POINT('',#7792);
#2250=VERTEX_POINT('',#7794);
#2251=VERTEX_POINT('',#7796);
#2252=VERTEX_POINT('',#7798);
#2253=VERTEX_POINT('',#7800);
#2254=VERTEX_POINT('',#7802);
#2255=VERTEX_POINT('',#7804);
#2256=VERTEX_POINT('',#7808);
#2257=VERTEX_POINT('',#7812);
#2258=VERTEX_POINT('',#7813);
#2259=VERTEX_POINT('',#7815);
#2260=VERTEX_POINT('',#7817);
#2261=VERTEX_POINT('',#7821);
#2262=VERTEX_POINT('',#7823);
#2263=VERTEX_POINT('',#7827);
#2264=VERTEX_POINT('',#7829);
#2265=VERTEX_POINT('',#7833);
#2266=VERTEX_POINT('',#7835);
#2267=VERTEX_POINT('',#7839);
#2268=VERTEX_POINT('',#7841);
#2269=VERTEX_POINT('',#7846);
#2270=VERTEX_POINT('',#7848);
#2271=VERTEX_POINT('',#7852);
#2272=VERTEX_POINT('',#7853);
#2273=VERTEX_POINT('',#7855);
#2274=VERTEX_POINT('',#7857);
#2275=VERTEX_POINT('',#7861);
#2276=VERTEX_POINT('',#7863);
#2277=VERTEX_POINT('',#7867);
#2278=VERTEX_POINT('',#7868);
#2279=VERTEX_POINT('',#7870);
#2280=VERTEX_POINT('',#7872);
#2281=VERTEX_POINT('',#7876);
#2282=VERTEX_POINT('',#7878);
#2283=VERTEX_POINT('',#7882);
#2284=VERTEX_POINT('',#7883);
#2285=VERTEX_POINT('',#7887);
#2286=VERTEX_POINT('',#7889);
#2287=VERTEX_POINT('',#7892);
#2288=VERTEX_POINT('',#7895);
#2289=VERTEX_POINT('',#7898);
#2290=VERTEX_POINT('',#7901);
#2291=VERTEX_POINT('',#7906);
#2292=VERTEX_POINT('',#7907);
#2293=VERTEX_POINT('',#7909);
#2294=VERTEX_POINT('',#7911);
#2295=VERTEX_POINT('',#7917);
#2296=VERTEX_POINT('',#7923);
#2297=VERTEX_POINT('',#7925);
#2298=VERTEX_POINT('',#7932);
#2299=VERTEX_POINT('',#7938);
#2300=VERTEX_POINT('',#7942);
#2301=VERTEX_POINT('',#7949);
#2302=VERTEX_POINT('',#7953);
#2303=VERTEX_POINT('',#7955);
#2304=VERTEX_POINT('',#7959);
#2305=VERTEX_POINT('',#7960);
#2306=VERTEX_POINT('',#7962);
#2307=VERTEX_POINT('',#7964);
#2308=VERTEX_POINT('',#7968);
#2309=VERTEX_POINT('',#7970);
#2310=VERTEX_POINT('',#7974);
#2311=VERTEX_POINT('',#7976);
#2312=VERTEX_POINT('',#7985);
#2313=VERTEX_POINT('',#7993);
#2314=VERTEX_POINT('',#7995);
#2315=VERTEX_POINT('',#7997);
#2316=VERTEX_POINT('',#8001);
#2317=VERTEX_POINT('',#8003);
#2318=VERTEX_POINT('',#8007);
#2319=VERTEX_POINT('',#8008);
#2320=VERTEX_POINT('',#8010);
#2321=VERTEX_POINT('',#8015);
#2322=VERTEX_POINT('',#8017);
#2323=VERTEX_POINT('',#8019);
#2324=VERTEX_POINT('',#8021);
#2325=VERTEX_POINT('',#8023);
#2326=VERTEX_POINT('',#8027);
#2327=VERTEX_POINT('',#8031);
#2328=VERTEX_POINT('',#8033);
#2329=VERTEX_POINT('',#8035);
#2330=VERTEX_POINT('',#8037);
#2331=VERTEX_POINT('',#8043);
#2332=VERTEX_POINT('',#8049);
#2333=VERTEX_POINT('',#8054);
#2334=VERTEX_POINT('',#8059);
#2335=VERTEX_POINT('',#8062);
#2336=VERTEX_POINT('',#8066);
#2337=VERTEX_POINT('',#8068);
#2338=VERTEX_POINT('',#8070);
#2339=VERTEX_POINT('',#8078);
#2340=VERTEX_POINT('',#8080);
#2341=VERTEX_POINT('',#8082);
#2342=VERTEX_POINT('',#8084);
#2343=VERTEX_POINT('',#8086);
#2344=VERTEX_POINT('',#8090);
#2345=VERTEX_POINT('',#8091);
#2346=VERTEX_POINT('',#8093);
#2347=VERTEX_POINT('',#8095);
#2348=VERTEX_POINT('',#8099);
#2349=VERTEX_POINT('',#8101);
#2350=VERTEX_POINT('',#8103);
#2351=VERTEX_POINT('',#8105);
#2352=VERTEX_POINT('',#8107);
#2353=VERTEX_POINT('',#8109);
#2354=VERTEX_POINT('',#8111);
#2355=VERTEX_POINT('',#8113);
#2356=VERTEX_POINT('',#8115);
#2357=VERTEX_POINT('',#8117);
#2358=VERTEX_POINT('',#8119);
#2359=VERTEX_POINT('',#8121);
#2360=VERTEX_POINT('',#8123);
#2361=VERTEX_POINT('',#8125);
#2362=VERTEX_POINT('',#8127);
#2363=VERTEX_POINT('',#8129);
#2364=VERTEX_POINT('',#8131);
#2365=VERTEX_POINT('',#8133);
#2366=VERTEX_POINT('',#8135);
#2367=VERTEX_POINT('',#8180);
#2368=VERTEX_POINT('',#8182);
#2369=VERTEX_POINT('',#8188);
#2370=VERTEX_POINT('',#8192);
#2371=VERTEX_POINT('',#8196);
#2372=VERTEX_POINT('',#8200);
#2373=VERTEX_POINT('',#8204);
#2374=VERTEX_POINT('',#8208);
#2375=VERTEX_POINT('',#8212);
#2376=VERTEX_POINT('',#8216);
#2377=VERTEX_POINT('',#8220);
#2378=VERTEX_POINT('',#8226);
#2379=VERTEX_POINT('',#8230);
#2380=VERTEX_POINT('',#8234);
#2381=VERTEX_POINT('',#8238);
#2382=VERTEX_POINT('',#8242);
#2383=VERTEX_POINT('',#8248);
#2384=VERTEX_POINT('',#8252);
#2385=VERTEX_POINT('',#8256);
#2386=VERTEX_POINT('',#8260);
#2387=VERTEX_POINT('',#8264);
#2388=VERTEX_POINT('',#8313);
#2389=VERTEX_POINT('',#8314);
#2390=VERTEX_POINT('',#8319);
#2391=VERTEX_POINT('',#8323);
#2392=VERTEX_POINT('',#8327);
#2393=VERTEX_POINT('',#8331);
#2394=VERTEX_POINT('',#8335);
#2395=VERTEX_POINT('',#8339);
#2396=VERTEX_POINT('',#8343);
#2397=VERTEX_POINT('',#8347);
#2398=VERTEX_POINT('',#8353);
#2399=VERTEX_POINT('',#8357);
#2400=VERTEX_POINT('',#8361);
#2401=VERTEX_POINT('',#8365);
#2402=VERTEX_POINT('',#8369);
#2403=VERTEX_POINT('',#8373);
#2404=VERTEX_POINT('',#8377);
#2405=VERTEX_POINT('',#8381);
#2406=VERTEX_POINT('',#8385);
#2407=VERTEX_POINT('',#8389);
#2408=VERTEX_POINT('',#8417);
#2409=VERTEX_POINT('',#8421);
#2410=VERTEX_POINT('',#8425);
#2411=VERTEX_POINT('',#8429);
#2412=VERTEX_POINT('',#8433);
#2413=VERTEX_POINT('',#8437);
#2414=VERTEX_POINT('',#8441);
#2415=VERTEX_POINT('',#8467);
#2416=VERTEX_POINT('',#8473);
#2417=VERTEX_POINT('',#8477);
#2418=VERTEX_POINT('',#8481);
#2419=EDGE_CURVE('',#1929,#1930,#839,.T.);
#2420=EDGE_CURVE('',#1930,#1931,#840,.T.);
#2421=EDGE_CURVE('',#1931,#1932,#841,.T.);
#2422=EDGE_CURVE('',#1932,#1929,#842,.T.);
#2423=EDGE_CURVE('',#1933,#1933,#301,.T.);
#2424=EDGE_CURVE('',#1934,#1935,#843,.T.);
#2425=EDGE_CURVE('',#1935,#1936,#844,.T.);
#2426=EDGE_CURVE('',#1936,#1937,#845,.T.);
#2427=EDGE_CURVE('',#1937,#1934,#846,.T.);
#2428=EDGE_CURVE('',#1938,#1938,#302,.T.);
#2429=EDGE_CURVE('',#1930,#1934,#847,.T.);
#2430=EDGE_CURVE('',#1931,#1937,#848,.T.);
#2431=EDGE_CURVE('',#1932,#1936,#849,.T.);
#2432=EDGE_CURVE('',#1929,#1935,#850,.T.);
#2433=EDGE_CURVE('',#1938,#1939,#284,.T.);
#2434=EDGE_CURVE('',#1940,#1939,#303,.T.);
#2435=EDGE_CURVE('',#1941,#1940,#304,.T.);
#2436=EDGE_CURVE('',#1939,#1941,#305,.T.);
#2437=EDGE_CURVE('',#1942,#1943,#851,.T.);
#2438=EDGE_CURVE('',#1944,#1943,#852,.T.);
#2439=EDGE_CURVE('',#1945,#1944,#853,.T.);
#2440=EDGE_CURVE('',#1942,#1945,#854,.T.);
#2441=EDGE_CURVE('',#1946,#1947,#855,.T.);
#2442=EDGE_CURVE('',#1948,#1946,#856,.T.);
#2443=EDGE_CURVE('',#1943,#1948,#857,.T.);
#2444=EDGE_CURVE('',#1947,#1942,#858,.T.);
#2445=EDGE_CURVE('',#1949,#1948,#859,.T.);
#2446=EDGE_CURVE('',#1950,#1949,#860,.T.);
#2447=EDGE_CURVE('',#1943,#1950,#861,.T.);
#2448=EDGE_CURVE('',#1951,#1946,#862,.T.);
#2449=EDGE_CURVE('',#1949,#1951,#863,.T.);
#2450=EDGE_CURVE('',#1947,#1952,#864,.T.);
#2451=EDGE_CURVE('',#1951,#1952,#865,.T.);
#2452=EDGE_CURVE('',#1953,#1954,#866,.T.);
#2453=EDGE_CURVE('',#1955,#1953,#14,.T.);
#2454=EDGE_CURVE('',#1955,#1956,#867,.T.);
#2455=EDGE_CURVE('',#1954,#1956,#15,.T.);
#2456=EDGE_CURVE('',#1957,#1957,#16,.T.);
#2457=EDGE_CURVE('',#1956,#1954,#17,.T.);
#2458=EDGE_CURVE('',#1953,#1955,#18,.T.);
#2459=EDGE_CURVE('',#1953,#1958,#868,.T.);
#2460=EDGE_CURVE('',#1959,#1958,#869,.T.);
#2461=EDGE_CURVE('',#1955,#1959,#870,.T.);
#2462=EDGE_CURVE('',#1960,#1955,#871,.T.);
#2463=EDGE_CURVE('',#1961,#1960,#872,.T.);
#2464=EDGE_CURVE('',#1961,#1953,#873,.T.);
#2465=EDGE_CURVE('',#1962,#1962,#306,.T.);
#2466=EDGE_CURVE('',#1962,#1933,#285,.T.);
#2467=EDGE_CURVE('',#1963,#1963,#19,.T.);
#2468=EDGE_CURVE('',#1964,#1964,#20,.T.);
#2469=EDGE_CURVE('',#1965,#1965,#21,.T.);
#2470=EDGE_CURVE('',#1966,#1967,#874,.T.);
#2471=EDGE_CURVE('',#1967,#1968,#875,.T.);
#2472=EDGE_CURVE('',#1969,#1968,#22,.T.);
#2473=EDGE_CURVE('',#1969,#1970,#876,.T.);
#2474=EDGE_CURVE('',#1971,#1970,#877,.T.);
#2475=EDGE_CURVE('',#1971,#1972,#878,.T.);
#2476=EDGE_CURVE('',#1973,#1972,#23,.T.);
#2477=EDGE_CURVE('',#1973,#1974,#879,.T.);
#2478=EDGE_CURVE('',#1975,#1974,#880,.T.);
#2479=EDGE_CURVE('',#1975,#1976,#881,.T.);
#2480=EDGE_CURVE('',#1977,#1976,#24,.T.);
#2481=EDGE_CURVE('',#1977,#1978,#882,.T.);
#2482=EDGE_CURVE('',#1979,#1978,#25,.T.);
#2483=EDGE_CURVE('',#1979,#1980,#883,.T.);
#2484=EDGE_CURVE('',#1981,#1980,#884,.T.);
#2485=EDGE_CURVE('',#1981,#1982,#885,.T.);
#2486=EDGE_CURVE('',#1983,#1982,#26,.T.);
#2487=EDGE_CURVE('',#1983,#1984,#886,.T.);
#2488=EDGE_CURVE('',#1985,#1984,#887,.T.);
#2489=EDGE_CURVE('',#1985,#1986,#888,.T.);
#2490=EDGE_CURVE('',#1987,#1986,#27,.T.);
#2491=EDGE_CURVE('',#1987,#1988,#889,.T.);
#2492=EDGE_CURVE('',#1989,#1988,#890,.T.);
#2493=EDGE_CURVE('',#1989,#1990,#891,.T.);
#2494=EDGE_CURVE('',#1991,#1990,#28,.T.);
#2495=EDGE_CURVE('',#1991,#1992,#892,.T.);
#2496=EDGE_CURVE('',#1992,#1993,#893,.T.);
#2497=EDGE_CURVE('',#1994,#1993,#29,.T.);
#2498=EDGE_CURVE('',#1994,#1995,#894,.T.);
#2499=EDGE_CURVE('',#1996,#1995,#30,.T.);
#2500=EDGE_CURVE('',#1996,#1966,#895,.T.);
#2501=EDGE_CURVE('',#1967,#1997,#896,.T.);
#2502=EDGE_CURVE('',#1998,#1997,#897,.T.);
#2503=EDGE_CURVE('',#1968,#1998,#898,.T.);
#2504=EDGE_CURVE('',#1997,#1999,#899,.T.);
#2505=EDGE_CURVE('',#2000,#1999,#31,.T.);
#2506=EDGE_CURVE('',#2000,#2001,#900,.T.);
#2507=EDGE_CURVE('',#2002,#2001,#901,.T.);
#2508=EDGE_CURVE('',#2003,#2002,#902,.T.);
#2509=EDGE_CURVE('',#2004,#2003,#32,.T.);
#2510=EDGE_CURVE('',#2005,#2004,#903,.T.);
#2511=EDGE_CURVE('',#2006,#2005,#33,.T.);
#2512=EDGE_CURVE('',#2007,#2006,#904,.T.);
#2513=EDGE_CURVE('',#2007,#2008,#905,.T.);
#2514=EDGE_CURVE('',#2008,#1998,#34,.T.);
#2515=EDGE_CURVE('',#2009,#2010,#35,.T.);
#2516=EDGE_CURVE('',#2011,#2009,#906,.T.);
#2517=EDGE_CURVE('',#2012,#2011,#36,.T.);
#2518=EDGE_CURVE('',#2013,#2012,#907,.T.);
#2519=EDGE_CURVE('',#2014,#2013,#37,.T.);
#2520=EDGE_CURVE('',#2015,#2014,#908,.T.);
#2521=EDGE_CURVE('',#2016,#2015,#38,.T.);
#2522=EDGE_CURVE('',#2017,#2016,#39,.T.);
#2523=EDGE_CURVE('',#2018,#2017,#909,.T.);
#2524=EDGE_CURVE('',#2019,#2018,#40,.T.);
#2525=EDGE_CURVE('',#2020,#2019,#910,.T.);
#2526=EDGE_CURVE('',#2021,#2020,#41,.T.);
#2527=EDGE_CURVE('',#2022,#2021,#911,.T.);
#2528=EDGE_CURVE('',#2023,#2022,#42,.T.);
#2529=EDGE_CURVE('',#2024,#2023,#43,.T.);
#2530=EDGE_CURVE('',#2025,#2024,#912,.T.);
#2531=EDGE_CURVE('',#2026,#2025,#44,.T.);
#2532=EDGE_CURVE('',#2027,#2026,#913,.T.);
#2533=EDGE_CURVE('',#2028,#2027,#45,.T.);
#2534=EDGE_CURVE('',#2029,#2028,#46,.T.);
#2535=EDGE_CURVE('',#2030,#2029,#914,.T.);
#2536=EDGE_CURVE('',#2031,#2030,#47,.T.);
#2537=EDGE_CURVE('',#2010,#2031,#915,.T.);
#2538=EDGE_CURVE('',#2010,#2032,#916,.T.);
#2539=EDGE_CURVE('',#2033,#2032,#48,.T.);
#2540=EDGE_CURVE('',#2009,#2033,#917,.T.);
#2541=EDGE_CURVE('',#2031,#2034,#918,.T.);
#2542=EDGE_CURVE('',#2032,#2034,#919,.T.);
#2543=EDGE_CURVE('',#2030,#2035,#920,.T.);
#2544=EDGE_CURVE('',#2034,#2035,#49,.T.);
#2545=EDGE_CURVE('',#2029,#2036,#921,.T.);
#2546=EDGE_CURVE('',#2035,#2036,#922,.T.);
#2547=EDGE_CURVE('',#2028,#2037,#923,.T.);
#2548=EDGE_CURVE('',#2036,#2037,#50,.T.);
#2549=EDGE_CURVE('',#2027,#2038,#924,.T.);
#2550=EDGE_CURVE('',#2037,#2038,#51,.T.);
#2551=EDGE_CURVE('',#2026,#2039,#925,.T.);
#2552=EDGE_CURVE('',#2038,#2039,#926,.T.);
#2553=EDGE_CURVE('',#2025,#2040,#927,.T.);
#2554=EDGE_CURVE('',#2039,#2040,#52,.T.);
#2555=EDGE_CURVE('',#2024,#2041,#928,.T.);
#2556=EDGE_CURVE('',#2040,#2041,#929,.T.);
#2557=EDGE_CURVE('',#2023,#2042,#930,.T.);
#2558=EDGE_CURVE('',#2041,#2042,#53,.T.);
#2559=EDGE_CURVE('',#2022,#2043,#931,.T.);
#2560=EDGE_CURVE('',#2042,#2043,#54,.T.);
#2561=EDGE_CURVE('',#2044,#2045,#932,.T.);
#2562=EDGE_CURVE('',#2046,#2045,#933,.T.);
#2563=EDGE_CURVE('',#2047,#2046,#934,.T.);
#2564=EDGE_CURVE('',#2047,#2044,#935,.T.);
#2565=EDGE_CURVE('',#2045,#2048,#55,.T.);
#2566=EDGE_CURVE('',#2049,#2044,#936,.T.);
#2567=EDGE_CURVE('',#2050,#2049,#56,.T.);
#2568=EDGE_CURVE('',#2051,#2050,#937,.T.);
#2569=EDGE_CURVE('',#2052,#2051,#57,.T.);
#2570=EDGE_CURVE('',#2053,#2052,#58,.T.);
#2571=EDGE_CURVE('',#2054,#2053,#938,.T.);
#2572=EDGE_CURVE('',#2055,#2054,#59,.T.);
#2573=EDGE_CURVE('',#2056,#2055,#939,.T.);
#2574=EDGE_CURVE('',#2057,#2056,#60,.T.);
#2575=EDGE_CURVE('',#2058,#2057,#940,.T.);
#2576=EDGE_CURVE('',#2059,#2058,#61,.T.);
#2577=EDGE_CURVE('',#2060,#2059,#62,.T.);
#2578=EDGE_CURVE('',#2061,#2060,#941,.T.);
#2579=EDGE_CURVE('',#2062,#2061,#63,.T.);
#2580=EDGE_CURVE('',#2063,#2062,#942,.T.);
#2581=EDGE_CURVE('',#2064,#2063,#64,.T.);
#2582=EDGE_CURVE('',#2065,#2064,#65,.T.);
#2583=EDGE_CURVE('',#2066,#2065,#943,.T.);
#2584=EDGE_CURVE('',#2067,#2066,#66,.T.);
#2585=EDGE_CURVE('',#2048,#2067,#944,.T.);
#2586=EDGE_CURVE('',#2048,#2068,#945,.T.);
#2587=EDGE_CURVE('',#2069,#2068,#67,.T.);
#2588=EDGE_CURVE('',#2045,#2069,#946,.T.);
#2589=EDGE_CURVE('',#2067,#2070,#947,.T.);
#2590=EDGE_CURVE('',#2068,#2070,#948,.T.);
#2591=EDGE_CURVE('',#2066,#2071,#949,.T.);
#2592=EDGE_CURVE('',#2070,#2071,#68,.T.);
#2593=EDGE_CURVE('',#2065,#2072,#950,.T.);
#2594=EDGE_CURVE('',#2071,#2072,#951,.T.);
#2595=EDGE_CURVE('',#2064,#2073,#952,.T.);
#2596=EDGE_CURVE('',#2072,#2073,#69,.T.);
#2597=EDGE_CURVE('',#2063,#2074,#953,.T.);
#2598=EDGE_CURVE('',#2073,#2074,#70,.T.);
#2599=EDGE_CURVE('',#2062,#2075,#954,.T.);
#2600=EDGE_CURVE('',#2074,#2075,#955,.T.);
#2601=EDGE_CURVE('',#2061,#2076,#956,.T.);
#2602=EDGE_CURVE('',#2075,#2076,#71,.T.);
#2603=EDGE_CURVE('',#2060,#2077,#957,.T.);
#2604=EDGE_CURVE('',#2076,#2077,#958,.T.);
#2605=EDGE_CURVE('',#2059,#2078,#959,.T.);
#2606=EDGE_CURVE('',#2077,#2078,#72,.T.);
#2607=EDGE_CURVE('',#2079,#2080,#960,.T.);
#2608=EDGE_CURVE('',#2080,#2081,#73,.T.);
#2609=EDGE_CURVE('',#2081,#2082,#74,.T.);
#2610=EDGE_CURVE('',#2082,#2083,#961,.T.);
#2611=EDGE_CURVE('',#2083,#2084,#75,.T.);
#2612=EDGE_CURVE('',#2084,#2085,#962,.T.);
#2613=EDGE_CURVE('',#2085,#2086,#76,.T.);
#2614=EDGE_CURVE('',#2086,#2087,#963,.T.);
#2615=EDGE_CURVE('',#2087,#2088,#77,.T.);
#2616=EDGE_CURVE('',#2088,#2089,#964,.T.);
#2617=EDGE_CURVE('',#2089,#2090,#78,.T.);
#2618=EDGE_CURVE('',#2090,#2091,#965,.T.);
#2619=EDGE_CURVE('',#2091,#2092,#79,.T.);
#2620=EDGE_CURVE('',#2092,#2069,#966,.T.);
#2621=EDGE_CURVE('',#2078,#2093,#80,.T.);
#2622=EDGE_CURVE('',#2093,#2094,#967,.T.);
#2623=EDGE_CURVE('',#2094,#2095,#81,.T.);
#2624=EDGE_CURVE('',#2095,#2096,#968,.T.);
#2625=EDGE_CURVE('',#2096,#2097,#82,.T.);
#2626=EDGE_CURVE('',#2097,#2098,#969,.T.);
#2627=EDGE_CURVE('',#2098,#2099,#83,.T.);
#2628=EDGE_CURVE('',#2099,#2100,#84,.T.);
#2629=EDGE_CURVE('',#2100,#2101,#970,.T.);
#2630=EDGE_CURVE('',#2101,#2102,#85,.T.);
#2631=EDGE_CURVE('',#2102,#2103,#971,.T.);
#2632=EDGE_CURVE('',#2103,#2104,#86,.T.);
#2633=EDGE_CURVE('',#2104,#2105,#972,.T.);
#2634=EDGE_CURVE('',#2105,#2106,#87,.T.);
#2635=EDGE_CURVE('',#2106,#2107,#973,.T.);
#2636=EDGE_CURVE('',#2107,#2108,#88,.T.);
#2637=EDGE_CURVE('',#2108,#2109,#974,.T.);
#2638=EDGE_CURVE('',#2109,#2110,#89,.T.);
#2639=EDGE_CURVE('',#2110,#2111,#975,.T.);
#2640=EDGE_CURVE('',#2111,#2112,#90,.T.);
#2641=EDGE_CURVE('',#2112,#2113,#976,.T.);
#2642=EDGE_CURVE('',#2113,#1950,#91,.T.);
#2643=EDGE_CURVE('',#1952,#2114,#977,.T.);
#2644=EDGE_CURVE('',#2114,#2115,#92,.T.);
#2645=EDGE_CURVE('',#2115,#2116,#978,.T.);
#2646=EDGE_CURVE('',#2116,#2117,#979,.T.);
#2647=EDGE_CURVE('',#2117,#2118,#980,.T.);
#2648=EDGE_CURVE('',#2118,#2119,#93,.T.);
#2649=EDGE_CURVE('',#2119,#2120,#981,.T.);
#2650=EDGE_CURVE('',#2120,#2121,#94,.T.);
#2651=EDGE_CURVE('',#2121,#2122,#982,.T.);
#2652=EDGE_CURVE('',#2122,#2123,#95,.T.);
#2653=EDGE_CURVE('',#2123,#2124,#983,.T.);
#2654=EDGE_CURVE('',#2124,#2125,#96,.T.);
#2655=EDGE_CURVE('',#2125,#2126,#984,.T.);
#2656=EDGE_CURVE('',#2126,#2127,#97,.T.);
#2657=EDGE_CURVE('',#2127,#2128,#985,.T.);
#2658=EDGE_CURVE('',#2128,#2129,#98,.T.);
#2659=EDGE_CURVE('',#2129,#2130,#986,.T.);
#2660=EDGE_CURVE('',#2130,#2131,#99,.T.);
#2661=EDGE_CURVE('',#2131,#2132,#100,.T.);
#2662=EDGE_CURVE('',#2132,#2133,#987,.T.);
#2663=EDGE_CURVE('',#2133,#2134,#101,.T.);
#2664=EDGE_CURVE('',#2134,#2135,#988,.T.);
#2665=EDGE_CURVE('',#2135,#2136,#102,.T.);
#2666=EDGE_CURVE('',#2136,#2137,#103,.T.);
#2667=EDGE_CURVE('',#2137,#2138,#989,.T.);
#2668=EDGE_CURVE('',#2138,#2139,#104,.T.);
#2669=EDGE_CURVE('',#2139,#2140,#990,.T.);
#2670=EDGE_CURVE('',#2140,#2141,#105,.T.);
#2671=EDGE_CURVE('',#2141,#2142,#991,.T.);
#2672=EDGE_CURVE('',#2142,#2143,#106,.T.);
#2673=EDGE_CURVE('',#2143,#2144,#107,.T.);
#2674=EDGE_CURVE('',#2144,#2145,#992,.T.);
#2675=EDGE_CURVE('',#2145,#2146,#108,.T.);
#2676=EDGE_CURVE('',#2146,#2147,#993,.T.);
#2677=EDGE_CURVE('',#2147,#2148,#994,.T.);
#2678=EDGE_CURVE('',#2148,#2149,#109,.T.);
#2679=EDGE_CURVE('',#2149,#2033,#995,.T.);
#2680=EDGE_CURVE('',#2043,#2150,#996,.T.);
#2681=EDGE_CURVE('',#2150,#2151,#110,.T.);
#2682=EDGE_CURVE('',#2151,#2152,#997,.T.);
#2683=EDGE_CURVE('',#2152,#2079,#111,.T.);
#2684=EDGE_CURVE('',#2153,#2154,#112,.T.);
#2685=EDGE_CURVE('',#2154,#2155,#998,.T.);
#2686=EDGE_CURVE('',#2155,#2156,#113,.T.);
#2687=EDGE_CURVE('',#2156,#2157,#999,.T.);
#2688=EDGE_CURVE('',#2157,#2158,#114,.T.);
#2689=EDGE_CURVE('',#2158,#2159,#1000,.T.);
#2690=EDGE_CURVE('',#2159,#2160,#1001,.T.);
#2691=EDGE_CURVE('',#2160,#2161,#115,.T.);
#2692=EDGE_CURVE('',#2161,#2162,#1002,.T.);
#2693=EDGE_CURVE('',#2162,#2163,#1003,.T.);
#2694=EDGE_CURVE('',#2163,#2164,#116,.T.);
#2695=EDGE_CURVE('',#2164,#2165,#1004,.T.);
#2696=EDGE_CURVE('',#2165,#2166,#117,.T.);
#2697=EDGE_CURVE('',#2166,#2167,#1005,.T.);
#2698=EDGE_CURVE('',#2167,#2168,#1006,.T.);
#2699=EDGE_CURVE('',#2168,#2169,#1007,.T.);
#2700=EDGE_CURVE('',#2169,#2170,#1008,.T.);
#2701=EDGE_CURVE('',#2170,#2171,#1009,.T.);
#2702=EDGE_CURVE('',#2171,#2172,#118,.T.);
#2703=EDGE_CURVE('',#2172,#2173,#1010,.T.);
#2704=EDGE_CURVE('',#2173,#2174,#1011,.T.);
#2705=EDGE_CURVE('',#2174,#2175,#1012,.T.);
#2706=EDGE_CURVE('',#2175,#2176,#1013,.T.);
#2707=EDGE_CURVE('',#2176,#2177,#1014,.T.);
#2708=EDGE_CURVE('',#2177,#2178,#1015,.T.);
#2709=EDGE_CURVE('',#2178,#2179,#1016,.T.);
#2710=EDGE_CURVE('',#2179,#2153,#1017,.T.);
#2711=EDGE_CURVE('',#2180,#1961,#1018,.T.);
#2712=EDGE_CURVE('',#1960,#2181,#1019,.T.);
#2713=EDGE_CURVE('',#2181,#2180,#1020,.T.);
#2714=EDGE_CURVE('',#2182,#2182,#307,.T.);
#2715=EDGE_CURVE('',#2183,#1959,#1021,.T.);
#2716=EDGE_CURVE('',#2181,#2183,#1022,.T.);
#2717=EDGE_CURVE('',#1958,#2184,#1023,.T.);
#2718=EDGE_CURVE('',#2180,#2184,#1024,.T.);
#2719=EDGE_CURVE('',#2184,#2183,#1025,.T.);
#2720=EDGE_CURVE('',#2185,#2186,#119,.T.);
#2721=EDGE_CURVE('',#2185,#1979,#1026,.T.);
#2722=EDGE_CURVE('',#1978,#2186,#1027,.T.);
#2723=EDGE_CURVE('',#2186,#2187,#1028,.T.);
#2724=EDGE_CURVE('',#2187,#2188,#120,.T.);
#2725=EDGE_CURVE('',#2188,#2189,#1029,.T.);
#2726=EDGE_CURVE('',#2190,#2189,#1030,.T.);
#2727=EDGE_CURVE('',#2190,#2185,#1031,.T.);
#2728=EDGE_CURVE('',#2187,#1977,#1032,.T.);
#2729=EDGE_CURVE('',#2191,#2192,#121,.T.);
#2730=EDGE_CURVE('',#2191,#1983,#1033,.T.);
#2731=EDGE_CURVE('',#1982,#2192,#1034,.T.);
#2732=EDGE_CURVE('',#2193,#1981,#1035,.T.);
#2733=EDGE_CURVE('',#2192,#2193,#1036,.T.);
#2734=EDGE_CURVE('',#2194,#2195,#122,.T.);
#2735=EDGE_CURVE('',#2194,#1987,#1037,.T.);
#2736=EDGE_CURVE('',#1986,#2195,#1038,.T.);
#2737=EDGE_CURVE('',#2195,#2196,#1039,.T.);
#2738=EDGE_CURVE('',#2197,#2196,#1040,.T.);
#2739=EDGE_CURVE('',#2198,#2197,#1041,.T.);
#2740=EDGE_CURVE('',#2199,#2198,#1042,.T.);
#2741=EDGE_CURVE('',#2199,#2194,#1043,.T.);
#2742=EDGE_CURVE('',#2196,#1985,#1044,.T.);
#2743=EDGE_CURVE('',#2200,#2201,#123,.T.);
#2744=EDGE_CURVE('',#2200,#1994,#1045,.T.);
#2745=EDGE_CURVE('',#1993,#2201,#1046,.T.);
#2746=EDGE_CURVE('',#1992,#2202,#1047,.T.);
#2747=EDGE_CURVE('',#2201,#2202,#1048,.T.);
#2748=EDGE_CURVE('',#1976,#2188,#1049,.T.);
#2749=EDGE_CURVE('',#2189,#1975,#1050,.T.);
#2750=EDGE_CURVE('',#2203,#2204,#124,.T.);
#2751=EDGE_CURVE('',#2203,#1996,#1051,.T.);
#2752=EDGE_CURVE('',#1995,#2204,#1052,.T.);
#2753=EDGE_CURVE('',#2204,#2200,#1053,.T.);
#2754=EDGE_CURVE('',#2205,#2206,#125,.T.);
#2755=EDGE_CURVE('',#2205,#1973,#1054,.T.);
#2756=EDGE_CURVE('',#1972,#2206,#1055,.T.);
#2757=EDGE_CURVE('',#2206,#2207,#1056,.T.);
#2758=EDGE_CURVE('',#2208,#2207,#1057,.T.);
#2759=EDGE_CURVE('',#2209,#2208,#1058,.T.);
#2760=EDGE_CURVE('',#2210,#2209,#1059,.T.);
#2761=EDGE_CURVE('',#2211,#2210,#1060,.T.);
#2762=EDGE_CURVE('',#2212,#2211,#1061,.T.);
#2763=EDGE_CURVE('',#2213,#2212,#126,.T.);
#2764=EDGE_CURVE('',#2214,#2213,#1062,.T.);
#2765=EDGE_CURVE('',#2215,#2214,#1063,.T.);
#2766=EDGE_CURVE('',#2215,#2205,#1064,.T.);
#2767=EDGE_CURVE('',#2207,#1971,#1065,.T.);
#2768=EDGE_CURVE('',#2008,#1969,#1066,.T.);
#2769=EDGE_CURVE('',#2216,#2217,#127,.T.);
#2770=EDGE_CURVE('',#2216,#2218,#1067,.T.);
#2771=EDGE_CURVE('',#2218,#2219,#128,.T.);
#2772=EDGE_CURVE('',#2219,#2217,#1068,.T.);
#2773=EDGE_CURVE('',#2220,#2216,#1069,.T.);
#2774=EDGE_CURVE('',#2221,#2220,#1070,.T.);
#2775=EDGE_CURVE('',#2218,#2221,#1071,.T.);
#2776=EDGE_CURVE('',#2222,#2223,#129,.T.);
#2777=EDGE_CURVE('',#2222,#2224,#1072,.T.);
#2778=EDGE_CURVE('',#2224,#2225,#130,.T.);
#2779=EDGE_CURVE('',#2225,#2223,#1073,.T.);
#2780=EDGE_CURVE('',#2223,#2226,#1074,.T.);
#2781=EDGE_CURVE('',#2227,#2226,#1075,.T.);
#2782=EDGE_CURVE('',#2228,#2227,#1076,.T.);
#2783=EDGE_CURVE('',#2229,#2228,#131,.T.);
#2784=EDGE_CURVE('',#2230,#2229,#1077,.T.);
#2785=EDGE_CURVE('',#2231,#2230,#1078,.T.);
#2786=EDGE_CURVE('',#2232,#2231,#1079,.T.);
#2787=EDGE_CURVE('',#2233,#2232,#1080,.T.);
#2788=EDGE_CURVE('',#2234,#2233,#1081,.T.);
#2789=EDGE_CURVE('',#2234,#2222,#1082,.T.);
#2790=EDGE_CURVE('',#2235,#2225,#1083,.T.);
#2791=EDGE_CURVE('',#2226,#2235,#1084,.T.);
#2792=EDGE_CURVE('',#2236,#2237,#132,.T.);
#2793=EDGE_CURVE('',#2236,#2238,#1085,.T.);
#2794=EDGE_CURVE('',#2238,#2239,#133,.T.);
#2795=EDGE_CURVE('',#2239,#2237,#1086,.T.);
#2796=EDGE_CURVE('',#2240,#2239,#1087,.T.);
#2797=EDGE_CURVE('',#2241,#2240,#1088,.T.);
#2798=EDGE_CURVE('',#2237,#2241,#1089,.T.);
#2799=EDGE_CURVE('',#2242,#2243,#134,.T.);
#2800=EDGE_CURVE('',#2242,#2244,#1090,.T.);
#2801=EDGE_CURVE('',#2244,#2245,#135,.T.);
#2802=EDGE_CURVE('',#2245,#2243,#1091,.T.);
#2803=EDGE_CURVE('',#2243,#2246,#1092,.T.);
#2804=EDGE_CURVE('',#2247,#2246,#1093,.T.);
#2805=EDGE_CURVE('',#2248,#2247,#136,.T.);
#2806=EDGE_CURVE('',#2249,#2248,#1094,.T.);
#2807=EDGE_CURVE('',#2250,#2249,#137,.T.);
#2808=EDGE_CURVE('',#2251,#2250,#1095,.T.);
#2809=EDGE_CURVE('',#2252,#2251,#1096,.T.);
#2810=EDGE_CURVE('',#2252,#2253,#1097,.T.);
#2811=EDGE_CURVE('',#2254,#2253,#138,.T.);
#2812=EDGE_CURVE('',#2255,#2254,#1098,.T.);
#2813=EDGE_CURVE('',#2255,#2242,#1099,.T.);
#2814=EDGE_CURVE('',#2256,#2245,#1100,.T.);
#2815=EDGE_CURVE('',#2246,#2256,#1101,.T.);
#2816=EDGE_CURVE('',#2257,#2258,#139,.T.);
#2817=EDGE_CURVE('',#2257,#2259,#1102,.T.);
#2818=EDGE_CURVE('',#2259,#2260,#140,.T.);
#2819=EDGE_CURVE('',#2260,#2258,#1103,.T.);
#2820=EDGE_CURVE('',#2261,#2257,#1104,.T.);
#2821=EDGE_CURVE('',#2262,#2261,#1105,.T.);
#2822=EDGE_CURVE('',#2259,#2262,#1106,.T.);
#2823=EDGE_CURVE('',#2241,#2263,#141,.T.);
#2824=EDGE_CURVE('',#2240,#2264,#142,.T.);
#2825=EDGE_CURVE('',#2264,#2263,#1107,.T.);
#2826=EDGE_CURVE('',#2265,#2264,#1108,.T.);
#2827=EDGE_CURVE('',#2266,#2265,#1109,.T.);
#2828=EDGE_CURVE('',#2263,#2266,#1110,.T.);
#2829=EDGE_CURVE('',#2267,#2261,#143,.T.);
#2830=EDGE_CURVE('',#2267,#2268,#1111,.T.);
#2831=EDGE_CURVE('',#2268,#2262,#144,.T.);
#2832=EDGE_CURVE('',#2217,#2267,#1112,.T.);
#2833=EDGE_CURVE('',#2258,#2269,#1113,.T.);
#2834=EDGE_CURVE('',#2270,#2269,#1114,.T.);
#2835=EDGE_CURVE('',#2220,#2270,#145,.T.);
#2836=EDGE_CURVE('',#2271,#2272,#146,.T.);
#2837=EDGE_CURVE('',#2271,#2273,#1115,.T.);
#2838=EDGE_CURVE('',#2273,#2274,#147,.T.);
#2839=EDGE_CURVE('',#2274,#2272,#1116,.T.);
#2840=EDGE_CURVE('',#2275,#2274,#1117,.T.);
#2841=EDGE_CURVE('',#2276,#2275,#1118,.T.);
#2842=EDGE_CURVE('',#2272,#2276,#1119,.T.);
#2843=EDGE_CURVE('',#2277,#2278,#148,.T.);
#2844=EDGE_CURVE('',#2277,#2279,#1120,.T.);
#2845=EDGE_CURVE('',#2279,#2280,#149,.T.);
#2846=EDGE_CURVE('',#2280,#2278,#1121,.T.);
#2847=EDGE_CURVE('',#2281,#2280,#1122,.T.);
#2848=EDGE_CURVE('',#2282,#2281,#1123,.T.);
#2849=EDGE_CURVE('',#2278,#2282,#1124,.T.);
#2850=EDGE_CURVE('',#2283,#2284,#1125,.T.);
#2851=EDGE_CURVE('',#2284,#2260,#1126,.T.);
#2852=EDGE_CURVE('',#2268,#2219,#1127,.T.);
#2853=EDGE_CURVE('',#2285,#2221,#150,.T.);
#2854=EDGE_CURVE('',#2285,#2286,#1128,.T.);
#2855=EDGE_CURVE('',#2281,#2286,#1129,.T.);
#2856=EDGE_CURVE('',#2279,#2287,#1130,.T.);
#2857=EDGE_CURVE('',#2275,#2287,#1131,.T.);
#2858=EDGE_CURVE('',#2273,#2288,#1132,.T.);
#2859=EDGE_CURVE('',#2265,#2288,#1133,.T.);
#2860=EDGE_CURVE('',#2238,#2289,#1134,.T.);
#2861=EDGE_CURVE('',#2235,#2289,#1135,.T.);
#2862=EDGE_CURVE('',#2224,#2290,#1136,.T.);
#2863=EDGE_CURVE('',#2256,#2290,#1137,.T.);
#2864=EDGE_CURVE('',#2244,#2283,#1138,.T.);
#2865=EDGE_CURVE('',#2291,#2292,#151,.T.);
#2866=EDGE_CURVE('',#2291,#2293,#1139,.T.);
#2867=EDGE_CURVE('',#2294,#2293,#1140,.T.);
#2868=EDGE_CURVE('',#2294,#2292,#1141,.T.);
#2869=EDGE_CURVE('',#2290,#2234,#1142,.T.);
#2870=EDGE_CURVE('',#2295,#2236,#1143,.T.);
#2871=EDGE_CURVE('',#2289,#2295,#1144,.T.);
#2872=EDGE_CURVE('',#2255,#2283,#1145,.T.);
#2873=EDGE_CURVE('',#2296,#2252,#1146,.T.);
#2874=EDGE_CURVE('',#2297,#2296,#1147,.T.);
#2875=EDGE_CURVE('',#2253,#2297,#1148,.T.);
#2876=EDGE_CURVE('',#2292,#2000,#1149,.T.);
#2877=EDGE_CURVE('',#2001,#2294,#1150,.T.);
#2878=EDGE_CURVE('',#2298,#2271,#1151,.T.);
#2879=EDGE_CURVE('',#2288,#2298,#1152,.T.);
#2880=EDGE_CURVE('',#2284,#2269,#1153,.T.);
#2881=EDGE_CURVE('',#2299,#2203,#1154,.T.);
#2882=EDGE_CURVE('',#1966,#2299,#1155,.T.);
#2883=EDGE_CURVE('',#2300,#2277,#1156,.T.);
#2884=EDGE_CURVE('',#2287,#2300,#1157,.T.);
#2885=EDGE_CURVE('',#1988,#2199,#1158,.T.);
#2886=EDGE_CURVE('',#2301,#1991,#1159,.T.);
#2887=EDGE_CURVE('',#2202,#2301,#1160,.T.);
#2888=EDGE_CURVE('',#2302,#2291,#1161,.T.);
#2889=EDGE_CURVE('',#2303,#2302,#1162,.T.);
#2890=EDGE_CURVE('',#2293,#2303,#1163,.T.);
#2891=EDGE_CURVE('',#2304,#2305,#1164,.T.);
#2892=EDGE_CURVE('',#2306,#2304,#1165,.T.);
#2893=EDGE_CURVE('',#2307,#2306,#1166,.T.);
#2894=EDGE_CURVE('',#2305,#2307,#1167,.T.);
#2895=EDGE_CURVE('',#2286,#2308,#1168,.T.);
#2896=EDGE_CURVE('',#2309,#2285,#1169,.T.);
#2897=EDGE_CURVE('',#2308,#2309,#1170,.T.);
#2898=EDGE_CURVE('',#2310,#1989,#1171,.T.);
#2899=EDGE_CURVE('',#2311,#2310,#1172,.T.);
#2900=EDGE_CURVE('',#1990,#2311,#1173,.T.);
#2901=EDGE_CURVE('',#2305,#2296,#1174,.T.);
#2902=EDGE_CURVE('',#2297,#2307,#152,.T.);
#2903=EDGE_CURVE('',#1970,#2007,#1175,.T.);
#2904=EDGE_CURVE('',#2312,#2191,#1176,.T.);
#2905=EDGE_CURVE('',#1984,#2312,#1177,.T.);
#2906=EDGE_CURVE('',#1974,#2215,#1178,.T.);
#2907=EDGE_CURVE('',#1980,#2190,#1179,.T.);
#2908=EDGE_CURVE('',#2313,#2214,#1180,.T.);
#2909=EDGE_CURVE('',#2314,#2313,#1181,.T.);
#2910=EDGE_CURVE('',#2314,#2315,#1182,.T.);
#2911=EDGE_CURVE('',#2315,#2193,#1183,.T.);
#2912=EDGE_CURVE('',#2316,#2006,#1184,.T.);
#2913=EDGE_CURVE('',#2317,#2316,#1185,.T.);
#2914=EDGE_CURVE('',#2317,#2208,#1186,.T.);
#2915=EDGE_CURVE('',#2318,#2319,#153,.T.);
#2916=EDGE_CURVE('',#2318,#2320,#1187,.T.);
#2917=EDGE_CURVE('',#2320,#2302,#154,.T.);
#2918=EDGE_CURVE('',#2319,#1999,#1188,.T.);
#2919=EDGE_CURVE('',#2321,#2320,#1189,.T.);
#2920=EDGE_CURVE('',#2322,#2321,#155,.T.);
#2921=EDGE_CURVE('',#2323,#2322,#1190,.T.);
#2922=EDGE_CURVE('',#2324,#2323,#1191,.T.);
#2923=EDGE_CURVE('',#2325,#2324,#156,.T.);
#2924=EDGE_CURVE('',#2303,#2325,#1192,.T.);
#2925=EDGE_CURVE('',#2326,#2301,#157,.T.);
#2926=EDGE_CURVE('',#2299,#2326,#1193,.T.);
#2927=EDGE_CURVE('',#2327,#2310,#1194,.T.);
#2928=EDGE_CURVE('',#2328,#2327,#1195,.T.);
#2929=EDGE_CURVE('',#2329,#2328,#1196,.T.);
#2930=EDGE_CURVE('',#2330,#2329,#1197,.T.);
#2931=EDGE_CURVE('',#2311,#2330,#158,.T.);
#2932=EDGE_CURVE('',#2312,#2315,#1198,.T.);
#2933=EDGE_CURVE('',#2306,#2331,#159,.T.);
#2934=EDGE_CURVE('',#2156,#2331,#1199,.T.);
#2935=EDGE_CURVE('',#2155,#2254,#1200,.T.);
#2936=EDGE_CURVE('',#2295,#2266,#1201,.T.);
#2937=EDGE_CURVE('',#2298,#2332,#1202,.T.);
#2938=EDGE_CURVE('',#2174,#2332,#1203,.T.);
#2939=EDGE_CURVE('',#2173,#2227,#1204,.T.);
#2940=EDGE_CURVE('',#2300,#2333,#1205,.T.);
#2941=EDGE_CURVE('',#2175,#2333,#1206,.T.);
#2942=EDGE_CURVE('',#2332,#2276,#1207,.T.);
#2943=EDGE_CURVE('',#2308,#2334,#1208,.T.);
#2944=EDGE_CURVE('',#2177,#2334,#1209,.T.);
#2945=EDGE_CURVE('',#2176,#2335,#1210,.T.);
#2946=EDGE_CURVE('',#2335,#2282,#1211,.T.);
#2947=EDGE_CURVE('',#2336,#2309,#160,.T.);
#2948=EDGE_CURVE('',#2337,#2336,#1212,.T.);
#2949=EDGE_CURVE('',#2338,#2337,#1213,.T.);
#2950=EDGE_CURVE('',#2334,#2338,#1214,.T.);
#2951=EDGE_CURVE('',#2333,#2335,#1215,.T.);
#2952=EDGE_CURVE('',#2339,#2304,#1216,.T.);
#2953=EDGE_CURVE('',#2340,#2339,#161,.T.);
#2954=EDGE_CURVE('',#2341,#2340,#1217,.T.);
#2955=EDGE_CURVE('',#2342,#2341,#1218,.T.);
#2956=EDGE_CURVE('',#2343,#2342,#162,.T.);
#2957=EDGE_CURVE('',#2331,#2343,#1219,.T.);
#2958=EDGE_CURVE('',#2344,#2345,#1220,.T.);
#2959=EDGE_CURVE('',#2344,#2346,#1221,.T.);
#2960=EDGE_CURVE('',#2347,#2346,#1222,.T.);
#2961=EDGE_CURVE('',#2345,#2347,#1223,.T.);
#2962=EDGE_CURVE('',#2348,#2346,#1224,.T.);
#2963=EDGE_CURVE('',#2349,#2348,#163,.T.);
#2964=EDGE_CURVE('',#2350,#2349,#1225,.T.);
#2965=EDGE_CURVE('',#2351,#2350,#164,.T.);
#2966=EDGE_CURVE('',#2352,#2351,#165,.T.);
#2967=EDGE_CURVE('',#2353,#2352,#1226,.T.);
#2968=EDGE_CURVE('',#2354,#2353,#166,.T.);
#2969=EDGE_CURVE('',#2355,#2354,#1227,.T.);
#2970=EDGE_CURVE('',#2356,#2355,#167,.T.);
#2971=EDGE_CURVE('',#2357,#2356,#1228,.T.);
#2972=EDGE_CURVE('',#2358,#2357,#168,.T.);
#2973=EDGE_CURVE('',#2359,#2358,#169,.T.);
#2974=EDGE_CURVE('',#2360,#2359,#1229,.T.);
#2975=EDGE_CURVE('',#2361,#2360,#170,.T.);
#2976=EDGE_CURVE('',#2362,#2361,#1230,.T.);
#2977=EDGE_CURVE('',#2363,#2362,#171,.T.);
#2978=EDGE_CURVE('',#2364,#2363,#172,.T.);
#2979=EDGE_CURVE('',#2365,#2364,#1231,.T.);
#2980=EDGE_CURVE('',#2366,#2365,#173,.T.);
#2981=EDGE_CURVE('',#2347,#2366,#1232,.T.);
#2982=EDGE_CURVE('',#2366,#2128,#1233,.T.);
#2983=EDGE_CURVE('',#2347,#2127,#1234,.T.);
#2984=EDGE_CURVE('',#2365,#2129,#1235,.T.);
#2985=EDGE_CURVE('',#2364,#2130,#1236,.T.);
#2986=EDGE_CURVE('',#2363,#2131,#1237,.T.);
#2987=EDGE_CURVE('',#2362,#2132,#1238,.T.);
#2988=EDGE_CURVE('',#2361,#2133,#1239,.T.);
#2989=EDGE_CURVE('',#2360,#2134,#1240,.T.);
#2990=EDGE_CURVE('',#2359,#2135,#1241,.T.);
#2991=EDGE_CURVE('',#2358,#2136,#1242,.T.);
#2992=EDGE_CURVE('',#2357,#2137,#1243,.T.);
#2993=EDGE_CURVE('',#2356,#2138,#1244,.T.);
#2994=EDGE_CURVE('',#2355,#2139,#1245,.T.);
#2995=EDGE_CURVE('',#2354,#2140,#1246,.T.);
#2996=EDGE_CURVE('',#2353,#2141,#1247,.T.);
#2997=EDGE_CURVE('',#2352,#2142,#1248,.T.);
#2998=EDGE_CURVE('',#2351,#2143,#1249,.T.);
#2999=EDGE_CURVE('',#2350,#2144,#1250,.T.);
#3000=EDGE_CURVE('',#2349,#2145,#1251,.T.);
#3001=EDGE_CURVE('',#2348,#2146,#1252,.T.);
#3002=EDGE_CURVE('',#2346,#2147,#1253,.T.);
#3003=EDGE_CURVE('',#2367,#2330,#1254,.T.);
#3004=EDGE_CURVE('',#2368,#2367,#174,.T.);
#3005=EDGE_CURVE('',#2368,#2326,#1255,.T.);
#3006=EDGE_CURVE('',#2319,#2368,#1256,.T.);
#3007=EDGE_CURVE('',#2369,#2318,#1257,.T.);
#3008=EDGE_CURVE('',#2369,#2321,#1258,.T.);
#3009=EDGE_CURVE('',#2370,#2369,#175,.T.);
#3010=EDGE_CURVE('',#2370,#2322,#1259,.T.);
#3011=EDGE_CURVE('',#2371,#2370,#1260,.T.);
#3012=EDGE_CURVE('',#2371,#2323,#1261,.T.);
#3013=EDGE_CURVE('',#2372,#2371,#1262,.T.);
#3014=EDGE_CURVE('',#2372,#2324,#1263,.T.);
#3015=EDGE_CURVE('',#2373,#2372,#176,.T.);
#3016=EDGE_CURVE('',#2373,#2325,#1264,.T.);
#3017=EDGE_CURVE('',#2374,#2373,#1265,.T.);
#3018=EDGE_CURVE('',#2374,#2002,#1266,.T.);
#3019=EDGE_CURVE('',#2375,#2374,#1267,.T.);
#3020=EDGE_CURVE('',#2375,#2003,#1268,.T.);
#3021=EDGE_CURVE('',#2376,#2375,#177,.T.);
#3022=EDGE_CURVE('',#2376,#2004,#1269,.T.);
#3023=EDGE_CURVE('',#2377,#2376,#1270,.T.);
#3024=EDGE_CURVE('',#2377,#2005,#1271,.T.);
#3025=EDGE_CURVE('',#2316,#2377,#178,.T.);
#3026=EDGE_CURVE('',#2378,#2317,#1272,.T.);
#3027=EDGE_CURVE('',#2378,#2209,#1273,.T.);
#3028=EDGE_CURVE('',#2379,#2378,#1274,.T.);
#3029=EDGE_CURVE('',#2379,#2210,#1275,.T.);
#3030=EDGE_CURVE('',#2380,#2379,#1276,.T.);
#3031=EDGE_CURVE('',#2380,#2211,#1277,.T.);
#3032=EDGE_CURVE('',#2381,#2380,#1278,.T.);
#3033=EDGE_CURVE('',#2381,#2212,#1279,.T.);
#3034=EDGE_CURVE('',#2382,#2381,#179,.T.);
#3035=EDGE_CURVE('',#2382,#2213,#1280,.T.);
#3036=EDGE_CURVE('',#2313,#2382,#1281,.T.);
#3037=EDGE_CURVE('',#2383,#2314,#1282,.T.);
#3038=EDGE_CURVE('',#2383,#2197,#1283,.T.);
#3039=EDGE_CURVE('',#2384,#2383,#1284,.T.);
#3040=EDGE_CURVE('',#2384,#2198,#1285,.T.);
#3041=EDGE_CURVE('',#2385,#2384,#1286,.T.);
#3042=EDGE_CURVE('',#2385,#2327,#1287,.T.);
#3043=EDGE_CURVE('',#2386,#2385,#1288,.T.);
#3044=EDGE_CURVE('',#2386,#2328,#1289,.T.);
#3045=EDGE_CURVE('',#2387,#2386,#1290,.T.);
#3046=EDGE_CURVE('',#2387,#2329,#1291,.T.);
#3047=EDGE_CURVE('',#2367,#2387,#1292,.T.);
#3048=EDGE_CURVE('',#2178,#2338,#1293,.T.);
#3049=EDGE_CURVE('',#2179,#2337,#1294,.T.);
#3050=EDGE_CURVE('',#2172,#2228,#1295,.T.);
#3051=EDGE_CURVE('',#2171,#2229,#1296,.T.);
#3052=EDGE_CURVE('',#2170,#2230,#1297,.T.);
#3053=EDGE_CURVE('',#2169,#2231,#1298,.T.);
#3054=EDGE_CURVE('',#2168,#2232,#1299,.T.);
#3055=EDGE_CURVE('',#2167,#2233,#1300,.T.);
#3056=EDGE_CURVE('',#2166,#2247,#1301,.T.);
#3057=EDGE_CURVE('',#2165,#2248,#1302,.T.);
#3058=EDGE_CURVE('',#2164,#2249,#1303,.T.);
#3059=EDGE_CURVE('',#2163,#2250,#1304,.T.);
#3060=EDGE_CURVE('',#2162,#2251,#1305,.T.);
#3061=EDGE_CURVE('',#2161,#2339,#1306,.T.);
#3062=EDGE_CURVE('',#2160,#2340,#1307,.T.);
#3063=EDGE_CURVE('',#2159,#2341,#1308,.T.);
#3064=EDGE_CURVE('',#2158,#2342,#1309,.T.);
#3065=EDGE_CURVE('',#2157,#2343,#1310,.T.);
#3066=EDGE_CURVE('',#2154,#2270,#1311,.T.);
#3067=EDGE_CURVE('',#2153,#2336,#1312,.T.);
#3068=EDGE_CURVE('',#2388,#2389,#180,.T.);
#3069=EDGE_CURVE('',#2388,#2123,#1313,.T.);
#3070=EDGE_CURVE('',#2389,#2122,#1314,.T.);
#3071=EDGE_CURVE('',#2389,#2390,#1315,.T.);
#3072=EDGE_CURVE('',#2390,#2121,#1316,.T.);
#3073=EDGE_CURVE('',#2390,#2391,#181,.T.);
#3074=EDGE_CURVE('',#2391,#2120,#1317,.T.);
#3075=EDGE_CURVE('',#2391,#2392,#1318,.T.);
#3076=EDGE_CURVE('',#2392,#2119,#1319,.T.);
#3077=EDGE_CURVE('',#2392,#2393,#182,.T.);
#3078=EDGE_CURVE('',#2393,#2118,#1320,.T.);
#3079=EDGE_CURVE('',#2393,#2394,#1321,.T.);
#3080=EDGE_CURVE('',#2394,#2117,#1322,.T.);
#3081=EDGE_CURVE('',#2394,#2395,#1323,.T.);
#3082=EDGE_CURVE('',#2395,#2116,#1324,.T.);
#3083=EDGE_CURVE('',#2395,#2396,#1325,.T.);
#3084=EDGE_CURVE('',#2396,#2115,#1326,.T.);
#3085=EDGE_CURVE('',#2396,#2397,#183,.T.);
#3086=EDGE_CURVE('',#2397,#2114,#1327,.T.);
#3087=EDGE_CURVE('',#2397,#1945,#1328,.T.);
#3088=EDGE_CURVE('',#1944,#2398,#184,.T.);
#3089=EDGE_CURVE('',#2398,#2113,#1329,.T.);
#3090=EDGE_CURVE('',#2398,#2399,#1330,.T.);
#3091=EDGE_CURVE('',#2399,#2112,#1331,.T.);
#3092=EDGE_CURVE('',#2399,#2400,#185,.T.);
#3093=EDGE_CURVE('',#2400,#2111,#1332,.T.);
#3094=EDGE_CURVE('',#2400,#2401,#1333,.T.);
#3095=EDGE_CURVE('',#2401,#2110,#1334,.T.);
#3096=EDGE_CURVE('',#2401,#2402,#186,.T.);
#3097=EDGE_CURVE('',#2402,#2109,#1335,.T.);
#3098=EDGE_CURVE('',#2402,#2403,#1336,.T.);
#3099=EDGE_CURVE('',#2403,#2108,#1337,.T.);
#3100=EDGE_CURVE('',#2403,#2404,#187,.T.);
#3101=EDGE_CURVE('',#2404,#2107,#1338,.T.);
#3102=EDGE_CURVE('',#2404,#2405,#1339,.T.);
#3103=EDGE_CURVE('',#2405,#2106,#1340,.T.);
#3104=EDGE_CURVE('',#2405,#2406,#188,.T.);
#3105=EDGE_CURVE('',#2406,#2105,#1341,.T.);
#3106=EDGE_CURVE('',#2406,#2407,#1342,.T.);
#3107=EDGE_CURVE('',#2407,#2104,#1343,.T.);
#3108=EDGE_CURVE('',#2407,#2047,#189,.T.);
#3109=EDGE_CURVE('',#2044,#2103,#1344,.T.);
#3110=EDGE_CURVE('',#2049,#2102,#1345,.T.);
#3111=EDGE_CURVE('',#2050,#2101,#1346,.T.);
#3112=EDGE_CURVE('',#2051,#2100,#1347,.T.);
#3113=EDGE_CURVE('',#2052,#2099,#1348,.T.);
#3114=EDGE_CURVE('',#2053,#2098,#1349,.T.);
#3115=EDGE_CURVE('',#2054,#2097,#1350,.T.);
#3116=EDGE_CURVE('',#2055,#2096,#1351,.T.);
#3117=EDGE_CURVE('',#2056,#2095,#1352,.T.);
#3118=EDGE_CURVE('',#2057,#2094,#1353,.T.);
#3119=EDGE_CURVE('',#2058,#2093,#1354,.T.);
#3120=EDGE_CURVE('',#2046,#2408,#1355,.T.);
#3121=EDGE_CURVE('',#2408,#2092,#1356,.T.);
#3122=EDGE_CURVE('',#2408,#2409,#190,.T.);
#3123=EDGE_CURVE('',#2409,#2091,#1357,.T.);
#3124=EDGE_CURVE('',#2409,#2410,#1358,.T.);
#3125=EDGE_CURVE('',#2410,#2090,#1359,.T.);
#3126=EDGE_CURVE('',#2410,#2411,#191,.T.);
#3127=EDGE_CURVE('',#2411,#2089,#1360,.T.);
#3128=EDGE_CURVE('',#2411,#2412,#1361,.T.);
#3129=EDGE_CURVE('',#2412,#2088,#1362,.T.);
#3130=EDGE_CURVE('',#2412,#2413,#192,.T.);
#3131=EDGE_CURVE('',#2413,#2087,#1363,.T.);
#3132=EDGE_CURVE('',#2413,#2414,#1364,.T.);
#3133=EDGE_CURVE('',#2011,#2086,#1365,.T.);
#3134=EDGE_CURVE('',#2414,#2149,#1366,.T.);
#3135=EDGE_CURVE('',#2012,#2085,#1367,.T.);
#3136=EDGE_CURVE('',#2013,#2084,#1368,.T.);
#3137=EDGE_CURVE('',#2014,#2083,#1369,.T.);
#3138=EDGE_CURVE('',#2015,#2082,#1370,.T.);
#3139=EDGE_CURVE('',#2016,#2081,#1371,.T.);
#3140=EDGE_CURVE('',#2017,#2080,#1372,.T.);
#3141=EDGE_CURVE('',#2018,#2079,#1373,.T.);
#3142=EDGE_CURVE('',#2019,#2152,#1374,.T.);
#3143=EDGE_CURVE('',#2020,#2151,#1375,.T.);
#3144=EDGE_CURVE('',#2021,#2150,#1376,.T.);
#3145=EDGE_CURVE('',#2414,#2415,#193,.T.);
#3146=EDGE_CURVE('',#2415,#2148,#1377,.T.);
#3147=EDGE_CURVE('',#2415,#2344,#1378,.T.);
#3148=EDGE_CURVE('',#2345,#2416,#194,.T.);
#3149=EDGE_CURVE('',#2416,#2126,#1379,.T.);
#3150=EDGE_CURVE('',#2416,#2417,#1380,.T.);
#3151=EDGE_CURVE('',#2417,#2125,#1381,.T.);
#3152=EDGE_CURVE('',#2417,#2418,#195,.T.);
#3153=EDGE_CURVE('',#2418,#2124,#1382,.T.);
#3154=EDGE_CURVE('',#2418,#2388,#1383,.T.);
#3155=ORIENTED_EDGE('',*,*,#2419,.T.);
#3156=ORIENTED_EDGE('',*,*,#2420,.T.);
#3157=ORIENTED_EDGE('',*,*,#2421,.T.);
#3158=ORIENTED_EDGE('',*,*,#2422,.T.);
#3159=ORIENTED_EDGE('',*,*,#2423,.F.);
#3160=ORIENTED_EDGE('',*,*,#2424,.T.);
#3161=ORIENTED_EDGE('',*,*,#2425,.T.);
#3162=ORIENTED_EDGE('',*,*,#2426,.T.);
#3163=ORIENTED_EDGE('',*,*,#2427,.T.);
#3164=ORIENTED_EDGE('',*,*,#2428,.F.);
#3165=ORIENTED_EDGE('',*,*,#2420,.F.);
#3166=ORIENTED_EDGE('',*,*,#2429,.T.);
#3167=ORIENTED_EDGE('',*,*,#2427,.F.);
#3168=ORIENTED_EDGE('',*,*,#2430,.F.);
#3169=ORIENTED_EDGE('',*,*,#2421,.F.);
#3170=ORIENTED_EDGE('',*,*,#2430,.T.);
#3171=ORIENTED_EDGE('',*,*,#2426,.F.);
#3172=ORIENTED_EDGE('',*,*,#2431,.F.);
#3173=ORIENTED_EDGE('',*,*,#2422,.F.);
#3174=ORIENTED_EDGE('',*,*,#2431,.T.);
#3175=ORIENTED_EDGE('',*,*,#2425,.F.);
#3176=ORIENTED_EDGE('',*,*,#2432,.F.);
#3177=ORIENTED_EDGE('',*,*,#2419,.F.);
#3178=ORIENTED_EDGE('',*,*,#2432,.T.);
#3179=ORIENTED_EDGE('',*,*,#2424,.F.);
#3180=ORIENTED_EDGE('',*,*,#2429,.F.);
#3181=ORIENTED_EDGE('',*,*,#2428,.T.);
#3182=ORIENTED_EDGE('',*,*,#2433,.T.);
#3183=ORIENTED_EDGE('',*,*,#2434,.F.);
#3184=ORIENTED_EDGE('',*,*,#2435,.F.);
#3185=ORIENTED_EDGE('',*,*,#2436,.F.);
#3186=ORIENTED_EDGE('',*,*,#2433,.F.);
#3187=ORIENTED_EDGE('',*,*,#2437,.T.);
#3188=ORIENTED_EDGE('',*,*,#2438,.F.);
#3189=ORIENTED_EDGE('',*,*,#2439,.F.);
#3190=ORIENTED_EDGE('',*,*,#2440,.F.);
#3191=ORIENTED_EDGE('',*,*,#2441,.F.);
#3192=ORIENTED_EDGE('',*,*,#2442,.F.);
#3193=ORIENTED_EDGE('',*,*,#2443,.F.);
#3194=ORIENTED_EDGE('',*,*,#2437,.F.);
#3195=ORIENTED_EDGE('',*,*,#2444,.F.);
#3196=ORIENTED_EDGE('',*,*,#2443,.T.);
#3197=ORIENTED_EDGE('',*,*,#2445,.F.);
#3198=ORIENTED_EDGE('',*,*,#2446,.F.);
#3199=ORIENTED_EDGE('',*,*,#2447,.F.);
#3200=ORIENTED_EDGE('',*,*,#2442,.T.);
#3201=ORIENTED_EDGE('',*,*,#2448,.F.);
#3202=ORIENTED_EDGE('',*,*,#2449,.F.);
#3203=ORIENTED_EDGE('',*,*,#2445,.T.);
#3204=ORIENTED_EDGE('',*,*,#2441,.T.);
#3205=ORIENTED_EDGE('',*,*,#2450,.T.);
#3206=ORIENTED_EDGE('',*,*,#2451,.F.);
#3207=ORIENTED_EDGE('',*,*,#2448,.T.);
#3208=ORIENTED_EDGE('',*,*,#2435,.T.);
#3209=ORIENTED_EDGE('',*,*,#2434,.T.);
#3210=ORIENTED_EDGE('',*,*,#2436,.T.);
#3211=ORIENTED_EDGE('',*,*,#2452,.F.);
#3212=ORIENTED_EDGE('',*,*,#2453,.F.);
#3213=ORIENTED_EDGE('',*,*,#2454,.T.);
#3214=ORIENTED_EDGE('',*,*,#2455,.F.);
#3215=ORIENTED_EDGE('',*,*,#2456,.T.);
#3216=ORIENTED_EDGE('',*,*,#2452,.T.);
#3217=ORIENTED_EDGE('',*,*,#2457,.F.);
#3218=ORIENTED_EDGE('',*,*,#2454,.F.);
#3219=ORIENTED_EDGE('',*,*,#2458,.F.);
#3220=ORIENTED_EDGE('',*,*,#2457,.T.);
#3221=ORIENTED_EDGE('',*,*,#2455,.T.);
#3222=ORIENTED_EDGE('',*,*,#2453,.T.);
#3223=ORIENTED_EDGE('',*,*,#2459,.T.);
#3224=ORIENTED_EDGE('',*,*,#2460,.F.);
#3225=ORIENTED_EDGE('',*,*,#2461,.F.);
#3226=ORIENTED_EDGE('',*,*,#2458,.T.);
#3227=ORIENTED_EDGE('',*,*,#2462,.F.);
#3228=ORIENTED_EDGE('',*,*,#2463,.F.);
#3229=ORIENTED_EDGE('',*,*,#2464,.T.);
#3230=ORIENTED_EDGE('',*,*,#2465,.F.);
#3231=ORIENTED_EDGE('',*,*,#2466,.T.);
#3232=ORIENTED_EDGE('',*,*,#2423,.T.);
#3233=ORIENTED_EDGE('',*,*,#2466,.F.);
#3234=ORIENTED_EDGE('',*,*,#2434,.T.);
#3235=ORIENTED_EDGE('',*,*,#2436,.T.);
#3236=ORIENTED_EDGE('',*,*,#2435,.T.);
#3237=ORIENTED_EDGE('',*,*,#2465,.T.);
#3238=ORIENTED_EDGE('',*,*,#2467,.F.);
#3239=ORIENTED_EDGE('',*,*,#2468,.F.);
#3240=ORIENTED_EDGE('',*,*,#2467,.T.);
#3241=ORIENTED_EDGE('',*,*,#2469,.T.);
#3242=ORIENTED_EDGE('',*,*,#2470,.T.);
#3243=ORIENTED_EDGE('',*,*,#2471,.T.);
#3244=ORIENTED_EDGE('',*,*,#2472,.F.);
#3245=ORIENTED_EDGE('',*,*,#2473,.T.);
#3246=ORIENTED_EDGE('',*,*,#2474,.F.);
#3247=ORIENTED_EDGE('',*,*,#2475,.T.);
#3248=ORIENTED_EDGE('',*,*,#2476,.F.);
#3249=ORIENTED_EDGE('',*,*,#2477,.T.);
#3250=ORIENTED_EDGE('',*,*,#2478,.F.);
#3251=ORIENTED_EDGE('',*,*,#2479,.T.);
#3252=ORIENTED_EDGE('',*,*,#2480,.F.);
#3253=ORIENTED_EDGE('',*,*,#2481,.T.);
#3254=ORIENTED_EDGE('',*,*,#2482,.F.);
#3255=ORIENTED_EDGE('',*,*,#2483,.T.);
#3256=ORIENTED_EDGE('',*,*,#2484,.F.);
#3257=ORIENTED_EDGE('',*,*,#2485,.T.);
#3258=ORIENTED_EDGE('',*,*,#2486,.F.);
#3259=ORIENTED_EDGE('',*,*,#2487,.T.);
#3260=ORIENTED_EDGE('',*,*,#2488,.F.);
#3261=ORIENTED_EDGE('',*,*,#2489,.T.);
#3262=ORIENTED_EDGE('',*,*,#2490,.F.);
#3263=ORIENTED_EDGE('',*,*,#2491,.T.);
#3264=ORIENTED_EDGE('',*,*,#2492,.F.);
#3265=ORIENTED_EDGE('',*,*,#2493,.T.);
#3266=ORIENTED_EDGE('',*,*,#2494,.F.);
#3267=ORIENTED_EDGE('',*,*,#2495,.T.);
#3268=ORIENTED_EDGE('',*,*,#2496,.T.);
#3269=ORIENTED_EDGE('',*,*,#2497,.F.);
#3270=ORIENTED_EDGE('',*,*,#2498,.T.);
#3271=ORIENTED_EDGE('',*,*,#2499,.F.);
#3272=ORIENTED_EDGE('',*,*,#2500,.T.);
#3273=ORIENTED_EDGE('',*,*,#2501,.T.);
#3274=ORIENTED_EDGE('',*,*,#2502,.F.);
#3275=ORIENTED_EDGE('',*,*,#2503,.F.);
#3276=ORIENTED_EDGE('',*,*,#2471,.F.);
#3277=ORIENTED_EDGE('',*,*,#2504,.T.);
#3278=ORIENTED_EDGE('',*,*,#2505,.F.);
#3279=ORIENTED_EDGE('',*,*,#2506,.T.);
#3280=ORIENTED_EDGE('',*,*,#2507,.F.);
#3281=ORIENTED_EDGE('',*,*,#2508,.F.);
#3282=ORIENTED_EDGE('',*,*,#2509,.F.);
#3283=ORIENTED_EDGE('',*,*,#2510,.F.);
#3284=ORIENTED_EDGE('',*,*,#2511,.F.);
#3285=ORIENTED_EDGE('',*,*,#2512,.F.);
#3286=ORIENTED_EDGE('',*,*,#2513,.T.);
#3287=ORIENTED_EDGE('',*,*,#2514,.T.);
#3288=ORIENTED_EDGE('',*,*,#2502,.T.);
#3289=ORIENTED_EDGE('',*,*,#2515,.F.);
#3290=ORIENTED_EDGE('',*,*,#2516,.F.);
#3291=ORIENTED_EDGE('',*,*,#2517,.F.);
#3292=ORIENTED_EDGE('',*,*,#2518,.F.);
#3293=ORIENTED_EDGE('',*,*,#2519,.F.);
#3294=ORIENTED_EDGE('',*,*,#2520,.F.);
#3295=ORIENTED_EDGE('',*,*,#2521,.F.);
#3296=ORIENTED_EDGE('',*,*,#2522,.F.);
#3297=ORIENTED_EDGE('',*,*,#2523,.F.);
#3298=ORIENTED_EDGE('',*,*,#2524,.F.);
#3299=ORIENTED_EDGE('',*,*,#2525,.F.);
#3300=ORIENTED_EDGE('',*,*,#2526,.F.);
#3301=ORIENTED_EDGE('',*,*,#2527,.F.);
#3302=ORIENTED_EDGE('',*,*,#2528,.F.);
#3303=ORIENTED_EDGE('',*,*,#2529,.F.);
#3304=ORIENTED_EDGE('',*,*,#2530,.F.);
#3305=ORIENTED_EDGE('',*,*,#2531,.F.);
#3306=ORIENTED_EDGE('',*,*,#2532,.F.);
#3307=ORIENTED_EDGE('',*,*,#2533,.F.);
#3308=ORIENTED_EDGE('',*,*,#2534,.F.);
#3309=ORIENTED_EDGE('',*,*,#2535,.F.);
#3310=ORIENTED_EDGE('',*,*,#2536,.F.);
#3311=ORIENTED_EDGE('',*,*,#2537,.F.);
#3312=ORIENTED_EDGE('',*,*,#2515,.T.);
#3313=ORIENTED_EDGE('',*,*,#2538,.T.);
#3314=ORIENTED_EDGE('',*,*,#2539,.F.);
#3315=ORIENTED_EDGE('',*,*,#2540,.F.);
#3316=ORIENTED_EDGE('',*,*,#2537,.T.);
#3317=ORIENTED_EDGE('',*,*,#2541,.T.);
#3318=ORIENTED_EDGE('',*,*,#2542,.F.);
#3319=ORIENTED_EDGE('',*,*,#2538,.F.);
#3320=ORIENTED_EDGE('',*,*,#2536,.T.);
#3321=ORIENTED_EDGE('',*,*,#2543,.T.);
#3322=ORIENTED_EDGE('',*,*,#2544,.F.);
#3323=ORIENTED_EDGE('',*,*,#2541,.F.);
#3324=ORIENTED_EDGE('',*,*,#2535,.T.);
#3325=ORIENTED_EDGE('',*,*,#2545,.T.);
#3326=ORIENTED_EDGE('',*,*,#2546,.F.);
#3327=ORIENTED_EDGE('',*,*,#2543,.F.);
#3328=ORIENTED_EDGE('',*,*,#2534,.T.);
#3329=ORIENTED_EDGE('',*,*,#2547,.T.);
#3330=ORIENTED_EDGE('',*,*,#2548,.F.);
#3331=ORIENTED_EDGE('',*,*,#2545,.F.);
#3332=ORIENTED_EDGE('',*,*,#2533,.T.);
#3333=ORIENTED_EDGE('',*,*,#2549,.T.);
#3334=ORIENTED_EDGE('',*,*,#2550,.F.);
#3335=ORIENTED_EDGE('',*,*,#2547,.F.);
#3336=ORIENTED_EDGE('',*,*,#2532,.T.);
#3337=ORIENTED_EDGE('',*,*,#2551,.T.);
#3338=ORIENTED_EDGE('',*,*,#2552,.F.);
#3339=ORIENTED_EDGE('',*,*,#2549,.F.);
#3340=ORIENTED_EDGE('',*,*,#2531,.T.);
#3341=ORIENTED_EDGE('',*,*,#2553,.T.);
#3342=ORIENTED_EDGE('',*,*,#2554,.F.);
#3343=ORIENTED_EDGE('',*,*,#2551,.F.);
#3344=ORIENTED_EDGE('',*,*,#2530,.T.);
#3345=ORIENTED_EDGE('',*,*,#2555,.T.);
#3346=ORIENTED_EDGE('',*,*,#2556,.F.);
#3347=ORIENTED_EDGE('',*,*,#2553,.F.);
#3348=ORIENTED_EDGE('',*,*,#2529,.T.);
#3349=ORIENTED_EDGE('',*,*,#2557,.T.);
#3350=ORIENTED_EDGE('',*,*,#2558,.F.);
#3351=ORIENTED_EDGE('',*,*,#2555,.F.);
#3352=ORIENTED_EDGE('',*,*,#2528,.T.);
#3353=ORIENTED_EDGE('',*,*,#2559,.T.);
#3354=ORIENTED_EDGE('',*,*,#2560,.F.);
#3355=ORIENTED_EDGE('',*,*,#2557,.F.);
#3356=ORIENTED_EDGE('',*,*,#2561,.T.);
#3357=ORIENTED_EDGE('',*,*,#2562,.F.);
#3358=ORIENTED_EDGE('',*,*,#2563,.F.);
#3359=ORIENTED_EDGE('',*,*,#2564,.T.);
#3360=ORIENTED_EDGE('',*,*,#2565,.F.);
#3361=ORIENTED_EDGE('',*,*,#2561,.F.);
#3362=ORIENTED_EDGE('',*,*,#2566,.F.);
#3363=ORIENTED_EDGE('',*,*,#2567,.F.);
#3364=ORIENTED_EDGE('',*,*,#2568,.F.);
#3365=ORIENTED_EDGE('',*,*,#2569,.F.);
#3366=ORIENTED_EDGE('',*,*,#2570,.F.);
#3367=ORIENTED_EDGE('',*,*,#2571,.F.);
#3368=ORIENTED_EDGE('',*,*,#2572,.F.);
#3369=ORIENTED_EDGE('',*,*,#2573,.F.);
#3370=ORIENTED_EDGE('',*,*,#2574,.F.);
#3371=ORIENTED_EDGE('',*,*,#2575,.F.);
#3372=ORIENTED_EDGE('',*,*,#2576,.F.);
#3373=ORIENTED_EDGE('',*,*,#2577,.F.);
#3374=ORIENTED_EDGE('',*,*,#2578,.F.);
#3375=ORIENTED_EDGE('',*,*,#2579,.F.);
#3376=ORIENTED_EDGE('',*,*,#2580,.F.);
#3377=ORIENTED_EDGE('',*,*,#2581,.F.);
#3378=ORIENTED_EDGE('',*,*,#2582,.F.);
#3379=ORIENTED_EDGE('',*,*,#2583,.F.);
#3380=ORIENTED_EDGE('',*,*,#2584,.F.);
#3381=ORIENTED_EDGE('',*,*,#2585,.F.);
#3382=ORIENTED_EDGE('',*,*,#2565,.T.);
#3383=ORIENTED_EDGE('',*,*,#2586,.T.);
#3384=ORIENTED_EDGE('',*,*,#2587,.F.);
#3385=ORIENTED_EDGE('',*,*,#2588,.F.);
#3386=ORIENTED_EDGE('',*,*,#2585,.T.);
#3387=ORIENTED_EDGE('',*,*,#2589,.T.);
#3388=ORIENTED_EDGE('',*,*,#2590,.F.);
#3389=ORIENTED_EDGE('',*,*,#2586,.F.);
#3390=ORIENTED_EDGE('',*,*,#2584,.T.);
#3391=ORIENTED_EDGE('',*,*,#2591,.T.);
#3392=ORIENTED_EDGE('',*,*,#2592,.F.);
#3393=ORIENTED_EDGE('',*,*,#2589,.F.);
#3394=ORIENTED_EDGE('',*,*,#2583,.T.);
#3395=ORIENTED_EDGE('',*,*,#2593,.T.);
#3396=ORIENTED_EDGE('',*,*,#2594,.F.);
#3397=ORIENTED_EDGE('',*,*,#2591,.F.);
#3398=ORIENTED_EDGE('',*,*,#2582,.T.);
#3399=ORIENTED_EDGE('',*,*,#2595,.T.);
#3400=ORIENTED_EDGE('',*,*,#2596,.F.);
#3401=ORIENTED_EDGE('',*,*,#2593,.F.);
#3402=ORIENTED_EDGE('',*,*,#2581,.T.);
#3403=ORIENTED_EDGE('',*,*,#2597,.T.);
#3404=ORIENTED_EDGE('',*,*,#2598,.F.);
#3405=ORIENTED_EDGE('',*,*,#2595,.F.);
#3406=ORIENTED_EDGE('',*,*,#2580,.T.);
#3407=ORIENTED_EDGE('',*,*,#2599,.T.);
#3408=ORIENTED_EDGE('',*,*,#2600,.F.);
#3409=ORIENTED_EDGE('',*,*,#2597,.F.);
#3410=ORIENTED_EDGE('',*,*,#2579,.T.);
#3411=ORIENTED_EDGE('',*,*,#2601,.T.);
#3412=ORIENTED_EDGE('',*,*,#2602,.F.);
#3413=ORIENTED_EDGE('',*,*,#2599,.F.);
#3414=ORIENTED_EDGE('',*,*,#2578,.T.);
#3415=ORIENTED_EDGE('',*,*,#2603,.T.);
#3416=ORIENTED_EDGE('',*,*,#2604,.F.);
#3417=ORIENTED_EDGE('',*,*,#2601,.F.);
#3418=ORIENTED_EDGE('',*,*,#2577,.T.);
#3419=ORIENTED_EDGE('',*,*,#2605,.T.);
#3420=ORIENTED_EDGE('',*,*,#2606,.F.);
#3421=ORIENTED_EDGE('',*,*,#2603,.F.);
#3422=ORIENTED_EDGE('',*,*,#2435,.F.);
#3423=ORIENTED_EDGE('',*,*,#2436,.F.);
#3424=ORIENTED_EDGE('',*,*,#2434,.F.);
#3425=ORIENTED_EDGE('',*,*,#2456,.F.);
#3426=ORIENTED_EDGE('',*,*,#2607,.T.);
#3427=ORIENTED_EDGE('',*,*,#2608,.T.);
#3428=ORIENTED_EDGE('',*,*,#2609,.T.);
#3429=ORIENTED_EDGE('',*,*,#2610,.T.);
#3430=ORIENTED_EDGE('',*,*,#2611,.T.);
#3431=ORIENTED_EDGE('',*,*,#2612,.T.);
#3432=ORIENTED_EDGE('',*,*,#2613,.T.);
#3433=ORIENTED_EDGE('',*,*,#2614,.T.);
#3434=ORIENTED_EDGE('',*,*,#2615,.T.);
#3435=ORIENTED_EDGE('',*,*,#2616,.T.);
#3436=ORIENTED_EDGE('',*,*,#2617,.T.);
#3437=ORIENTED_EDGE('',*,*,#2618,.T.);
#3438=ORIENTED_EDGE('',*,*,#2619,.T.);
#3439=ORIENTED_EDGE('',*,*,#2620,.T.);
#3440=ORIENTED_EDGE('',*,*,#2587,.T.);
#3441=ORIENTED_EDGE('',*,*,#2590,.T.);
#3442=ORIENTED_EDGE('',*,*,#2592,.T.);
#3443=ORIENTED_EDGE('',*,*,#2594,.T.);
#3444=ORIENTED_EDGE('',*,*,#2596,.T.);
#3445=ORIENTED_EDGE('',*,*,#2598,.T.);
#3446=ORIENTED_EDGE('',*,*,#2600,.T.);
#3447=ORIENTED_EDGE('',*,*,#2602,.T.);
#3448=ORIENTED_EDGE('',*,*,#2604,.T.);
#3449=ORIENTED_EDGE('',*,*,#2606,.T.);
#3450=ORIENTED_EDGE('',*,*,#2621,.T.);
#3451=ORIENTED_EDGE('',*,*,#2622,.T.);
#3452=ORIENTED_EDGE('',*,*,#2623,.T.);
#3453=ORIENTED_EDGE('',*,*,#2624,.T.);
#3454=ORIENTED_EDGE('',*,*,#2625,.T.);
#3455=ORIENTED_EDGE('',*,*,#2626,.T.);
#3456=ORIENTED_EDGE('',*,*,#2627,.T.);
#3457=ORIENTED_EDGE('',*,*,#2628,.T.);
#3458=ORIENTED_EDGE('',*,*,#2629,.T.);
#3459=ORIENTED_EDGE('',*,*,#2630,.T.);
#3460=ORIENTED_EDGE('',*,*,#2631,.T.);
#3461=ORIENTED_EDGE('',*,*,#2632,.T.);
#3462=ORIENTED_EDGE('',*,*,#2633,.T.);
#3463=ORIENTED_EDGE('',*,*,#2634,.T.);
#3464=ORIENTED_EDGE('',*,*,#2635,.T.);
#3465=ORIENTED_EDGE('',*,*,#2636,.T.);
#3466=ORIENTED_EDGE('',*,*,#2637,.T.);
#3467=ORIENTED_EDGE('',*,*,#2638,.T.);
#3468=ORIENTED_EDGE('',*,*,#2639,.T.);
#3469=ORIENTED_EDGE('',*,*,#2640,.T.);
#3470=ORIENTED_EDGE('',*,*,#2641,.T.);
#3471=ORIENTED_EDGE('',*,*,#2642,.T.);
#3472=ORIENTED_EDGE('',*,*,#2446,.T.);
#3473=ORIENTED_EDGE('',*,*,#2449,.T.);
#3474=ORIENTED_EDGE('',*,*,#2451,.T.);
#3475=ORIENTED_EDGE('',*,*,#2643,.T.);
#3476=ORIENTED_EDGE('',*,*,#2644,.T.);
#3477=ORIENTED_EDGE('',*,*,#2645,.T.);
#3478=ORIENTED_EDGE('',*,*,#2646,.T.);
#3479=ORIENTED_EDGE('',*,*,#2647,.T.);
#3480=ORIENTED_EDGE('',*,*,#2648,.T.);
#3481=ORIENTED_EDGE('',*,*,#2649,.T.);
#3482=ORIENTED_EDGE('',*,*,#2650,.T.);
#3483=ORIENTED_EDGE('',*,*,#2651,.T.);
#3484=ORIENTED_EDGE('',*,*,#2652,.T.);
#3485=ORIENTED_EDGE('',*,*,#2653,.T.);
#3486=ORIENTED_EDGE('',*,*,#2654,.T.);
#3487=ORIENTED_EDGE('',*,*,#2655,.T.);
#3488=ORIENTED_EDGE('',*,*,#2656,.T.);
#3489=ORIENTED_EDGE('',*,*,#2657,.T.);
#3490=ORIENTED_EDGE('',*,*,#2658,.T.);
#3491=ORIENTED_EDGE('',*,*,#2659,.T.);
#3492=ORIENTED_EDGE('',*,*,#2660,.T.);
#3493=ORIENTED_EDGE('',*,*,#2661,.T.);
#3494=ORIENTED_EDGE('',*,*,#2662,.T.);
#3495=ORIENTED_EDGE('',*,*,#2663,.T.);
#3496=ORIENTED_EDGE('',*,*,#2664,.T.);
#3497=ORIENTED_EDGE('',*,*,#2665,.T.);
#3498=ORIENTED_EDGE('',*,*,#2666,.T.);
#3499=ORIENTED_EDGE('',*,*,#2667,.T.);
#3500=ORIENTED_EDGE('',*,*,#2668,.T.);
#3501=ORIENTED_EDGE('',*,*,#2669,.T.);
#3502=ORIENTED_EDGE('',*,*,#2670,.T.);
#3503=ORIENTED_EDGE('',*,*,#2671,.T.);
#3504=ORIENTED_EDGE('',*,*,#2672,.T.);
#3505=ORIENTED_EDGE('',*,*,#2673,.T.);
#3506=ORIENTED_EDGE('',*,*,#2674,.T.);
#3507=ORIENTED_EDGE('',*,*,#2675,.T.);
#3508=ORIENTED_EDGE('',*,*,#2676,.T.);
#3509=ORIENTED_EDGE('',*,*,#2677,.T.);
#3510=ORIENTED_EDGE('',*,*,#2678,.T.);
#3511=ORIENTED_EDGE('',*,*,#2679,.T.);
#3512=ORIENTED_EDGE('',*,*,#2539,.T.);
#3513=ORIENTED_EDGE('',*,*,#2542,.T.);
#3514=ORIENTED_EDGE('',*,*,#2544,.T.);
#3515=ORIENTED_EDGE('',*,*,#2546,.T.);
#3516=ORIENTED_EDGE('',*,*,#2548,.T.);
#3517=ORIENTED_EDGE('',*,*,#2550,.T.);
#3518=ORIENTED_EDGE('',*,*,#2552,.T.);
#3519=ORIENTED_EDGE('',*,*,#2554,.T.);
#3520=ORIENTED_EDGE('',*,*,#2556,.T.);
#3521=ORIENTED_EDGE('',*,*,#2558,.T.);
#3522=ORIENTED_EDGE('',*,*,#2560,.T.);
#3523=ORIENTED_EDGE('',*,*,#2680,.T.);
#3524=ORIENTED_EDGE('',*,*,#2681,.T.);
#3525=ORIENTED_EDGE('',*,*,#2682,.T.);
#3526=ORIENTED_EDGE('',*,*,#2683,.T.);
#3527=ORIENTED_EDGE('',*,*,#2684,.T.);
#3528=ORIENTED_EDGE('',*,*,#2685,.T.);
#3529=ORIENTED_EDGE('',*,*,#2686,.T.);
#3530=ORIENTED_EDGE('',*,*,#2687,.T.);
#3531=ORIENTED_EDGE('',*,*,#2688,.T.);
#3532=ORIENTED_EDGE('',*,*,#2689,.T.);
#3533=ORIENTED_EDGE('',*,*,#2690,.T.);
#3534=ORIENTED_EDGE('',*,*,#2691,.T.);
#3535=ORIENTED_EDGE('',*,*,#2692,.T.);
#3536=ORIENTED_EDGE('',*,*,#2693,.T.);
#3537=ORIENTED_EDGE('',*,*,#2694,.T.);
#3538=ORIENTED_EDGE('',*,*,#2695,.T.);
#3539=ORIENTED_EDGE('',*,*,#2696,.T.);
#3540=ORIENTED_EDGE('',*,*,#2697,.T.);
#3541=ORIENTED_EDGE('',*,*,#2698,.T.);
#3542=ORIENTED_EDGE('',*,*,#2699,.T.);
#3543=ORIENTED_EDGE('',*,*,#2700,.T.);
#3544=ORIENTED_EDGE('',*,*,#2701,.T.);
#3545=ORIENTED_EDGE('',*,*,#2702,.T.);
#3546=ORIENTED_EDGE('',*,*,#2703,.T.);
#3547=ORIENTED_EDGE('',*,*,#2704,.T.);
#3548=ORIENTED_EDGE('',*,*,#2705,.T.);
#3549=ORIENTED_EDGE('',*,*,#2706,.T.);
#3550=ORIENTED_EDGE('',*,*,#2707,.T.);
#3551=ORIENTED_EDGE('',*,*,#2708,.T.);
#3552=ORIENTED_EDGE('',*,*,#2709,.T.);
#3553=ORIENTED_EDGE('',*,*,#2710,.T.);
#3554=ORIENTED_EDGE('',*,*,#2711,.T.);
#3555=ORIENTED_EDGE('',*,*,#2463,.T.);
#3556=ORIENTED_EDGE('',*,*,#2712,.T.);
#3557=ORIENTED_EDGE('',*,*,#2713,.T.);
#3558=ORIENTED_EDGE('',*,*,#2469,.F.);
#3559=ORIENTED_EDGE('',*,*,#2714,.F.);
#3560=ORIENTED_EDGE('',*,*,#2715,.F.);
#3561=ORIENTED_EDGE('',*,*,#2716,.F.);
#3562=ORIENTED_EDGE('',*,*,#2712,.F.);
#3563=ORIENTED_EDGE('',*,*,#2462,.T.);
#3564=ORIENTED_EDGE('',*,*,#2454,.T.);
#3565=ORIENTED_EDGE('',*,*,#2454,.F.);
#3566=ORIENTED_EDGE('',*,*,#2461,.T.);
#3567=ORIENTED_EDGE('',*,*,#2717,.F.);
#3568=ORIENTED_EDGE('',*,*,#2459,.F.);
#3569=ORIENTED_EDGE('',*,*,#2452,.T.);
#3570=ORIENTED_EDGE('',*,*,#2452,.F.);
#3571=ORIENTED_EDGE('',*,*,#2464,.F.);
#3572=ORIENTED_EDGE('',*,*,#2711,.F.);
#3573=ORIENTED_EDGE('',*,*,#2718,.T.);
#3574=ORIENTED_EDGE('',*,*,#2719,.F.);
#3575=ORIENTED_EDGE('',*,*,#2718,.F.);
#3576=ORIENTED_EDGE('',*,*,#2713,.F.);
#3577=ORIENTED_EDGE('',*,*,#2716,.T.);
#3578=ORIENTED_EDGE('',*,*,#2468,.T.);
#3579=ORIENTED_EDGE('',*,*,#2720,.F.);
#3580=ORIENTED_EDGE('',*,*,#2721,.T.);
#3581=ORIENTED_EDGE('',*,*,#2482,.T.);
#3582=ORIENTED_EDGE('',*,*,#2722,.T.);
#3583=ORIENTED_EDGE('',*,*,#2720,.T.);
#3584=ORIENTED_EDGE('',*,*,#2723,.T.);
#3585=ORIENTED_EDGE('',*,*,#2724,.T.);
#3586=ORIENTED_EDGE('',*,*,#2725,.T.);
#3587=ORIENTED_EDGE('',*,*,#2726,.F.);
#3588=ORIENTED_EDGE('',*,*,#2727,.T.);
#3589=ORIENTED_EDGE('',*,*,#2722,.F.);
#3590=ORIENTED_EDGE('',*,*,#2481,.F.);
#3591=ORIENTED_EDGE('',*,*,#2728,.F.);
#3592=ORIENTED_EDGE('',*,*,#2723,.F.);
#3593=ORIENTED_EDGE('',*,*,#2729,.F.);
#3594=ORIENTED_EDGE('',*,*,#2730,.T.);
#3595=ORIENTED_EDGE('',*,*,#2486,.T.);
#3596=ORIENTED_EDGE('',*,*,#2731,.T.);
#3597=ORIENTED_EDGE('',*,*,#2731,.F.);
#3598=ORIENTED_EDGE('',*,*,#2485,.F.);
#3599=ORIENTED_EDGE('',*,*,#2732,.F.);
#3600=ORIENTED_EDGE('',*,*,#2733,.F.);
#3601=ORIENTED_EDGE('',*,*,#2734,.F.);
#3602=ORIENTED_EDGE('',*,*,#2735,.T.);
#3603=ORIENTED_EDGE('',*,*,#2490,.T.);
#3604=ORIENTED_EDGE('',*,*,#2736,.T.);
#3605=ORIENTED_EDGE('',*,*,#2734,.T.);
#3606=ORIENTED_EDGE('',*,*,#2737,.T.);
#3607=ORIENTED_EDGE('',*,*,#2738,.F.);
#3608=ORIENTED_EDGE('',*,*,#2739,.F.);
#3609=ORIENTED_EDGE('',*,*,#2740,.F.);
#3610=ORIENTED_EDGE('',*,*,#2741,.T.);
#3611=ORIENTED_EDGE('',*,*,#2736,.F.);
#3612=ORIENTED_EDGE('',*,*,#2489,.F.);
#3613=ORIENTED_EDGE('',*,*,#2742,.F.);
#3614=ORIENTED_EDGE('',*,*,#2737,.F.);
#3615=ORIENTED_EDGE('',*,*,#2743,.F.);
#3616=ORIENTED_EDGE('',*,*,#2744,.T.);
#3617=ORIENTED_EDGE('',*,*,#2497,.T.);
#3618=ORIENTED_EDGE('',*,*,#2745,.T.);
#3619=ORIENTED_EDGE('',*,*,#2745,.F.);
#3620=ORIENTED_EDGE('',*,*,#2496,.F.);
#3621=ORIENTED_EDGE('',*,*,#2746,.T.);
#3622=ORIENTED_EDGE('',*,*,#2747,.F.);
#3623=ORIENTED_EDGE('',*,*,#2724,.F.);
#3624=ORIENTED_EDGE('',*,*,#2728,.T.);
#3625=ORIENTED_EDGE('',*,*,#2480,.T.);
#3626=ORIENTED_EDGE('',*,*,#2748,.T.);
#3627=ORIENTED_EDGE('',*,*,#2748,.F.);
#3628=ORIENTED_EDGE('',*,*,#2479,.F.);
#3629=ORIENTED_EDGE('',*,*,#2749,.F.);
#3630=ORIENTED_EDGE('',*,*,#2725,.F.);
#3631=ORIENTED_EDGE('',*,*,#2750,.F.);
#3632=ORIENTED_EDGE('',*,*,#2751,.T.);
#3633=ORIENTED_EDGE('',*,*,#2499,.T.);
#3634=ORIENTED_EDGE('',*,*,#2752,.T.);
#3635=ORIENTED_EDGE('',*,*,#2744,.F.);
#3636=ORIENTED_EDGE('',*,*,#2753,.F.);
#3637=ORIENTED_EDGE('',*,*,#2752,.F.);
#3638=ORIENTED_EDGE('',*,*,#2498,.F.);
#3639=ORIENTED_EDGE('',*,*,#2754,.F.);
#3640=ORIENTED_EDGE('',*,*,#2755,.T.);
#3641=ORIENTED_EDGE('',*,*,#2476,.T.);
#3642=ORIENTED_EDGE('',*,*,#2756,.T.);
#3643=ORIENTED_EDGE('',*,*,#2754,.T.);
#3644=ORIENTED_EDGE('',*,*,#2757,.T.);
#3645=ORIENTED_EDGE('',*,*,#2758,.F.);
#3646=ORIENTED_EDGE('',*,*,#2759,.F.);
#3647=ORIENTED_EDGE('',*,*,#2760,.F.);
#3648=ORIENTED_EDGE('',*,*,#2761,.F.);
#3649=ORIENTED_EDGE('',*,*,#2762,.F.);
#3650=ORIENTED_EDGE('',*,*,#2763,.F.);
#3651=ORIENTED_EDGE('',*,*,#2764,.F.);
#3652=ORIENTED_EDGE('',*,*,#2765,.F.);
#3653=ORIENTED_EDGE('',*,*,#2766,.T.);
#3654=ORIENTED_EDGE('',*,*,#2756,.F.);
#3655=ORIENTED_EDGE('',*,*,#2475,.F.);
#3656=ORIENTED_EDGE('',*,*,#2767,.F.);
#3657=ORIENTED_EDGE('',*,*,#2757,.F.);
#3658=ORIENTED_EDGE('',*,*,#2514,.F.);
#3659=ORIENTED_EDGE('',*,*,#2768,.T.);
#3660=ORIENTED_EDGE('',*,*,#2472,.T.);
#3661=ORIENTED_EDGE('',*,*,#2503,.T.);
#3662=ORIENTED_EDGE('',*,*,#2769,.F.);
#3663=ORIENTED_EDGE('',*,*,#2770,.T.);
#3664=ORIENTED_EDGE('',*,*,#2771,.T.);
#3665=ORIENTED_EDGE('',*,*,#2772,.T.);
#3666=ORIENTED_EDGE('',*,*,#2770,.F.);
#3667=ORIENTED_EDGE('',*,*,#2773,.F.);
#3668=ORIENTED_EDGE('',*,*,#2774,.F.);
#3669=ORIENTED_EDGE('',*,*,#2775,.F.);
#3670=ORIENTED_EDGE('',*,*,#2776,.F.);
#3671=ORIENTED_EDGE('',*,*,#2777,.T.);
#3672=ORIENTED_EDGE('',*,*,#2778,.T.);
#3673=ORIENTED_EDGE('',*,*,#2779,.T.);
#3674=ORIENTED_EDGE('',*,*,#2776,.T.);
#3675=ORIENTED_EDGE('',*,*,#2780,.T.);
#3676=ORIENTED_EDGE('',*,*,#2781,.F.);
#3677=ORIENTED_EDGE('',*,*,#2782,.F.);
#3678=ORIENTED_EDGE('',*,*,#2783,.F.);
#3679=ORIENTED_EDGE('',*,*,#2784,.F.);
#3680=ORIENTED_EDGE('',*,*,#2785,.F.);
#3681=ORIENTED_EDGE('',*,*,#2786,.F.);
#3682=ORIENTED_EDGE('',*,*,#2787,.F.);
#3683=ORIENTED_EDGE('',*,*,#2788,.F.);
#3684=ORIENTED_EDGE('',*,*,#2789,.T.);
#3685=ORIENTED_EDGE('',*,*,#2779,.F.);
#3686=ORIENTED_EDGE('',*,*,#2790,.F.);
#3687=ORIENTED_EDGE('',*,*,#2791,.F.);
#3688=ORIENTED_EDGE('',*,*,#2780,.F.);
#3689=ORIENTED_EDGE('',*,*,#2792,.F.);
#3690=ORIENTED_EDGE('',*,*,#2793,.T.);
#3691=ORIENTED_EDGE('',*,*,#2794,.T.);
#3692=ORIENTED_EDGE('',*,*,#2795,.T.);
#3693=ORIENTED_EDGE('',*,*,#2795,.F.);
#3694=ORIENTED_EDGE('',*,*,#2796,.F.);
#3695=ORIENTED_EDGE('',*,*,#2797,.F.);
#3696=ORIENTED_EDGE('',*,*,#2798,.F.);
#3697=ORIENTED_EDGE('',*,*,#2799,.F.);
#3698=ORIENTED_EDGE('',*,*,#2800,.T.);
#3699=ORIENTED_EDGE('',*,*,#2801,.T.);
#3700=ORIENTED_EDGE('',*,*,#2802,.T.);
#3701=ORIENTED_EDGE('',*,*,#2799,.T.);
#3702=ORIENTED_EDGE('',*,*,#2803,.T.);
#3703=ORIENTED_EDGE('',*,*,#2804,.F.);
#3704=ORIENTED_EDGE('',*,*,#2805,.F.);
#3705=ORIENTED_EDGE('',*,*,#2806,.F.);
#3706=ORIENTED_EDGE('',*,*,#2807,.F.);
#3707=ORIENTED_EDGE('',*,*,#2808,.F.);
#3708=ORIENTED_EDGE('',*,*,#2809,.F.);
#3709=ORIENTED_EDGE('',*,*,#2810,.T.);
#3710=ORIENTED_EDGE('',*,*,#2811,.F.);
#3711=ORIENTED_EDGE('',*,*,#2812,.F.);
#3712=ORIENTED_EDGE('',*,*,#2813,.T.);
#3713=ORIENTED_EDGE('',*,*,#2802,.F.);
#3714=ORIENTED_EDGE('',*,*,#2814,.F.);
#3715=ORIENTED_EDGE('',*,*,#2815,.F.);
#3716=ORIENTED_EDGE('',*,*,#2803,.F.);
#3717=ORIENTED_EDGE('',*,*,#2816,.F.);
#3718=ORIENTED_EDGE('',*,*,#2817,.T.);
#3719=ORIENTED_EDGE('',*,*,#2818,.T.);
#3720=ORIENTED_EDGE('',*,*,#2819,.T.);
#3721=ORIENTED_EDGE('',*,*,#2817,.F.);
#3722=ORIENTED_EDGE('',*,*,#2820,.F.);
#3723=ORIENTED_EDGE('',*,*,#2821,.F.);
#3724=ORIENTED_EDGE('',*,*,#2822,.F.);
#3725=ORIENTED_EDGE('',*,*,#2823,.F.);
#3726=ORIENTED_EDGE('',*,*,#2797,.T.);
#3727=ORIENTED_EDGE('',*,*,#2824,.T.);
#3728=ORIENTED_EDGE('',*,*,#2825,.T.);
#3729=ORIENTED_EDGE('',*,*,#2825,.F.);
#3730=ORIENTED_EDGE('',*,*,#2826,.F.);
#3731=ORIENTED_EDGE('',*,*,#2827,.F.);
#3732=ORIENTED_EDGE('',*,*,#2828,.F.);
#3733=ORIENTED_EDGE('',*,*,#2829,.F.);
#3734=ORIENTED_EDGE('',*,*,#2830,.T.);
#3735=ORIENTED_EDGE('',*,*,#2831,.T.);
#3736=ORIENTED_EDGE('',*,*,#2821,.T.);
#3737=ORIENTED_EDGE('',*,*,#2769,.T.);
#3738=ORIENTED_EDGE('',*,*,#2832,.T.);
#3739=ORIENTED_EDGE('',*,*,#2829,.T.);
#3740=ORIENTED_EDGE('',*,*,#2820,.T.);
#3741=ORIENTED_EDGE('',*,*,#2816,.T.);
#3742=ORIENTED_EDGE('',*,*,#2833,.T.);
#3743=ORIENTED_EDGE('',*,*,#2834,.F.);
#3744=ORIENTED_EDGE('',*,*,#2835,.F.);
#3745=ORIENTED_EDGE('',*,*,#2773,.T.);
#3746=ORIENTED_EDGE('',*,*,#2836,.F.);
#3747=ORIENTED_EDGE('',*,*,#2837,.T.);
#3748=ORIENTED_EDGE('',*,*,#2838,.T.);
#3749=ORIENTED_EDGE('',*,*,#2839,.T.);
#3750=ORIENTED_EDGE('',*,*,#2839,.F.);
#3751=ORIENTED_EDGE('',*,*,#2840,.F.);
#3752=ORIENTED_EDGE('',*,*,#2841,.F.);
#3753=ORIENTED_EDGE('',*,*,#2842,.F.);
#3754=ORIENTED_EDGE('',*,*,#2843,.F.);
#3755=ORIENTED_EDGE('',*,*,#2844,.T.);
#3756=ORIENTED_EDGE('',*,*,#2845,.T.);
#3757=ORIENTED_EDGE('',*,*,#2846,.T.);
#3758=ORIENTED_EDGE('',*,*,#2846,.F.);
#3759=ORIENTED_EDGE('',*,*,#2847,.F.);
#3760=ORIENTED_EDGE('',*,*,#2848,.F.);
#3761=ORIENTED_EDGE('',*,*,#2849,.F.);
#3762=ORIENTED_EDGE('',*,*,#2850,.T.);
#3763=ORIENTED_EDGE('',*,*,#2851,.T.);
#3764=ORIENTED_EDGE('',*,*,#2818,.F.);
#3765=ORIENTED_EDGE('',*,*,#2822,.T.);
#3766=ORIENTED_EDGE('',*,*,#2831,.F.);
#3767=ORIENTED_EDGE('',*,*,#2852,.T.);
#3768=ORIENTED_EDGE('',*,*,#2771,.F.);
#3769=ORIENTED_EDGE('',*,*,#2775,.T.);
#3770=ORIENTED_EDGE('',*,*,#2853,.F.);
#3771=ORIENTED_EDGE('',*,*,#2854,.T.);
#3772=ORIENTED_EDGE('',*,*,#2855,.F.);
#3773=ORIENTED_EDGE('',*,*,#2847,.T.);
#3774=ORIENTED_EDGE('',*,*,#2845,.F.);
#3775=ORIENTED_EDGE('',*,*,#2856,.T.);
#3776=ORIENTED_EDGE('',*,*,#2857,.F.);
#3777=ORIENTED_EDGE('',*,*,#2840,.T.);
#3778=ORIENTED_EDGE('',*,*,#2838,.F.);
#3779=ORIENTED_EDGE('',*,*,#2858,.T.);
#3780=ORIENTED_EDGE('',*,*,#2859,.F.);
#3781=ORIENTED_EDGE('',*,*,#2826,.T.);
#3782=ORIENTED_EDGE('',*,*,#2824,.F.);
#3783=ORIENTED_EDGE('',*,*,#2796,.T.);
#3784=ORIENTED_EDGE('',*,*,#2794,.F.);
#3785=ORIENTED_EDGE('',*,*,#2860,.T.);
#3786=ORIENTED_EDGE('',*,*,#2861,.F.);
#3787=ORIENTED_EDGE('',*,*,#2790,.T.);
#3788=ORIENTED_EDGE('',*,*,#2778,.F.);
#3789=ORIENTED_EDGE('',*,*,#2862,.T.);
#3790=ORIENTED_EDGE('',*,*,#2863,.F.);
#3791=ORIENTED_EDGE('',*,*,#2814,.T.);
#3792=ORIENTED_EDGE('',*,*,#2801,.F.);
#3793=ORIENTED_EDGE('',*,*,#2864,.T.);
#3794=ORIENTED_EDGE('',*,*,#2865,.F.);
#3795=ORIENTED_EDGE('',*,*,#2866,.T.);
#3796=ORIENTED_EDGE('',*,*,#2867,.F.);
#3797=ORIENTED_EDGE('',*,*,#2868,.T.);
#3798=ORIENTED_EDGE('',*,*,#2777,.F.);
#3799=ORIENTED_EDGE('',*,*,#2789,.F.);
#3800=ORIENTED_EDGE('',*,*,#2869,.F.);
#3801=ORIENTED_EDGE('',*,*,#2862,.F.);
#3802=ORIENTED_EDGE('',*,*,#2793,.F.);
#3803=ORIENTED_EDGE('',*,*,#2870,.F.);
#3804=ORIENTED_EDGE('',*,*,#2871,.F.);
#3805=ORIENTED_EDGE('',*,*,#2860,.F.);
#3806=ORIENTED_EDGE('',*,*,#2800,.F.);
#3807=ORIENTED_EDGE('',*,*,#2813,.F.);
#3808=ORIENTED_EDGE('',*,*,#2872,.T.);
#3809=ORIENTED_EDGE('',*,*,#2864,.F.);
#3810=ORIENTED_EDGE('',*,*,#2873,.F.);
#3811=ORIENTED_EDGE('',*,*,#2874,.F.);
#3812=ORIENTED_EDGE('',*,*,#2875,.F.);
#3813=ORIENTED_EDGE('',*,*,#2810,.F.);
#3814=ORIENTED_EDGE('',*,*,#2876,.F.);
#3815=ORIENTED_EDGE('',*,*,#2868,.F.);
#3816=ORIENTED_EDGE('',*,*,#2877,.F.);
#3817=ORIENTED_EDGE('',*,*,#2506,.F.);
#3818=ORIENTED_EDGE('',*,*,#2837,.F.);
#3819=ORIENTED_EDGE('',*,*,#2878,.F.);
#3820=ORIENTED_EDGE('',*,*,#2879,.F.);
#3821=ORIENTED_EDGE('',*,*,#2858,.F.);
#3822=ORIENTED_EDGE('',*,*,#2819,.F.);
#3823=ORIENTED_EDGE('',*,*,#2851,.F.);
#3824=ORIENTED_EDGE('',*,*,#2880,.T.);
#3825=ORIENTED_EDGE('',*,*,#2833,.F.);
#3826=ORIENTED_EDGE('',*,*,#2751,.F.);
#3827=ORIENTED_EDGE('',*,*,#2881,.F.);
#3828=ORIENTED_EDGE('',*,*,#2882,.F.);
#3829=ORIENTED_EDGE('',*,*,#2500,.F.);
#3830=ORIENTED_EDGE('',*,*,#2844,.F.);
#3831=ORIENTED_EDGE('',*,*,#2883,.F.);
#3832=ORIENTED_EDGE('',*,*,#2884,.F.);
#3833=ORIENTED_EDGE('',*,*,#2856,.F.);
#3834=ORIENTED_EDGE('',*,*,#2735,.F.);
#3835=ORIENTED_EDGE('',*,*,#2741,.F.);
#3836=ORIENTED_EDGE('',*,*,#2885,.F.);
#3837=ORIENTED_EDGE('',*,*,#2491,.F.);
#3838=ORIENTED_EDGE('',*,*,#2772,.F.);
#3839=ORIENTED_EDGE('',*,*,#2852,.F.);
#3840=ORIENTED_EDGE('',*,*,#2830,.F.);
#3841=ORIENTED_EDGE('',*,*,#2832,.F.);
#3842=ORIENTED_EDGE('',*,*,#2886,.F.);
#3843=ORIENTED_EDGE('',*,*,#2887,.F.);
#3844=ORIENTED_EDGE('',*,*,#2746,.F.);
#3845=ORIENTED_EDGE('',*,*,#2495,.F.);
#3846=ORIENTED_EDGE('',*,*,#2888,.F.);
#3847=ORIENTED_EDGE('',*,*,#2889,.F.);
#3848=ORIENTED_EDGE('',*,*,#2890,.F.);
#3849=ORIENTED_EDGE('',*,*,#2866,.F.);
#3850=ORIENTED_EDGE('',*,*,#2891,.F.);
#3851=ORIENTED_EDGE('',*,*,#2892,.F.);
#3852=ORIENTED_EDGE('',*,*,#2893,.F.);
#3853=ORIENTED_EDGE('',*,*,#2894,.F.);
#3854=ORIENTED_EDGE('',*,*,#2895,.F.);
#3855=ORIENTED_EDGE('',*,*,#2854,.F.);
#3856=ORIENTED_EDGE('',*,*,#2896,.F.);
#3857=ORIENTED_EDGE('',*,*,#2897,.F.);
#3858=ORIENTED_EDGE('',*,*,#2898,.F.);
#3859=ORIENTED_EDGE('',*,*,#2899,.F.);
#3860=ORIENTED_EDGE('',*,*,#2900,.F.);
#3861=ORIENTED_EDGE('',*,*,#2493,.F.);
#3862=ORIENTED_EDGE('',*,*,#2901,.F.);
#3863=ORIENTED_EDGE('',*,*,#2894,.T.);
#3864=ORIENTED_EDGE('',*,*,#2902,.F.);
#3865=ORIENTED_EDGE('',*,*,#2874,.T.);
#3866=ORIENTED_EDGE('',*,*,#2768,.F.);
#3867=ORIENTED_EDGE('',*,*,#2513,.F.);
#3868=ORIENTED_EDGE('',*,*,#2903,.F.);
#3869=ORIENTED_EDGE('',*,*,#2473,.F.);
#3870=ORIENTED_EDGE('',*,*,#2730,.F.);
#3871=ORIENTED_EDGE('',*,*,#2904,.F.);
#3872=ORIENTED_EDGE('',*,*,#2905,.F.);
#3873=ORIENTED_EDGE('',*,*,#2487,.F.);
#3874=ORIENTED_EDGE('',*,*,#2755,.F.);
#3875=ORIENTED_EDGE('',*,*,#2766,.F.);
#3876=ORIENTED_EDGE('',*,*,#2906,.F.);
#3877=ORIENTED_EDGE('',*,*,#2477,.F.);
#3878=ORIENTED_EDGE('',*,*,#2721,.F.);
#3879=ORIENTED_EDGE('',*,*,#2727,.F.);
#3880=ORIENTED_EDGE('',*,*,#2907,.F.);
#3881=ORIENTED_EDGE('',*,*,#2483,.F.);
#3882=ORIENTED_EDGE('',*,*,#2732,.T.);
#3883=ORIENTED_EDGE('',*,*,#2484,.T.);
#3884=ORIENTED_EDGE('',*,*,#2907,.T.);
#3885=ORIENTED_EDGE('',*,*,#2726,.T.);
#3886=ORIENTED_EDGE('',*,*,#2749,.T.);
#3887=ORIENTED_EDGE('',*,*,#2478,.T.);
#3888=ORIENTED_EDGE('',*,*,#2906,.T.);
#3889=ORIENTED_EDGE('',*,*,#2765,.T.);
#3890=ORIENTED_EDGE('',*,*,#2908,.F.);
#3891=ORIENTED_EDGE('',*,*,#2909,.F.);
#3892=ORIENTED_EDGE('',*,*,#2910,.T.);
#3893=ORIENTED_EDGE('',*,*,#2911,.T.);
#3894=ORIENTED_EDGE('',*,*,#2767,.T.);
#3895=ORIENTED_EDGE('',*,*,#2474,.T.);
#3896=ORIENTED_EDGE('',*,*,#2903,.T.);
#3897=ORIENTED_EDGE('',*,*,#2512,.T.);
#3898=ORIENTED_EDGE('',*,*,#2912,.F.);
#3899=ORIENTED_EDGE('',*,*,#2913,.F.);
#3900=ORIENTED_EDGE('',*,*,#2914,.T.);
#3901=ORIENTED_EDGE('',*,*,#2758,.T.);
#3902=ORIENTED_EDGE('',*,*,#2915,.F.);
#3903=ORIENTED_EDGE('',*,*,#2916,.T.);
#3904=ORIENTED_EDGE('',*,*,#2917,.T.);
#3905=ORIENTED_EDGE('',*,*,#2888,.T.);
#3906=ORIENTED_EDGE('',*,*,#2865,.T.);
#3907=ORIENTED_EDGE('',*,*,#2876,.T.);
#3908=ORIENTED_EDGE('',*,*,#2505,.T.);
#3909=ORIENTED_EDGE('',*,*,#2918,.F.);
#3910=ORIENTED_EDGE('',*,*,#2889,.T.);
#3911=ORIENTED_EDGE('',*,*,#2917,.F.);
#3912=ORIENTED_EDGE('',*,*,#2919,.F.);
#3913=ORIENTED_EDGE('',*,*,#2920,.F.);
#3914=ORIENTED_EDGE('',*,*,#2921,.F.);
#3915=ORIENTED_EDGE('',*,*,#2922,.F.);
#3916=ORIENTED_EDGE('',*,*,#2923,.F.);
#3917=ORIENTED_EDGE('',*,*,#2924,.F.);
#3918=ORIENTED_EDGE('',*,*,#2743,.T.);
#3919=ORIENTED_EDGE('',*,*,#2747,.T.);
#3920=ORIENTED_EDGE('',*,*,#2887,.T.);
#3921=ORIENTED_EDGE('',*,*,#2925,.F.);
#3922=ORIENTED_EDGE('',*,*,#2926,.F.);
#3923=ORIENTED_EDGE('',*,*,#2881,.T.);
#3924=ORIENTED_EDGE('',*,*,#2750,.T.);
#3925=ORIENTED_EDGE('',*,*,#2753,.T.);
#3926=ORIENTED_EDGE('',*,*,#2899,.T.);
#3927=ORIENTED_EDGE('',*,*,#2927,.F.);
#3928=ORIENTED_EDGE('',*,*,#2928,.F.);
#3929=ORIENTED_EDGE('',*,*,#2929,.F.);
#3930=ORIENTED_EDGE('',*,*,#2930,.F.);
#3931=ORIENTED_EDGE('',*,*,#2931,.F.);
#3932=ORIENTED_EDGE('',*,*,#2729,.T.);
#3933=ORIENTED_EDGE('',*,*,#2733,.T.);
#3934=ORIENTED_EDGE('',*,*,#2911,.F.);
#3935=ORIENTED_EDGE('',*,*,#2932,.F.);
#3936=ORIENTED_EDGE('',*,*,#2904,.T.);
#3937=ORIENTED_EDGE('',*,*,#2902,.T.);
#3938=ORIENTED_EDGE('',*,*,#2893,.T.);
#3939=ORIENTED_EDGE('',*,*,#2933,.T.);
#3940=ORIENTED_EDGE('',*,*,#2934,.F.);
#3941=ORIENTED_EDGE('',*,*,#2686,.F.);
#3942=ORIENTED_EDGE('',*,*,#2935,.T.);
#3943=ORIENTED_EDGE('',*,*,#2811,.T.);
#3944=ORIENTED_EDGE('',*,*,#2875,.T.);
#3945=ORIENTED_EDGE('',*,*,#2791,.T.);
#3946=ORIENTED_EDGE('',*,*,#2861,.T.);
#3947=ORIENTED_EDGE('',*,*,#2871,.T.);
#3948=ORIENTED_EDGE('',*,*,#2936,.T.);
#3949=ORIENTED_EDGE('',*,*,#2827,.T.);
#3950=ORIENTED_EDGE('',*,*,#2859,.T.);
#3951=ORIENTED_EDGE('',*,*,#2879,.T.);
#3952=ORIENTED_EDGE('',*,*,#2937,.T.);
#3953=ORIENTED_EDGE('',*,*,#2938,.F.);
#3954=ORIENTED_EDGE('',*,*,#2704,.F.);
#3955=ORIENTED_EDGE('',*,*,#2939,.T.);
#3956=ORIENTED_EDGE('',*,*,#2781,.T.);
#3957=ORIENTED_EDGE('',*,*,#2841,.T.);
#3958=ORIENTED_EDGE('',*,*,#2857,.T.);
#3959=ORIENTED_EDGE('',*,*,#2884,.T.);
#3960=ORIENTED_EDGE('',*,*,#2940,.T.);
#3961=ORIENTED_EDGE('',*,*,#2941,.F.);
#3962=ORIENTED_EDGE('',*,*,#2705,.F.);
#3963=ORIENTED_EDGE('',*,*,#2938,.T.);
#3964=ORIENTED_EDGE('',*,*,#2942,.T.);
#3965=ORIENTED_EDGE('',*,*,#2848,.T.);
#3966=ORIENTED_EDGE('',*,*,#2855,.T.);
#3967=ORIENTED_EDGE('',*,*,#2895,.T.);
#3968=ORIENTED_EDGE('',*,*,#2943,.T.);
#3969=ORIENTED_EDGE('',*,*,#2944,.F.);
#3970=ORIENTED_EDGE('',*,*,#2707,.F.);
#3971=ORIENTED_EDGE('',*,*,#2945,.T.);
#3972=ORIENTED_EDGE('',*,*,#2946,.T.);
#3973=ORIENTED_EDGE('',*,*,#2897,.T.);
#3974=ORIENTED_EDGE('',*,*,#2947,.F.);
#3975=ORIENTED_EDGE('',*,*,#2948,.F.);
#3976=ORIENTED_EDGE('',*,*,#2949,.F.);
#3977=ORIENTED_EDGE('',*,*,#2950,.F.);
#3978=ORIENTED_EDGE('',*,*,#2943,.F.);
#3979=ORIENTED_EDGE('',*,*,#2843,.T.);
#3980=ORIENTED_EDGE('',*,*,#2849,.T.);
#3981=ORIENTED_EDGE('',*,*,#2946,.F.);
#3982=ORIENTED_EDGE('',*,*,#2951,.F.);
#3983=ORIENTED_EDGE('',*,*,#2940,.F.);
#3984=ORIENTED_EDGE('',*,*,#2883,.T.);
#3985=ORIENTED_EDGE('',*,*,#2836,.T.);
#3986=ORIENTED_EDGE('',*,*,#2842,.T.);
#3987=ORIENTED_EDGE('',*,*,#2942,.F.);
#3988=ORIENTED_EDGE('',*,*,#2937,.F.);
#3989=ORIENTED_EDGE('',*,*,#2878,.T.);
#3990=ORIENTED_EDGE('',*,*,#2792,.T.);
#3991=ORIENTED_EDGE('',*,*,#2798,.T.);
#3992=ORIENTED_EDGE('',*,*,#2823,.T.);
#3993=ORIENTED_EDGE('',*,*,#2828,.T.);
#3994=ORIENTED_EDGE('',*,*,#2936,.F.);
#3995=ORIENTED_EDGE('',*,*,#2870,.T.);
#3996=ORIENTED_EDGE('',*,*,#2892,.T.);
#3997=ORIENTED_EDGE('',*,*,#2952,.F.);
#3998=ORIENTED_EDGE('',*,*,#2953,.F.);
#3999=ORIENTED_EDGE('',*,*,#2954,.F.);
#4000=ORIENTED_EDGE('',*,*,#2955,.F.);
#4001=ORIENTED_EDGE('',*,*,#2956,.F.);
#4002=ORIENTED_EDGE('',*,*,#2957,.F.);
#4003=ORIENTED_EDGE('',*,*,#2933,.F.);
#4004=ORIENTED_EDGE('',*,*,#2958,.F.);
#4005=ORIENTED_EDGE('',*,*,#2959,.T.);
#4006=ORIENTED_EDGE('',*,*,#2960,.F.);
#4007=ORIENTED_EDGE('',*,*,#2961,.F.);
#4008=ORIENTED_EDGE('',*,*,#2960,.T.);
#4009=ORIENTED_EDGE('',*,*,#2962,.F.);
#4010=ORIENTED_EDGE('',*,*,#2963,.F.);
#4011=ORIENTED_EDGE('',*,*,#2964,.F.);
#4012=ORIENTED_EDGE('',*,*,#2965,.F.);
#4013=ORIENTED_EDGE('',*,*,#2966,.F.);
#4014=ORIENTED_EDGE('',*,*,#2967,.F.);
#4015=ORIENTED_EDGE('',*,*,#2968,.F.);
#4016=ORIENTED_EDGE('',*,*,#2969,.F.);
#4017=ORIENTED_EDGE('',*,*,#2970,.F.);
#4018=ORIENTED_EDGE('',*,*,#2971,.F.);
#4019=ORIENTED_EDGE('',*,*,#2972,.F.);
#4020=ORIENTED_EDGE('',*,*,#2973,.F.);
#4021=ORIENTED_EDGE('',*,*,#2974,.F.);
#4022=ORIENTED_EDGE('',*,*,#2975,.F.);
#4023=ORIENTED_EDGE('',*,*,#2976,.F.);
#4024=ORIENTED_EDGE('',*,*,#2977,.F.);
#4025=ORIENTED_EDGE('',*,*,#2978,.F.);
#4026=ORIENTED_EDGE('',*,*,#2979,.F.);
#4027=ORIENTED_EDGE('',*,*,#2980,.F.);
#4028=ORIENTED_EDGE('',*,*,#2981,.F.);
#4029=ORIENTED_EDGE('',*,*,#2981,.T.);
#4030=ORIENTED_EDGE('',*,*,#2982,.T.);
#4031=ORIENTED_EDGE('',*,*,#2657,.F.);
#4032=ORIENTED_EDGE('',*,*,#2983,.F.);
#4033=ORIENTED_EDGE('',*,*,#2980,.T.);
#4034=ORIENTED_EDGE('',*,*,#2984,.T.);
#4035=ORIENTED_EDGE('',*,*,#2658,.F.);
#4036=ORIENTED_EDGE('',*,*,#2982,.F.);
#4037=ORIENTED_EDGE('',*,*,#2979,.T.);
#4038=ORIENTED_EDGE('',*,*,#2985,.T.);
#4039=ORIENTED_EDGE('',*,*,#2659,.F.);
#4040=ORIENTED_EDGE('',*,*,#2984,.F.);
#4041=ORIENTED_EDGE('',*,*,#2978,.T.);
#4042=ORIENTED_EDGE('',*,*,#2986,.T.);
#4043=ORIENTED_EDGE('',*,*,#2660,.F.);
#4044=ORIENTED_EDGE('',*,*,#2985,.F.);
#4045=ORIENTED_EDGE('',*,*,#2977,.T.);
#4046=ORIENTED_EDGE('',*,*,#2987,.T.);
#4047=ORIENTED_EDGE('',*,*,#2661,.F.);
#4048=ORIENTED_EDGE('',*,*,#2986,.F.);
#4049=ORIENTED_EDGE('',*,*,#2976,.T.);
#4050=ORIENTED_EDGE('',*,*,#2988,.T.);
#4051=ORIENTED_EDGE('',*,*,#2662,.F.);
#4052=ORIENTED_EDGE('',*,*,#2987,.F.);
#4053=ORIENTED_EDGE('',*,*,#2975,.T.);
#4054=ORIENTED_EDGE('',*,*,#2989,.T.);
#4055=ORIENTED_EDGE('',*,*,#2663,.F.);
#4056=ORIENTED_EDGE('',*,*,#2988,.F.);
#4057=ORIENTED_EDGE('',*,*,#2974,.T.);
#4058=ORIENTED_EDGE('',*,*,#2990,.T.);
#4059=ORIENTED_EDGE('',*,*,#2664,.F.);
#4060=ORIENTED_EDGE('',*,*,#2989,.F.);
#4061=ORIENTED_EDGE('',*,*,#2973,.T.);
#4062=ORIENTED_EDGE('',*,*,#2991,.T.);
#4063=ORIENTED_EDGE('',*,*,#2665,.F.);
#4064=ORIENTED_EDGE('',*,*,#2990,.F.);
#4065=ORIENTED_EDGE('',*,*,#2972,.T.);
#4066=ORIENTED_EDGE('',*,*,#2992,.T.);
#4067=ORIENTED_EDGE('',*,*,#2666,.F.);
#4068=ORIENTED_EDGE('',*,*,#2991,.F.);
#4069=ORIENTED_EDGE('',*,*,#2971,.T.);
#4070=ORIENTED_EDGE('',*,*,#2993,.T.);
#4071=ORIENTED_EDGE('',*,*,#2667,.F.);
#4072=ORIENTED_EDGE('',*,*,#2992,.F.);
#4073=ORIENTED_EDGE('',*,*,#2970,.T.);
#4074=ORIENTED_EDGE('',*,*,#2994,.T.);
#4075=ORIENTED_EDGE('',*,*,#2668,.F.);
#4076=ORIENTED_EDGE('',*,*,#2993,.F.);
#4077=ORIENTED_EDGE('',*,*,#2969,.T.);
#4078=ORIENTED_EDGE('',*,*,#2995,.T.);
#4079=ORIENTED_EDGE('',*,*,#2669,.F.);
#4080=ORIENTED_EDGE('',*,*,#2994,.F.);
#4081=ORIENTED_EDGE('',*,*,#2968,.T.);
#4082=ORIENTED_EDGE('',*,*,#2996,.T.);
#4083=ORIENTED_EDGE('',*,*,#2670,.F.);
#4084=ORIENTED_EDGE('',*,*,#2995,.F.);
#4085=ORIENTED_EDGE('',*,*,#2967,.T.);
#4086=ORIENTED_EDGE('',*,*,#2997,.T.);
#4087=ORIENTED_EDGE('',*,*,#2671,.F.);
#4088=ORIENTED_EDGE('',*,*,#2996,.F.);
#4089=ORIENTED_EDGE('',*,*,#2966,.T.);
#4090=ORIENTED_EDGE('',*,*,#2998,.T.);
#4091=ORIENTED_EDGE('',*,*,#2672,.F.);
#4092=ORIENTED_EDGE('',*,*,#2997,.F.);
#4093=ORIENTED_EDGE('',*,*,#2965,.T.);
#4094=ORIENTED_EDGE('',*,*,#2999,.T.);
#4095=ORIENTED_EDGE('',*,*,#2673,.F.);
#4096=ORIENTED_EDGE('',*,*,#2998,.F.);
#4097=ORIENTED_EDGE('',*,*,#2964,.T.);
#4098=ORIENTED_EDGE('',*,*,#3000,.T.);
#4099=ORIENTED_EDGE('',*,*,#2674,.F.);
#4100=ORIENTED_EDGE('',*,*,#2999,.F.);
#4101=ORIENTED_EDGE('',*,*,#2963,.T.);
#4102=ORIENTED_EDGE('',*,*,#3001,.T.);
#4103=ORIENTED_EDGE('',*,*,#2675,.F.);
#4104=ORIENTED_EDGE('',*,*,#3000,.F.);
#4105=ORIENTED_EDGE('',*,*,#2962,.T.);
#4106=ORIENTED_EDGE('',*,*,#3002,.T.);
#4107=ORIENTED_EDGE('',*,*,#2676,.F.);
#4108=ORIENTED_EDGE('',*,*,#3001,.F.);
#4109=ORIENTED_EDGE('',*,*,#2900,.T.);
#4110=ORIENTED_EDGE('',*,*,#2931,.T.);
#4111=ORIENTED_EDGE('',*,*,#3003,.F.);
#4112=ORIENTED_EDGE('',*,*,#3004,.F.);
#4113=ORIENTED_EDGE('',*,*,#3005,.T.);
#4114=ORIENTED_EDGE('',*,*,#2925,.T.);
#4115=ORIENTED_EDGE('',*,*,#2886,.T.);
#4116=ORIENTED_EDGE('',*,*,#2494,.T.);
#4117=ORIENTED_EDGE('',*,*,#3006,.F.);
#4118=ORIENTED_EDGE('',*,*,#2918,.T.);
#4119=ORIENTED_EDGE('',*,*,#2504,.F.);
#4120=ORIENTED_EDGE('',*,*,#2501,.F.);
#4121=ORIENTED_EDGE('',*,*,#2470,.F.);
#4122=ORIENTED_EDGE('',*,*,#2882,.T.);
#4123=ORIENTED_EDGE('',*,*,#2926,.T.);
#4124=ORIENTED_EDGE('',*,*,#3005,.F.);
#4125=ORIENTED_EDGE('',*,*,#3007,.F.);
#4126=ORIENTED_EDGE('',*,*,#3008,.T.);
#4127=ORIENTED_EDGE('',*,*,#2919,.T.);
#4128=ORIENTED_EDGE('',*,*,#2916,.F.);
#4129=ORIENTED_EDGE('',*,*,#3009,.F.);
#4130=ORIENTED_EDGE('',*,*,#3010,.T.);
#4131=ORIENTED_EDGE('',*,*,#2920,.T.);
#4132=ORIENTED_EDGE('',*,*,#3008,.F.);
#4133=ORIENTED_EDGE('',*,*,#3011,.F.);
#4134=ORIENTED_EDGE('',*,*,#3012,.T.);
#4135=ORIENTED_EDGE('',*,*,#2921,.T.);
#4136=ORIENTED_EDGE('',*,*,#3010,.F.);
#4137=ORIENTED_EDGE('',*,*,#3013,.F.);
#4138=ORIENTED_EDGE('',*,*,#3014,.T.);
#4139=ORIENTED_EDGE('',*,*,#2922,.T.);
#4140=ORIENTED_EDGE('',*,*,#3012,.F.);
#4141=ORIENTED_EDGE('',*,*,#3015,.F.);
#4142=ORIENTED_EDGE('',*,*,#3016,.T.);
#4143=ORIENTED_EDGE('',*,*,#2923,.T.);
#4144=ORIENTED_EDGE('',*,*,#3014,.F.);
#4145=ORIENTED_EDGE('',*,*,#2890,.T.);
#4146=ORIENTED_EDGE('',*,*,#2924,.T.);
#4147=ORIENTED_EDGE('',*,*,#3016,.F.);
#4148=ORIENTED_EDGE('',*,*,#3017,.F.);
#4149=ORIENTED_EDGE('',*,*,#3018,.T.);
#4150=ORIENTED_EDGE('',*,*,#2507,.T.);
#4151=ORIENTED_EDGE('',*,*,#2877,.T.);
#4152=ORIENTED_EDGE('',*,*,#2867,.T.);
#4153=ORIENTED_EDGE('',*,*,#3019,.F.);
#4154=ORIENTED_EDGE('',*,*,#3020,.T.);
#4155=ORIENTED_EDGE('',*,*,#2508,.T.);
#4156=ORIENTED_EDGE('',*,*,#3018,.F.);
#4157=ORIENTED_EDGE('',*,*,#3021,.F.);
#4158=ORIENTED_EDGE('',*,*,#3022,.T.);
#4159=ORIENTED_EDGE('',*,*,#2509,.T.);
#4160=ORIENTED_EDGE('',*,*,#3020,.F.);
#4161=ORIENTED_EDGE('',*,*,#3023,.F.);
#4162=ORIENTED_EDGE('',*,*,#3024,.T.);
#4163=ORIENTED_EDGE('',*,*,#2510,.T.);
#4164=ORIENTED_EDGE('',*,*,#3022,.F.);
#4165=ORIENTED_EDGE('',*,*,#3025,.F.);
#4166=ORIENTED_EDGE('',*,*,#2912,.T.);
#4167=ORIENTED_EDGE('',*,*,#2511,.T.);
#4168=ORIENTED_EDGE('',*,*,#3024,.F.);
#4169=ORIENTED_EDGE('',*,*,#3026,.F.);
#4170=ORIENTED_EDGE('',*,*,#3027,.T.);
#4171=ORIENTED_EDGE('',*,*,#2759,.T.);
#4172=ORIENTED_EDGE('',*,*,#2914,.F.);
#4173=ORIENTED_EDGE('',*,*,#3028,.F.);
#4174=ORIENTED_EDGE('',*,*,#3029,.T.);
#4175=ORIENTED_EDGE('',*,*,#2760,.T.);
#4176=ORIENTED_EDGE('',*,*,#3027,.F.);
#4177=ORIENTED_EDGE('',*,*,#3030,.F.);
#4178=ORIENTED_EDGE('',*,*,#3031,.T.);
#4179=ORIENTED_EDGE('',*,*,#2761,.T.);
#4180=ORIENTED_EDGE('',*,*,#3029,.F.);
#4181=ORIENTED_EDGE('',*,*,#3032,.F.);
#4182=ORIENTED_EDGE('',*,*,#3033,.T.);
#4183=ORIENTED_EDGE('',*,*,#2762,.T.);
#4184=ORIENTED_EDGE('',*,*,#3031,.F.);
#4185=ORIENTED_EDGE('',*,*,#3034,.F.);
#4186=ORIENTED_EDGE('',*,*,#3035,.T.);
#4187=ORIENTED_EDGE('',*,*,#2763,.T.);
#4188=ORIENTED_EDGE('',*,*,#3033,.F.);
#4189=ORIENTED_EDGE('',*,*,#3036,.F.);
#4190=ORIENTED_EDGE('',*,*,#2908,.T.);
#4191=ORIENTED_EDGE('',*,*,#2764,.T.);
#4192=ORIENTED_EDGE('',*,*,#3035,.F.);
#4193=ORIENTED_EDGE('',*,*,#2905,.T.);
#4194=ORIENTED_EDGE('',*,*,#2932,.T.);
#4195=ORIENTED_EDGE('',*,*,#2910,.F.);
#4196=ORIENTED_EDGE('',*,*,#3037,.F.);
#4197=ORIENTED_EDGE('',*,*,#3038,.T.);
#4198=ORIENTED_EDGE('',*,*,#2738,.T.);
#4199=ORIENTED_EDGE('',*,*,#2742,.T.);
#4200=ORIENTED_EDGE('',*,*,#2488,.T.);
#4201=ORIENTED_EDGE('',*,*,#3039,.F.);
#4202=ORIENTED_EDGE('',*,*,#3040,.T.);
#4203=ORIENTED_EDGE('',*,*,#2739,.T.);
#4204=ORIENTED_EDGE('',*,*,#3038,.F.);
#4205=ORIENTED_EDGE('',*,*,#2885,.T.);
#4206=ORIENTED_EDGE('',*,*,#2740,.T.);
#4207=ORIENTED_EDGE('',*,*,#3040,.F.);
#4208=ORIENTED_EDGE('',*,*,#3041,.F.);
#4209=ORIENTED_EDGE('',*,*,#3042,.T.);
#4210=ORIENTED_EDGE('',*,*,#2927,.T.);
#4211=ORIENTED_EDGE('',*,*,#2898,.T.);
#4212=ORIENTED_EDGE('',*,*,#2492,.T.);
#4213=ORIENTED_EDGE('',*,*,#3043,.F.);
#4214=ORIENTED_EDGE('',*,*,#3044,.T.);
#4215=ORIENTED_EDGE('',*,*,#2928,.T.);
#4216=ORIENTED_EDGE('',*,*,#3042,.F.);
#4217=ORIENTED_EDGE('',*,*,#3045,.F.);
#4218=ORIENTED_EDGE('',*,*,#3046,.T.);
#4219=ORIENTED_EDGE('',*,*,#2929,.T.);
#4220=ORIENTED_EDGE('',*,*,#3044,.F.);
#4221=ORIENTED_EDGE('',*,*,#3047,.F.);
#4222=ORIENTED_EDGE('',*,*,#3003,.T.);
#4223=ORIENTED_EDGE('',*,*,#2930,.T.);
#4224=ORIENTED_EDGE('',*,*,#3046,.F.);
#4225=ORIENTED_EDGE('',*,*,#2709,.F.);
#4226=ORIENTED_EDGE('',*,*,#3048,.T.);
#4227=ORIENTED_EDGE('',*,*,#2949,.T.);
#4228=ORIENTED_EDGE('',*,*,#3049,.F.);
#4229=ORIENTED_EDGE('',*,*,#2708,.F.);
#4230=ORIENTED_EDGE('',*,*,#2944,.T.);
#4231=ORIENTED_EDGE('',*,*,#2950,.T.);
#4232=ORIENTED_EDGE('',*,*,#3048,.F.);
#4233=ORIENTED_EDGE('',*,*,#2706,.F.);
#4234=ORIENTED_EDGE('',*,*,#2941,.T.);
#4235=ORIENTED_EDGE('',*,*,#2951,.T.);
#4236=ORIENTED_EDGE('',*,*,#2945,.F.);
#4237=ORIENTED_EDGE('',*,*,#2703,.F.);
#4238=ORIENTED_EDGE('',*,*,#3050,.T.);
#4239=ORIENTED_EDGE('',*,*,#2782,.T.);
#4240=ORIENTED_EDGE('',*,*,#2939,.F.);
#4241=ORIENTED_EDGE('',*,*,#2702,.F.);
#4242=ORIENTED_EDGE('',*,*,#3051,.T.);
#4243=ORIENTED_EDGE('',*,*,#2783,.T.);
#4244=ORIENTED_EDGE('',*,*,#3050,.F.);
#4245=ORIENTED_EDGE('',*,*,#2701,.F.);
#4246=ORIENTED_EDGE('',*,*,#3052,.T.);
#4247=ORIENTED_EDGE('',*,*,#2784,.T.);
#4248=ORIENTED_EDGE('',*,*,#3051,.F.);
#4249=ORIENTED_EDGE('',*,*,#2700,.F.);
#4250=ORIENTED_EDGE('',*,*,#3053,.T.);
#4251=ORIENTED_EDGE('',*,*,#2785,.T.);
#4252=ORIENTED_EDGE('',*,*,#3052,.F.);
#4253=ORIENTED_EDGE('',*,*,#2699,.F.);
#4254=ORIENTED_EDGE('',*,*,#3054,.T.);
#4255=ORIENTED_EDGE('',*,*,#2786,.T.);
#4256=ORIENTED_EDGE('',*,*,#3053,.F.);
#4257=ORIENTED_EDGE('',*,*,#2698,.F.);
#4258=ORIENTED_EDGE('',*,*,#3055,.T.);
#4259=ORIENTED_EDGE('',*,*,#2787,.T.);
#4260=ORIENTED_EDGE('',*,*,#3054,.F.);
#4261=ORIENTED_EDGE('',*,*,#2869,.T.);
#4262=ORIENTED_EDGE('',*,*,#2788,.T.);
#4263=ORIENTED_EDGE('',*,*,#3055,.F.);
#4264=ORIENTED_EDGE('',*,*,#2697,.F.);
#4265=ORIENTED_EDGE('',*,*,#3056,.T.);
#4266=ORIENTED_EDGE('',*,*,#2804,.T.);
#4267=ORIENTED_EDGE('',*,*,#2815,.T.);
#4268=ORIENTED_EDGE('',*,*,#2863,.T.);
#4269=ORIENTED_EDGE('',*,*,#2696,.F.);
#4270=ORIENTED_EDGE('',*,*,#3057,.T.);
#4271=ORIENTED_EDGE('',*,*,#2805,.T.);
#4272=ORIENTED_EDGE('',*,*,#3056,.F.);
#4273=ORIENTED_EDGE('',*,*,#2695,.F.);
#4274=ORIENTED_EDGE('',*,*,#3058,.T.);
#4275=ORIENTED_EDGE('',*,*,#2806,.T.);
#4276=ORIENTED_EDGE('',*,*,#3057,.F.);
#4277=ORIENTED_EDGE('',*,*,#2694,.F.);
#4278=ORIENTED_EDGE('',*,*,#3059,.T.);
#4279=ORIENTED_EDGE('',*,*,#2807,.T.);
#4280=ORIENTED_EDGE('',*,*,#3058,.F.);
#4281=ORIENTED_EDGE('',*,*,#2693,.F.);
#4282=ORIENTED_EDGE('',*,*,#3060,.T.);
#4283=ORIENTED_EDGE('',*,*,#2808,.T.);
#4284=ORIENTED_EDGE('',*,*,#3059,.F.);
#4285=ORIENTED_EDGE('',*,*,#2873,.T.);
#4286=ORIENTED_EDGE('',*,*,#2809,.T.);
#4287=ORIENTED_EDGE('',*,*,#3060,.F.);
#4288=ORIENTED_EDGE('',*,*,#2692,.F.);
#4289=ORIENTED_EDGE('',*,*,#3061,.T.);
#4290=ORIENTED_EDGE('',*,*,#2952,.T.);
#4291=ORIENTED_EDGE('',*,*,#2891,.T.);
#4292=ORIENTED_EDGE('',*,*,#2901,.T.);
#4293=ORIENTED_EDGE('',*,*,#2691,.F.);
#4294=ORIENTED_EDGE('',*,*,#3062,.T.);
#4295=ORIENTED_EDGE('',*,*,#2953,.T.);
#4296=ORIENTED_EDGE('',*,*,#3061,.F.);
#4297=ORIENTED_EDGE('',*,*,#2690,.F.);
#4298=ORIENTED_EDGE('',*,*,#3063,.T.);
#4299=ORIENTED_EDGE('',*,*,#2954,.T.);
#4300=ORIENTED_EDGE('',*,*,#3062,.F.);
#4301=ORIENTED_EDGE('',*,*,#2689,.F.);
#4302=ORIENTED_EDGE('',*,*,#3064,.T.);
#4303=ORIENTED_EDGE('',*,*,#2955,.T.);
#4304=ORIENTED_EDGE('',*,*,#3063,.F.);
#4305=ORIENTED_EDGE('',*,*,#2688,.F.);
#4306=ORIENTED_EDGE('',*,*,#3065,.T.);
#4307=ORIENTED_EDGE('',*,*,#2956,.T.);
#4308=ORIENTED_EDGE('',*,*,#3064,.F.);
#4309=ORIENTED_EDGE('',*,*,#2687,.F.);
#4310=ORIENTED_EDGE('',*,*,#2934,.T.);
#4311=ORIENTED_EDGE('',*,*,#2957,.T.);
#4312=ORIENTED_EDGE('',*,*,#3065,.F.);
#4313=ORIENTED_EDGE('',*,*,#2685,.F.);
#4314=ORIENTED_EDGE('',*,*,#3066,.T.);
#4315=ORIENTED_EDGE('',*,*,#2834,.T.);
#4316=ORIENTED_EDGE('',*,*,#2880,.F.);
#4317=ORIENTED_EDGE('',*,*,#2850,.F.);
#4318=ORIENTED_EDGE('',*,*,#2872,.F.);
#4319=ORIENTED_EDGE('',*,*,#2812,.T.);
#4320=ORIENTED_EDGE('',*,*,#2935,.F.);
#4321=ORIENTED_EDGE('',*,*,#2774,.T.);
#4322=ORIENTED_EDGE('',*,*,#2835,.T.);
#4323=ORIENTED_EDGE('',*,*,#3066,.F.);
#4324=ORIENTED_EDGE('',*,*,#2684,.F.);
#4325=ORIENTED_EDGE('',*,*,#3067,.T.);
#4326=ORIENTED_EDGE('',*,*,#2947,.T.);
#4327=ORIENTED_EDGE('',*,*,#2896,.T.);
#4328=ORIENTED_EDGE('',*,*,#2853,.T.);
#4329=ORIENTED_EDGE('',*,*,#2710,.F.);
#4330=ORIENTED_EDGE('',*,*,#3049,.T.);
#4331=ORIENTED_EDGE('',*,*,#2948,.T.);
#4332=ORIENTED_EDGE('',*,*,#3067,.F.);
#4333=ORIENTED_EDGE('',*,*,#3068,.F.);
#4334=ORIENTED_EDGE('',*,*,#3069,.T.);
#4335=ORIENTED_EDGE('',*,*,#2652,.F.);
#4336=ORIENTED_EDGE('',*,*,#3070,.F.);
#4337=ORIENTED_EDGE('',*,*,#3071,.F.);
#4338=ORIENTED_EDGE('',*,*,#3070,.T.);
#4339=ORIENTED_EDGE('',*,*,#2651,.F.);
#4340=ORIENTED_EDGE('',*,*,#3072,.F.);
#4341=ORIENTED_EDGE('',*,*,#3073,.F.);
#4342=ORIENTED_EDGE('',*,*,#3072,.T.);
#4343=ORIENTED_EDGE('',*,*,#2650,.F.);
#4344=ORIENTED_EDGE('',*,*,#3074,.F.);
#4345=ORIENTED_EDGE('',*,*,#3075,.F.);
#4346=ORIENTED_EDGE('',*,*,#3074,.T.);
#4347=ORIENTED_EDGE('',*,*,#2649,.F.);
#4348=ORIENTED_EDGE('',*,*,#3076,.F.);
#4349=ORIENTED_EDGE('',*,*,#3077,.F.);
#4350=ORIENTED_EDGE('',*,*,#3076,.T.);
#4351=ORIENTED_EDGE('',*,*,#2648,.F.);
#4352=ORIENTED_EDGE('',*,*,#3078,.F.);
#4353=ORIENTED_EDGE('',*,*,#3079,.F.);
#4354=ORIENTED_EDGE('',*,*,#3078,.T.);
#4355=ORIENTED_EDGE('',*,*,#2647,.F.);
#4356=ORIENTED_EDGE('',*,*,#3080,.F.);
#4357=ORIENTED_EDGE('',*,*,#3081,.F.);
#4358=ORIENTED_EDGE('',*,*,#3080,.T.);
#4359=ORIENTED_EDGE('',*,*,#2646,.F.);
#4360=ORIENTED_EDGE('',*,*,#3082,.F.);
#4361=ORIENTED_EDGE('',*,*,#3083,.F.);
#4362=ORIENTED_EDGE('',*,*,#3082,.T.);
#4363=ORIENTED_EDGE('',*,*,#2645,.F.);
#4364=ORIENTED_EDGE('',*,*,#3084,.F.);
#4365=ORIENTED_EDGE('',*,*,#3085,.F.);
#4366=ORIENTED_EDGE('',*,*,#3084,.T.);
#4367=ORIENTED_EDGE('',*,*,#2644,.F.);
#4368=ORIENTED_EDGE('',*,*,#3086,.F.);
#4369=ORIENTED_EDGE('',*,*,#2440,.T.);
#4370=ORIENTED_EDGE('',*,*,#3087,.F.);
#4371=ORIENTED_EDGE('',*,*,#3086,.T.);
#4372=ORIENTED_EDGE('',*,*,#2643,.F.);
#4373=ORIENTED_EDGE('',*,*,#2450,.F.);
#4374=ORIENTED_EDGE('',*,*,#2444,.T.);
#4375=ORIENTED_EDGE('',*,*,#3088,.F.);
#4376=ORIENTED_EDGE('',*,*,#2438,.T.);
#4377=ORIENTED_EDGE('',*,*,#2447,.T.);
#4378=ORIENTED_EDGE('',*,*,#2642,.F.);
#4379=ORIENTED_EDGE('',*,*,#3089,.F.);
#4380=ORIENTED_EDGE('',*,*,#3090,.F.);
#4381=ORIENTED_EDGE('',*,*,#3089,.T.);
#4382=ORIENTED_EDGE('',*,*,#2641,.F.);
#4383=ORIENTED_EDGE('',*,*,#3091,.F.);
#4384=ORIENTED_EDGE('',*,*,#3092,.F.);
#4385=ORIENTED_EDGE('',*,*,#3091,.T.);
#4386=ORIENTED_EDGE('',*,*,#2640,.F.);
#4387=ORIENTED_EDGE('',*,*,#3093,.F.);
#4388=ORIENTED_EDGE('',*,*,#3094,.F.);
#4389=ORIENTED_EDGE('',*,*,#3093,.T.);
#4390=ORIENTED_EDGE('',*,*,#2639,.F.);
#4391=ORIENTED_EDGE('',*,*,#3095,.F.);
#4392=ORIENTED_EDGE('',*,*,#3096,.F.);
#4393=ORIENTED_EDGE('',*,*,#3095,.T.);
#4394=ORIENTED_EDGE('',*,*,#2638,.F.);
#4395=ORIENTED_EDGE('',*,*,#3097,.F.);
#4396=ORIENTED_EDGE('',*,*,#3098,.F.);
#4397=ORIENTED_EDGE('',*,*,#3097,.T.);
#4398=ORIENTED_EDGE('',*,*,#2637,.F.);
#4399=ORIENTED_EDGE('',*,*,#3099,.F.);
#4400=ORIENTED_EDGE('',*,*,#3100,.F.);
#4401=ORIENTED_EDGE('',*,*,#3099,.T.);
#4402=ORIENTED_EDGE('',*,*,#2636,.F.);
#4403=ORIENTED_EDGE('',*,*,#3101,.F.);
#4404=ORIENTED_EDGE('',*,*,#3102,.F.);
#4405=ORIENTED_EDGE('',*,*,#3101,.T.);
#4406=ORIENTED_EDGE('',*,*,#2635,.F.);
#4407=ORIENTED_EDGE('',*,*,#3103,.F.);
#4408=ORIENTED_EDGE('',*,*,#3104,.F.);
#4409=ORIENTED_EDGE('',*,*,#3103,.T.);
#4410=ORIENTED_EDGE('',*,*,#2634,.F.);
#4411=ORIENTED_EDGE('',*,*,#3105,.F.);
#4412=ORIENTED_EDGE('',*,*,#3106,.F.);
#4413=ORIENTED_EDGE('',*,*,#3105,.T.);
#4414=ORIENTED_EDGE('',*,*,#2633,.F.);
#4415=ORIENTED_EDGE('',*,*,#3107,.F.);
#4416=ORIENTED_EDGE('',*,*,#3108,.F.);
#4417=ORIENTED_EDGE('',*,*,#3107,.T.);
#4418=ORIENTED_EDGE('',*,*,#2632,.F.);
#4419=ORIENTED_EDGE('',*,*,#3109,.F.);
#4420=ORIENTED_EDGE('',*,*,#2564,.F.);
#4421=ORIENTED_EDGE('',*,*,#2566,.T.);
#4422=ORIENTED_EDGE('',*,*,#3109,.T.);
#4423=ORIENTED_EDGE('',*,*,#2631,.F.);
#4424=ORIENTED_EDGE('',*,*,#3110,.F.);
#4425=ORIENTED_EDGE('',*,*,#2567,.T.);
#4426=ORIENTED_EDGE('',*,*,#3110,.T.);
#4427=ORIENTED_EDGE('',*,*,#2630,.F.);
#4428=ORIENTED_EDGE('',*,*,#3111,.F.);
#4429=ORIENTED_EDGE('',*,*,#2568,.T.);
#4430=ORIENTED_EDGE('',*,*,#3111,.T.);
#4431=ORIENTED_EDGE('',*,*,#2629,.F.);
#4432=ORIENTED_EDGE('',*,*,#3112,.F.);
#4433=ORIENTED_EDGE('',*,*,#2569,.T.);
#4434=ORIENTED_EDGE('',*,*,#3112,.T.);
#4435=ORIENTED_EDGE('',*,*,#2628,.F.);
#4436=ORIENTED_EDGE('',*,*,#3113,.F.);
#4437=ORIENTED_EDGE('',*,*,#2570,.T.);
#4438=ORIENTED_EDGE('',*,*,#3113,.T.);
#4439=ORIENTED_EDGE('',*,*,#2627,.F.);
#4440=ORIENTED_EDGE('',*,*,#3114,.F.);
#4441=ORIENTED_EDGE('',*,*,#2571,.T.);
#4442=ORIENTED_EDGE('',*,*,#3114,.T.);
#4443=ORIENTED_EDGE('',*,*,#2626,.F.);
#4444=ORIENTED_EDGE('',*,*,#3115,.F.);
#4445=ORIENTED_EDGE('',*,*,#2572,.T.);
#4446=ORIENTED_EDGE('',*,*,#3115,.T.);
#4447=ORIENTED_EDGE('',*,*,#2625,.F.);
#4448=ORIENTED_EDGE('',*,*,#3116,.F.);
#4449=ORIENTED_EDGE('',*,*,#2573,.T.);
#4450=ORIENTED_EDGE('',*,*,#3116,.T.);
#4451=ORIENTED_EDGE('',*,*,#2624,.F.);
#4452=ORIENTED_EDGE('',*,*,#3117,.F.);
#4453=ORIENTED_EDGE('',*,*,#2574,.T.);
#4454=ORIENTED_EDGE('',*,*,#3117,.T.);
#4455=ORIENTED_EDGE('',*,*,#2623,.F.);
#4456=ORIENTED_EDGE('',*,*,#3118,.F.);
#4457=ORIENTED_EDGE('',*,*,#2575,.T.);
#4458=ORIENTED_EDGE('',*,*,#3118,.T.);
#4459=ORIENTED_EDGE('',*,*,#2622,.F.);
#4460=ORIENTED_EDGE('',*,*,#3119,.F.);
#4461=ORIENTED_EDGE('',*,*,#2576,.T.);
#4462=ORIENTED_EDGE('',*,*,#3119,.T.);
#4463=ORIENTED_EDGE('',*,*,#2621,.F.);
#4464=ORIENTED_EDGE('',*,*,#2605,.F.);
#4465=ORIENTED_EDGE('',*,*,#3120,.F.);
#4466=ORIENTED_EDGE('',*,*,#2562,.T.);
#4467=ORIENTED_EDGE('',*,*,#2588,.T.);
#4468=ORIENTED_EDGE('',*,*,#2620,.F.);
#4469=ORIENTED_EDGE('',*,*,#3121,.F.);
#4470=ORIENTED_EDGE('',*,*,#3122,.F.);
#4471=ORIENTED_EDGE('',*,*,#3121,.T.);
#4472=ORIENTED_EDGE('',*,*,#2619,.F.);
#4473=ORIENTED_EDGE('',*,*,#3123,.F.);
#4474=ORIENTED_EDGE('',*,*,#3124,.F.);
#4475=ORIENTED_EDGE('',*,*,#3123,.T.);
#4476=ORIENTED_EDGE('',*,*,#2618,.F.);
#4477=ORIENTED_EDGE('',*,*,#3125,.F.);
#4478=ORIENTED_EDGE('',*,*,#3126,.F.);
#4479=ORIENTED_EDGE('',*,*,#3125,.T.);
#4480=ORIENTED_EDGE('',*,*,#2617,.F.);
#4481=ORIENTED_EDGE('',*,*,#3127,.F.);
#4482=ORIENTED_EDGE('',*,*,#3128,.F.);
#4483=ORIENTED_EDGE('',*,*,#3127,.T.);
#4484=ORIENTED_EDGE('',*,*,#2616,.F.);
#4485=ORIENTED_EDGE('',*,*,#3129,.F.);
#4486=ORIENTED_EDGE('',*,*,#3130,.F.);
#4487=ORIENTED_EDGE('',*,*,#3129,.T.);
#4488=ORIENTED_EDGE('',*,*,#2615,.F.);
#4489=ORIENTED_EDGE('',*,*,#3131,.F.);
#4490=ORIENTED_EDGE('',*,*,#3132,.F.);
#4491=ORIENTED_EDGE('',*,*,#3131,.T.);
#4492=ORIENTED_EDGE('',*,*,#2614,.F.);
#4493=ORIENTED_EDGE('',*,*,#3133,.F.);
#4494=ORIENTED_EDGE('',*,*,#2516,.T.);
#4495=ORIENTED_EDGE('',*,*,#2540,.T.);
#4496=ORIENTED_EDGE('',*,*,#2679,.F.);
#4497=ORIENTED_EDGE('',*,*,#3134,.F.);
#4498=ORIENTED_EDGE('',*,*,#2714,.T.);
#4499=ORIENTED_EDGE('',*,*,#2517,.T.);
#4500=ORIENTED_EDGE('',*,*,#3133,.T.);
#4501=ORIENTED_EDGE('',*,*,#2613,.F.);
#4502=ORIENTED_EDGE('',*,*,#3135,.F.);
#4503=ORIENTED_EDGE('',*,*,#2518,.T.);
#4504=ORIENTED_EDGE('',*,*,#3135,.T.);
#4505=ORIENTED_EDGE('',*,*,#2612,.F.);
#4506=ORIENTED_EDGE('',*,*,#3136,.F.);
#4507=ORIENTED_EDGE('',*,*,#2519,.T.);
#4508=ORIENTED_EDGE('',*,*,#3136,.T.);
#4509=ORIENTED_EDGE('',*,*,#2611,.F.);
#4510=ORIENTED_EDGE('',*,*,#3137,.F.);
#4511=ORIENTED_EDGE('',*,*,#2520,.T.);
#4512=ORIENTED_EDGE('',*,*,#3137,.T.);
#4513=ORIENTED_EDGE('',*,*,#2610,.F.);
#4514=ORIENTED_EDGE('',*,*,#3138,.F.);
#4515=ORIENTED_EDGE('',*,*,#2521,.T.);
#4516=ORIENTED_EDGE('',*,*,#3138,.T.);
#4517=ORIENTED_EDGE('',*,*,#2609,.F.);
#4518=ORIENTED_EDGE('',*,*,#3139,.F.);
#4519=ORIENTED_EDGE('',*,*,#2522,.T.);
#4520=ORIENTED_EDGE('',*,*,#3139,.T.);
#4521=ORIENTED_EDGE('',*,*,#2608,.F.);
#4522=ORIENTED_EDGE('',*,*,#3140,.F.);
#4523=ORIENTED_EDGE('',*,*,#2523,.T.);
#4524=ORIENTED_EDGE('',*,*,#3140,.T.);
#4525=ORIENTED_EDGE('',*,*,#2607,.F.);
#4526=ORIENTED_EDGE('',*,*,#3141,.F.);
#4527=ORIENTED_EDGE('',*,*,#2524,.T.);
#4528=ORIENTED_EDGE('',*,*,#3141,.T.);
#4529=ORIENTED_EDGE('',*,*,#2683,.F.);
#4530=ORIENTED_EDGE('',*,*,#3142,.F.);
#4531=ORIENTED_EDGE('',*,*,#2525,.T.);
#4532=ORIENTED_EDGE('',*,*,#3142,.T.);
#4533=ORIENTED_EDGE('',*,*,#2682,.F.);
#4534=ORIENTED_EDGE('',*,*,#3143,.F.);
#4535=ORIENTED_EDGE('',*,*,#2526,.T.);
#4536=ORIENTED_EDGE('',*,*,#3143,.T.);
#4537=ORIENTED_EDGE('',*,*,#2681,.F.);
#4538=ORIENTED_EDGE('',*,*,#3144,.F.);
#4539=ORIENTED_EDGE('',*,*,#2527,.T.);
#4540=ORIENTED_EDGE('',*,*,#3144,.T.);
#4541=ORIENTED_EDGE('',*,*,#2680,.F.);
#4542=ORIENTED_EDGE('',*,*,#2559,.F.);
#4543=ORIENTED_EDGE('',*,*,#3145,.F.);
#4544=ORIENTED_EDGE('',*,*,#3134,.T.);
#4545=ORIENTED_EDGE('',*,*,#2678,.F.);
#4546=ORIENTED_EDGE('',*,*,#3146,.F.);
#4547=ORIENTED_EDGE('',*,*,#3147,.F.);
#4548=ORIENTED_EDGE('',*,*,#3146,.T.);
#4549=ORIENTED_EDGE('',*,*,#2677,.F.);
#4550=ORIENTED_EDGE('',*,*,#3002,.F.);
#4551=ORIENTED_EDGE('',*,*,#2959,.F.);
#4552=ORIENTED_EDGE('',*,*,#3148,.F.);
#4553=ORIENTED_EDGE('',*,*,#2961,.T.);
#4554=ORIENTED_EDGE('',*,*,#2983,.T.);
#4555=ORIENTED_EDGE('',*,*,#2656,.F.);
#4556=ORIENTED_EDGE('',*,*,#3149,.F.);
#4557=ORIENTED_EDGE('',*,*,#3150,.F.);
#4558=ORIENTED_EDGE('',*,*,#3149,.T.);
#4559=ORIENTED_EDGE('',*,*,#2655,.F.);
#4560=ORIENTED_EDGE('',*,*,#3151,.F.);
#4561=ORIENTED_EDGE('',*,*,#3152,.F.);
#4562=ORIENTED_EDGE('',*,*,#3151,.T.);
#4563=ORIENTED_EDGE('',*,*,#2654,.F.);
#4564=ORIENTED_EDGE('',*,*,#3153,.F.);
#4565=ORIENTED_EDGE('',*,*,#3154,.F.);
#4566=ORIENTED_EDGE('',*,*,#3153,.T.);
#4567=ORIENTED_EDGE('',*,*,#2653,.F.);
#4568=ORIENTED_EDGE('',*,*,#3069,.F.);
#4569=ORIENTED_EDGE('',*,*,#3088,.T.);
#4570=ORIENTED_EDGE('',*,*,#3090,.T.);
#4571=ORIENTED_EDGE('',*,*,#3092,.T.);
#4572=ORIENTED_EDGE('',*,*,#3094,.T.);
#4573=ORIENTED_EDGE('',*,*,#3096,.T.);
#4574=ORIENTED_EDGE('',*,*,#3098,.T.);
#4575=ORIENTED_EDGE('',*,*,#3100,.T.);
#4576=ORIENTED_EDGE('',*,*,#3102,.T.);
#4577=ORIENTED_EDGE('',*,*,#3104,.T.);
#4578=ORIENTED_EDGE('',*,*,#3106,.T.);
#4579=ORIENTED_EDGE('',*,*,#3108,.T.);
#4580=ORIENTED_EDGE('',*,*,#2563,.T.);
#4581=ORIENTED_EDGE('',*,*,#3120,.T.);
#4582=ORIENTED_EDGE('',*,*,#3122,.T.);
#4583=ORIENTED_EDGE('',*,*,#3124,.T.);
#4584=ORIENTED_EDGE('',*,*,#3126,.T.);
#4585=ORIENTED_EDGE('',*,*,#3128,.T.);
#4586=ORIENTED_EDGE('',*,*,#3130,.T.);
#4587=ORIENTED_EDGE('',*,*,#3132,.T.);
#4588=ORIENTED_EDGE('',*,*,#3145,.T.);
#4589=ORIENTED_EDGE('',*,*,#3147,.T.);
#4590=ORIENTED_EDGE('',*,*,#2958,.T.);
#4591=ORIENTED_EDGE('',*,*,#3148,.T.);
#4592=ORIENTED_EDGE('',*,*,#3150,.T.);
#4593=ORIENTED_EDGE('',*,*,#3152,.T.);
#4594=ORIENTED_EDGE('',*,*,#3154,.T.);
#4595=ORIENTED_EDGE('',*,*,#3068,.T.);
#4596=ORIENTED_EDGE('',*,*,#3071,.T.);
#4597=ORIENTED_EDGE('',*,*,#3073,.T.);
#4598=ORIENTED_EDGE('',*,*,#3075,.T.);
#4599=ORIENTED_EDGE('',*,*,#3077,.T.);
#4600=ORIENTED_EDGE('',*,*,#3079,.T.);
#4601=ORIENTED_EDGE('',*,*,#3081,.T.);
#4602=ORIENTED_EDGE('',*,*,#3083,.T.);
#4603=ORIENTED_EDGE('',*,*,#3085,.T.);
#4604=ORIENTED_EDGE('',*,*,#3087,.T.);
#4605=ORIENTED_EDGE('',*,*,#2439,.T.);
#4606=ORIENTED_EDGE('',*,*,#3047,.T.);
#4607=ORIENTED_EDGE('',*,*,#3045,.T.);
#4608=ORIENTED_EDGE('',*,*,#3043,.T.);
#4609=ORIENTED_EDGE('',*,*,#3041,.T.);
#4610=ORIENTED_EDGE('',*,*,#3039,.T.);
#4611=ORIENTED_EDGE('',*,*,#3037,.T.);
#4612=ORIENTED_EDGE('',*,*,#2909,.T.);
#4613=ORIENTED_EDGE('',*,*,#3036,.T.);
#4614=ORIENTED_EDGE('',*,*,#3034,.T.);
#4615=ORIENTED_EDGE('',*,*,#3032,.T.);
#4616=ORIENTED_EDGE('',*,*,#3030,.T.);
#4617=ORIENTED_EDGE('',*,*,#3028,.T.);
#4618=ORIENTED_EDGE('',*,*,#3026,.T.);
#4619=ORIENTED_EDGE('',*,*,#2913,.T.);
#4620=ORIENTED_EDGE('',*,*,#3025,.T.);
#4621=ORIENTED_EDGE('',*,*,#3023,.T.);
#4622=ORIENTED_EDGE('',*,*,#3021,.T.);
#4623=ORIENTED_EDGE('',*,*,#3019,.T.);
#4624=ORIENTED_EDGE('',*,*,#3017,.T.);
#4625=ORIENTED_EDGE('',*,*,#3015,.T.);
#4626=ORIENTED_EDGE('',*,*,#3013,.T.);
#4627=ORIENTED_EDGE('',*,*,#3011,.T.);
#4628=ORIENTED_EDGE('',*,*,#3009,.T.);
#4629=ORIENTED_EDGE('',*,*,#3007,.T.);
#4630=ORIENTED_EDGE('',*,*,#2915,.T.);
#4631=ORIENTED_EDGE('',*,*,#3006,.T.);
#4632=ORIENTED_EDGE('',*,*,#3004,.T.);
#4633=ORIENTED_EDGE('',*,*,#2717,.T.);
#4634=ORIENTED_EDGE('',*,*,#2719,.T.);
#4635=ORIENTED_EDGE('',*,*,#2715,.T.);
#4636=ORIENTED_EDGE('',*,*,#2460,.T.);
#4637=PLANE('',#5080);
#4638=PLANE('',#5082);
#4639=PLANE('',#5084);
#4640=PLANE('',#5085);
#4641=PLANE('',#5086);
#4642=PLANE('',#5087);
#4643=PLANE('',#5091);
#4644=PLANE('',#5092);
#4645=PLANE('',#5093);
#4646=PLANE('',#5094);
#4647=PLANE('',#5095);
#4648=PLANE('',#5099);
#4649=PLANE('',#5104);
#4650=PLANE('',#5105);
#4651=PLANE('',#5106);
#4652=PLANE('',#5108);
#4653=PLANE('',#5109);
#4654=PLANE('',#5113);
#4655=PLANE('',#5115);
#4656=PLANE('',#5125);
#4657=PLANE('',#5126);
#4658=PLANE('',#5131);
#4659=PLANE('',#5147);
#4660=PLANE('',#5150);
#4661=PLANE('',#5155);
#4662=PLANE('',#5158);
#4663=PLANE('',#5163);
#4664=PLANE('',#5164);
#4665=PLANE('',#5179);
#4666=PLANE('',#5182);
#4667=PLANE('',#5187);
#4668=PLANE('',#5190);
#4669=PLANE('',#5194);
#4670=PLANE('',#5243);
#4671=PLANE('',#5244);
#4672=PLANE('',#5245);
#4673=PLANE('',#5248);
#4674=PLANE('',#5250);
#4675=PLANE('',#5253);
#4676=PLANE('',#5256);
#4677=PLANE('',#5257);
#4678=PLANE('',#5260);
#4679=PLANE('',#5262);
#4680=PLANE('',#5265);
#4681=PLANE('',#5268);
#4682=PLANE('',#5270);
#4683=PLANE('',#5275);
#4684=PLANE('',#5279);
#4685=PLANE('',#5281);
#4686=PLANE('',#5285);
#4687=PLANE('',#5289);
#4688=PLANE('',#5293);
#4689=PLANE('',#5297);
#4690=PLANE('',#5301);
#4691=PLANE('',#5305);
#4692=PLANE('',#5310);
#4693=PLANE('',#5314);
#4694=PLANE('',#5315);
#4695=PLANE('',#5317);
#4696=PLANE('',#5319);
#4697=PLANE('',#5320);
#4698=PLANE('',#5321);
#4699=PLANE('',#5322);
#4700=PLANE('',#5323);
#4701=PLANE('',#5324);
#4702=PLANE('',#5325);
#4703=PLANE('',#5326);
#4704=PLANE('',#5327);
#4705=PLANE('',#5328);
#4706=PLANE('',#5329);
#4707=PLANE('',#5330);
#4708=PLANE('',#5331);
#4709=PLANE('',#5332);
#4710=PLANE('',#5333);
#4711=PLANE('',#5334);
#4712=PLANE('',#5335);
#4713=PLANE('',#5337);
#4714=PLANE('',#5338);
#4715=PLANE('',#5339);
#4716=PLANE('',#5340);
#4717=PLANE('',#5341);
#4718=PLANE('',#5342);
#4719=PLANE('',#5346);
#4720=PLANE('',#5349);
#4721=PLANE('',#5351);
#4722=PLANE('',#5353);
#4723=PLANE('',#5356);
#4724=PLANE('',#5357);
#4725=PLANE('',#5358);
#4726=PLANE('',#5359);
#4727=PLANE('',#5361);
#4728=PLANE('',#5362);
#4729=PLANE('',#5363);
#4730=PLANE('',#5364);
#4731=PLANE('',#5367);
#4732=PLANE('',#5368);
#4733=PLANE('',#5380);
#4734=PLANE('',#5382);
#4735=PLANE('',#5385);
#4736=PLANE('',#5387);
#4737=PLANE('',#5390);
#4738=PLANE('',#5392);
#4739=PLANE('',#5394);
#4740=PLANE('',#5397);
#4741=PLANE('',#5399);
#4742=PLANE('',#5402);
#4743=PLANE('',#5403);
#4744=PLANE('',#5406);
#4745=PLANE('',#5407);
#4746=PLANE('',#5410);
#4747=PLANE('',#5411);
#4748=PLANE('',#5414);
#4749=PLANE('',#5417);
#4750=PLANE('',#5418);
#4751=PLANE('',#5419);
#4752=PLANE('',#5420);
#4753=PLANE('',#5423);
#4754=PLANE('',#5424);
#4755=PLANE('',#5425);
#4756=PLANE('',#5426);
#4757=PLANE('',#5427);
#4758=PLANE('',#5428);
#4759=PLANE('',#5429);
#4760=PLANE('',#5430);
#4761=PLANE('',#5431);
#4762=PLANE('',#5432);
#4763=PLANE('',#5433);
#4764=PLANE('',#5435);
#4765=PLANE('',#5436);
#4766=PLANE('',#5437);
#4767=PLANE('',#5438);
#4768=PLANE('',#5439);
#4769=PLANE('',#5441);
#4770=PLANE('',#5443);
#4771=PLANE('',#5444);
#4772=PLANE('',#5446);
#4773=PLANE('',#5447);
#4774=PLANE('',#5449);
#4775=PLANE('',#5450);
#4776=PLANE('',#5452);
#4777=PLANE('',#5455);
#4778=PLANE('',#5458);
#4779=PLANE('',#5461);
#4780=PLANE('',#5462);
#4781=PLANE('',#5463);
#4782=PLANE('',#5466);
#4783=PLANE('',#5469);
#4784=PLANE('',#5472);
#4785=PLANE('',#5475);
#4786=PLANE('',#5478);
#4787=PLANE('',#5481);
#4788=PLANE('',#5484);
#4789=PLANE('',#5486);
#4790=PLANE('',#5489);
#4791=PLANE('',#5491);
#4792=PLANE('',#5493);
#4793=PLANE('',#5495);
#4794=PLANE('',#5498);
#4795=PLANE('',#5501);
#4796=PLANE('',#5504);
#4797=PLANE('',#5506);
#4798=PLANE('',#5508);
#4799=PLANE('',#5511);
#4800=PLANE('',#5513);
#4801=PLANE('',#5515);
#4802=PLANE('',#5518);
#4803=PLANE('',#5521);
#4804=PLANE('',#5524);
#4805=PLANE('',#5525);
#4806=STYLED_ITEM('',(#8509),#4819);
#4807=STYLED_ITEM('',(#8509),#4820);
#4808=STYLED_ITEM('',(#8509),#4821);
#4809=STYLED_ITEM('',(#8509),#4822);
#4810=STYLED_ITEM('',(#8509),#4823);
#4811=STYLED_ITEM('',(#8509),#4824);
#4812=STYLED_ITEM('',(#8509),#4825);
#4813=STYLED_ITEM('',(#8509),#4831);
#4814=STYLED_ITEM('',(#8509),#4832);
#4815=STYLED_ITEM('',(#8509),#4833);
#4816=STYLED_ITEM('',(#8509),#4834);
#4817=STYLED_ITEM('',(#8509),#4837);
#4818=STYLED_ITEM('',(#8508),#13);
#4819=ADVANCED_FACE('',(#308,#288),#4637,.F.);
#4820=ADVANCED_FACE('',(#309,#289),#4638,.T.);
#4821=ADVANCED_FACE('',(#310),#4639,.T.);
#4822=ADVANCED_FACE('',(#311),#4640,.T.);
#4823=ADVANCED_FACE('',(#312),#4641,.T.);
#4824=ADVANCED_FACE('',(#313),#4642,.T.);
#4825=ADVANCED_FACE('',(#314),#286,.F.);
#4826=ADVANCED_FACE('',(#315),#4643,.T.);
#4827=ADVANCED_FACE('',(#316),#4644,.T.);
#4828=ADVANCED_FACE('',(#317),#4645,.F.);
#4829=ADVANCED_FACE('',(#318),#4646,.F.);
#4830=ADVANCED_FACE('',(#319,#290),#4647,.F.);
#4831=ADVANCED_FACE('',(#320),#196,.T.);
#4832=ADVANCED_FACE('',(#321),#4648,.T.);
#4833=ADVANCED_FACE('',(#322),#197,.T.);
#4834=ADVANCED_FACE('',(#323),#4649,.F.);
#4835=ADVANCED_FACE('',(#324),#4650,.F.);
#4836=ADVANCED_FACE('',(#325),#4651,.F.);
#4837=ADVANCED_FACE('',(#326),#287,.F.);
#4838=ADVANCED_FACE('',(#327),#4652,.F.);
#4839=ADVANCED_FACE('',(#328),#4653,.T.);
#4840=ADVANCED_FACE('',(#329,#291),#198,.T.);
#4841=ADVANCED_FACE('',(#330,#292),#4654,.T.);
#4842=ADVANCED_FACE('',(#331),#4655,.T.);
#4843=ADVANCED_FACE('',(#332),#4656,.T.);
#4844=ADVANCED_FACE('',(#333),#4657,.T.);
#4845=ADVANCED_FACE('',(#334),#4658,.T.);
#4846=ADVANCED_FACE('',(#335),#199,.T.);
#4847=ADVANCED_FACE('',(#336),#4659,.T.);
#4848=ADVANCED_FACE('',(#337),#200,.T.);
#4849=ADVANCED_FACE('',(#338),#4660,.T.);
#4850=ADVANCED_FACE('',(#339),#201,.T.);
#4851=ADVANCED_FACE('',(#340),#202,.F.);
#4852=ADVANCED_FACE('',(#341),#4661,.T.);
#4853=ADVANCED_FACE('',(#342),#203,.F.);
#4854=ADVANCED_FACE('',(#343),#4662,.T.);
#4855=ADVANCED_FACE('',(#344),#204,.F.);
#4856=ADVANCED_FACE('',(#345),#205,.T.);
#4857=ADVANCED_FACE('',(#346),#4663,.T.);
#4858=ADVANCED_FACE('',(#347),#4664,.T.);
#4859=ADVANCED_FACE('',(#348),#206,.T.);
#4860=ADVANCED_FACE('',(#349),#4665,.T.);
#4861=ADVANCED_FACE('',(#350),#207,.T.);
#4862=ADVANCED_FACE('',(#351),#4666,.T.);
#4863=ADVANCED_FACE('',(#352),#208,.T.);
#4864=ADVANCED_FACE('',(#353),#209,.F.);
#4865=ADVANCED_FACE('',(#354),#4667,.T.);
#4866=ADVANCED_FACE('',(#355),#210,.F.);
#4867=ADVANCED_FACE('',(#356),#4668,.T.);
#4868=ADVANCED_FACE('',(#357),#211,.F.);
#4869=ADVANCED_FACE('',(#358,#293),#212,.F.);
#4870=ADVANCED_FACE('',(#359,#294,#295),#4669,.T.);
#4871=ADVANCED_FACE('',(#360,#296),#213,.F.);
#4872=ADVANCED_FACE('',(#361),#4670,.F.);
#4873=ADVANCED_FACE('',(#362),#4671,.F.);
#4874=ADVANCED_FACE('',(#363,#297),#4672,.F.);
#4875=ADVANCED_FACE('',(#364),#214,.F.);
#4876=ADVANCED_FACE('',(#365),#4673,.T.);
#4877=ADVANCED_FACE('',(#366),#4674,.T.);
#4878=ADVANCED_FACE('',(#367),#215,.F.);
#4879=ADVANCED_FACE('',(#368),#4675,.T.);
#4880=ADVANCED_FACE('',(#369),#216,.F.);
#4881=ADVANCED_FACE('',(#370),#4676,.T.);
#4882=ADVANCED_FACE('',(#371),#4677,.T.);
#4883=ADVANCED_FACE('',(#372),#217,.F.);
#4884=ADVANCED_FACE('',(#373),#4678,.T.);
#4885=ADVANCED_FACE('',(#374),#218,.F.);
#4886=ADVANCED_FACE('',(#375),#4679,.T.);
#4887=ADVANCED_FACE('',(#376),#219,.F.);
#4888=ADVANCED_FACE('',(#377),#4680,.T.);
#4889=ADVANCED_FACE('',(#378),#220,.F.);
#4890=ADVANCED_FACE('',(#379),#4681,.T.);
#4891=ADVANCED_FACE('',(#380),#4682,.T.);
#4892=ADVANCED_FACE('',(#381),#221,.F.);
#4893=ADVANCED_FACE('',(#382),#222,.F.);
#4894=ADVANCED_FACE('',(#383),#4683,.T.);
#4895=ADVANCED_FACE('',(#384),#223,.F.);
#4896=ADVANCED_FACE('',(#385),#4684,.F.);
#4897=ADVANCED_FACE('',(#386),#4685,.T.);
#4898=ADVANCED_FACE('',(#387),#224,.F.);
#4899=ADVANCED_FACE('',(#388),#4686,.T.);
#4900=ADVANCED_FACE('',(#389),#225,.F.);
#4901=ADVANCED_FACE('',(#390),#4687,.F.);
#4902=ADVANCED_FACE('',(#391),#4688,.T.);
#4903=ADVANCED_FACE('',(#392),#226,.F.);
#4904=ADVANCED_FACE('',(#393),#4689,.T.);
#4905=ADVANCED_FACE('',(#394),#227,.F.);
#4906=ADVANCED_FACE('',(#395),#4690,.T.);
#4907=ADVANCED_FACE('',(#396),#228,.F.);
#4908=ADVANCED_FACE('',(#397),#4691,.F.);
#4909=ADVANCED_FACE('',(#398),#229,.F.);
#4910=ADVANCED_FACE('',(#399),#4692,.T.);
#4911=ADVANCED_FACE('',(#400),#230,.F.);
#4912=ADVANCED_FACE('',(#401),#4693,.T.);
#4913=ADVANCED_FACE('',(#402),#4694,.T.);
#4914=ADVANCED_FACE('',(#403),#4695,.T.);
#4915=ADVANCED_FACE('',(#404),#4696,.T.);
#4916=ADVANCED_FACE('',(#405),#4697,.T.);
#4917=ADVANCED_FACE('',(#406),#4698,.T.);
#4918=ADVANCED_FACE('',(#407),#4699,.T.);
#4919=ADVANCED_FACE('',(#408),#4700,.T.);
#4920=ADVANCED_FACE('',(#409),#4701,.T.);
#4921=ADVANCED_FACE('',(#410),#4702,.T.);
#4922=ADVANCED_FACE('',(#411),#4703,.T.);
#4923=ADVANCED_FACE('',(#412),#4704,.T.);
#4924=ADVANCED_FACE('',(#413),#4705,.T.);
#4925=ADVANCED_FACE('',(#414),#4706,.T.);
#4926=ADVANCED_FACE('',(#415),#4707,.T.);
#4927=ADVANCED_FACE('',(#416),#4708,.T.);
#4928=ADVANCED_FACE('',(#417),#4709,.T.);
#4929=ADVANCED_FACE('',(#418),#4710,.T.);
#4930=ADVANCED_FACE('',(#419),#4711,.T.);
#4931=ADVANCED_FACE('',(#420),#4712,.T.);
#4932=ADVANCED_FACE('',(#421),#4713,.T.);
#4933=ADVANCED_FACE('',(#422),#4714,.T.);
#4934=ADVANCED_FACE('',(#423),#4715,.T.);
#4935=ADVANCED_FACE('',(#424),#4716,.T.);
#4936=ADVANCED_FACE('',(#425),#4717,.F.);
#4937=ADVANCED_FACE('',(#426),#4718,.F.);
#4938=ADVANCED_FACE('',(#427),#231,.T.);
#4939=ADVANCED_FACE('',(#428),#4719,.T.);
#4940=ADVANCED_FACE('',(#429),#4720,.T.);
#4941=ADVANCED_FACE('',(#430),#4721,.T.);
#4942=ADVANCED_FACE('',(#431),#4722,.T.);
#4943=ADVANCED_FACE('',(#432),#232,.T.);
#4944=ADVANCED_FACE('',(#433),#4723,.F.);
#4945=ADVANCED_FACE('',(#434),#4724,.F.);
#4946=ADVANCED_FACE('',(#435),#4725,.F.);
#4947=ADVANCED_FACE('',(#436),#4726,.F.);
#4948=ADVANCED_FACE('',(#437),#4727,.F.);
#4949=ADVANCED_FACE('',(#438),#4728,.F.);
#4950=ADVANCED_FACE('',(#439),#4729,.F.);
#4951=ADVANCED_FACE('',(#440),#4730,.F.);
#4952=ADVANCED_FACE('',(#441),#4731,.T.);
#4953=ADVANCED_FACE('',(#442),#4732,.T.);
#4954=ADVANCED_FACE('',(#443),#4733,.T.);
#4955=ADVANCED_FACE('',(#444),#233,.T.);
#4956=ADVANCED_FACE('',(#445),#4734,.T.);
#4957=ADVANCED_FACE('',(#446),#234,.T.);
#4958=ADVANCED_FACE('',(#447),#235,.F.);
#4959=ADVANCED_FACE('',(#448),#4735,.T.);
#4960=ADVANCED_FACE('',(#449),#236,.F.);
#4961=ADVANCED_FACE('',(#450),#4736,.T.);
#4962=ADVANCED_FACE('',(#451),#237,.F.);
#4963=ADVANCED_FACE('',(#452),#238,.T.);
#4964=ADVANCED_FACE('',(#453),#4737,.T.);
#4965=ADVANCED_FACE('',(#454),#239,.F.);
#4966=ADVANCED_FACE('',(#455),#4738,.T.);
#4967=ADVANCED_FACE('',(#456),#240,.F.);
#4968=ADVANCED_FACE('',(#457),#4739,.T.);
#4969=ADVANCED_FACE('',(#458),#241,.F.);
#4970=ADVANCED_FACE('',(#459),#242,.T.);
#4971=ADVANCED_FACE('',(#460),#4740,.T.);
#4972=ADVANCED_FACE('',(#461),#243,.T.);
#4973=ADVANCED_FACE('',(#462),#4741,.T.);
#4974=ADVANCED_FACE('',(#463),#244,.T.);
#4975=ADVANCED_FACE('',(#464),#4742,.F.);
#4976=ADVANCED_FACE('',(#465),#4743,.F.);
#4977=ADVANCED_FACE('',(#466),#245,.T.);
#4978=ADVANCED_FACE('',(#467),#4744,.F.);
#4979=ADVANCED_FACE('',(#468),#4745,.F.);
#4980=ADVANCED_FACE('',(#469),#246,.F.);
#4981=ADVANCED_FACE('',(#470),#4746,.F.);
#4982=ADVANCED_FACE('',(#471),#4747,.F.);
#4983=ADVANCED_FACE('',(#472),#247,.T.);
#4984=ADVANCED_FACE('',(#473),#4748,.F.);
#4985=ADVANCED_FACE('',(#474),#248,.T.);
#4986=ADVANCED_FACE('',(#475),#4749,.F.);
#4987=ADVANCED_FACE('',(#476),#4750,.F.);
#4988=ADVANCED_FACE('',(#477),#4751,.F.);
#4989=ADVANCED_FACE('',(#478),#4752,.F.);
#4990=ADVANCED_FACE('',(#479),#249,.F.);
#4991=ADVANCED_FACE('',(#480),#4753,.F.);
#4992=ADVANCED_FACE('',(#481),#4754,.F.);
#4993=ADVANCED_FACE('',(#482),#4755,.F.);
#4994=ADVANCED_FACE('',(#483),#4756,.F.);
#4995=ADVANCED_FACE('',(#484),#4757,.F.);
#4996=ADVANCED_FACE('',(#485),#4758,.F.);
#4997=ADVANCED_FACE('',(#486),#4759,.F.);
#4998=ADVANCED_FACE('',(#487),#4760,.F.);
#4999=ADVANCED_FACE('',(#488),#4761,.F.);
#5000=ADVANCED_FACE('',(#489),#4762,.F.);
#5001=ADVANCED_FACE('',(#490),#4763,.F.);
#5002=ADVANCED_FACE('',(#491),#250,.F.);
#5003=ADVANCED_FACE('',(#492),#4764,.F.);
#5004=ADVANCED_FACE('',(#493),#4765,.F.);
#5005=ADVANCED_FACE('',(#494),#4766,.F.);
#5006=ADVANCED_FACE('',(#495),#4767,.F.);
#5007=ADVANCED_FACE('',(#496),#4768,.F.);
#5008=ADVANCED_FACE('',(#497),#251,.T.);
#5009=ADVANCED_FACE('',(#498),#4769,.F.);
#5010=ADVANCED_FACE('',(#499),#252,.T.);
#5011=ADVANCED_FACE('',(#500),#4770,.F.);
#5012=ADVANCED_FACE('',(#501),#4771,.F.);
#5013=ADVANCED_FACE('',(#502),#253,.F.);
#5014=ADVANCED_FACE('',(#503),#4772,.F.);
#5015=ADVANCED_FACE('',(#504),#4773,.F.);
#5016=ADVANCED_FACE('',(#505),#254,.T.);
#5017=ADVANCED_FACE('',(#506),#4774,.F.);
#5018=ADVANCED_FACE('',(#507),#4775,.F.);
#5019=ADVANCED_FACE('',(#508),#255,.T.);
#5020=ADVANCED_FACE('',(#509),#4776,.F.);
#5021=ADVANCED_FACE('',(#510),#256,.T.);
#5022=ADVANCED_FACE('',(#511),#4777,.T.);
#5023=ADVANCED_FACE('',(#512),#257,.T.);
#5024=ADVANCED_FACE('',(#513),#4778,.T.);
#5025=ADVANCED_FACE('',(#514),#258,.T.);
#5026=ADVANCED_FACE('',(#515),#4779,.T.);
#5027=ADVANCED_FACE('',(#516),#4780,.T.);
#5028=ADVANCED_FACE('',(#517),#4781,.T.);
#5029=ADVANCED_FACE('',(#518),#259,.T.);
#5030=ADVANCED_FACE('',(#519),#4782,.T.);
#5031=ADVANCED_FACE('',(#520),#260,.T.);
#5032=ADVANCED_FACE('',(#521),#4783,.T.);
#5033=ADVANCED_FACE('',(#522),#261,.T.);
#5034=ADVANCED_FACE('',(#523),#4784,.T.);
#5035=ADVANCED_FACE('',(#524),#262,.T.);
#5036=ADVANCED_FACE('',(#525),#4785,.T.);
#5037=ADVANCED_FACE('',(#526),#263,.F.);
#5038=ADVANCED_FACE('',(#527),#4786,.T.);
#5039=ADVANCED_FACE('',(#528),#264,.T.);
#5040=ADVANCED_FACE('',(#529),#4787,.T.);
#5041=ADVANCED_FACE('',(#530),#265,.T.);
#5042=ADVANCED_FACE('',(#531),#4788,.T.);
#5043=ADVANCED_FACE('',(#532),#266,.T.);
#5044=ADVANCED_FACE('',(#533),#4789,.T.);
#5045=ADVANCED_FACE('',(#534),#267,.T.);
#5046=ADVANCED_FACE('',(#535),#268,.F.);
#5047=ADVANCED_FACE('',(#536),#4790,.T.);
#5048=ADVANCED_FACE('',(#537),#269,.F.);
#5049=ADVANCED_FACE('',(#538),#4791,.T.);
#5050=ADVANCED_FACE('',(#539),#270,.F.);
#5051=ADVANCED_FACE('',(#540),#4792,.T.);
#5052=ADVANCED_FACE('',(#541),#271,.T.);
#5053=ADVANCED_FACE('',(#542),#4793,.T.);
#5054=ADVANCED_FACE('',(#543),#272,.T.);
#5055=ADVANCED_FACE('',(#544),#4794,.T.);
#5056=ADVANCED_FACE('',(#545),#273,.F.);
#5057=ADVANCED_FACE('',(#546),#4795,.T.);
#5058=ADVANCED_FACE('',(#547),#274,.T.);
#5059=ADVANCED_FACE('',(#548,#298),#4796,.T.);
#5060=ADVANCED_FACE('',(#549),#275,.T.);
#5061=ADVANCED_FACE('',(#550),#4797,.T.);
#5062=ADVANCED_FACE('',(#551),#276,.T.);
#5063=ADVANCED_FACE('',(#552),#4798,.T.);
#5064=ADVANCED_FACE('',(#553),#277,.T.);
#5065=ADVANCED_FACE('',(#554),#278,.F.);
#5066=ADVANCED_FACE('',(#555),#4799,.T.);
#5067=ADVANCED_FACE('',(#556),#279,.F.);
#5068=ADVANCED_FACE('',(#557),#4800,.T.);
#5069=ADVANCED_FACE('',(#558),#280,.F.);
#5070=ADVANCED_FACE('',(#559),#4801,.T.);
#5071=ADVANCED_FACE('',(#560),#281,.T.);
#5072=ADVANCED_FACE('',(#561),#4802,.T.);
#5073=ADVANCED_FACE('',(#562),#282,.T.);
#5074=ADVANCED_FACE('',(#563),#4803,.T.);
#5075=ADVANCED_FACE('',(#564),#283,.T.);
#5076=ADVANCED_FACE('',(#565),#4804,.T.);
#5077=ADVANCED_FACE('',(#566,#299,#300),#4805,.F.);
#5078=CLOSED_SHELL('',(#4819,#4820,#4821,#4822,#4823,#4824,#4825,#4826,
#4827,#4828,#4829,#4830,#4831,#4832,#4833,#4834,#4835,#4836,#4837,#4838,
#4839,#4840,#4841,#4842,#4843,#4844,#4845,#4846,#4847,#4848,#4849,#4850,
#4851,#4852,#4853,#4854,#4855,#4856,#4857,#4858,#4859,#4860,#4861,#4862,
#4863,#4864,#4865,#4866,#4867,#4868,#4869,#4870,#4871,#4872,#4873,#4874,
#4875,#4876,#4877,#4878,#4879,#4880,#4881,#4882,#4883,#4884,#4885,#4886,
#4887,#4888,#4889,#4890,#4891,#4892,#4893,#4894,#4895,#4896,#4897,#4898,
#4899,#4900,#4901,#4902,#4903,#4904,#4905,#4906,#4907,#4908,#4909,#4910,
#4911,#4912,#4913,#4914,#4915,#4916,#4917,#4918,#4919,#4920,#4921,#4922,
#4923,#4924,#4925,#4926,#4927,#4928,#4929,#4930,#4931,#4932,#4933,#4934,
#4935,#4936,#4937,#4938,#4939,#4940,#4941,#4942,#4943,#4944,#4945,#4946,
#4947,#4948,#4949,#4950,#4951,#4952,#4953,#4954,#4955,#4956,#4957,#4958,
#4959,#4960,#4961,#4962,#4963,#4964,#4965,#4966,#4967,#4968,#4969,#4970,
#4971,#4972,#4973,#4974,#4975,#4976,#4977,#4978,#4979,#4980,#4981,#4982,
#4983,#4984,#4985,#4986,#4987,#4988,#4989,#4990,#4991,#4992,#4993,#4994,
#4995,#4996,#4997,#4998,#4999,#5000,#5001,#5002,#5003,#5004,#5005,#5006,
#5007,#5008,#5009,#5010,#5011,#5012,#5013,#5014,#5015,#5016,#5017,#5018,
#5019,#5020,#5021,#5022,#5023,#5024,#5025,#5026,#5027,#5028,#5029,#5030,
#5031,#5032,#5033,#5034,#5035,#5036,#5037,#5038,#5039,#5040,#5041,#5042,
#5043,#5044,#5045,#5046,#5047,#5048,#5049,#5050,#5051,#5052,#5053,#5054,
#5055,#5056,#5057,#5058,#5059,#5060,#5061,#5062,#5063,#5064,#5065,#5066,
#5067,#5068,#5069,#5070,#5071,#5072,#5073,#5074,#5075,#5076,#5077));
#5079=AXIS2_PLACEMENT_3D('placement',#6965,#5526,#5527);
#5080=AXIS2_PLACEMENT_3D('',#6966,#5528,#5529);
#5081=AXIS2_PLACEMENT_3D('',#6976,#5534,#5535);
#5082=AXIS2_PLACEMENT_3D('',#6977,#5536,#5537);
#5083=AXIS2_PLACEMENT_3D('',#6987,#5542,#5543);
#5084=AXIS2_PLACEMENT_3D('',#6988,#5544,#5545);
#5085=AXIS2_PLACEMENT_3D('',#6991,#5548,#5549);
#5086=AXIS2_PLACEMENT_3D('',#6993,#5551,#5552);
#5087=AXIS2_PLACEMENT_3D('',#6995,#5554,#5555);
#5088=AXIS2_PLACEMENT_3D('',#7018,#5556,#5557);
#5089=AXIS2_PLACEMENT_3D('',#7020,#5558,#5559);
#5090=AXIS2_PLACEMENT_3D('',#7021,#5560,#5561);
#5091=AXIS2_PLACEMENT_3D('',#7022,#5562,#5563);
#5092=AXIS2_PLACEMENT_3D('',#7031,#5568,#5569);
#5093=AXIS2_PLACEMENT_3D('',#7039,#5574,#5575);
#5094=AXIS2_PLACEMENT_3D('',#7045,#5579,#5580);
#5095=AXIS2_PLACEMENT_3D('',#7049,#5583,#5584);
#5096=AXIS2_PLACEMENT_3D('',#7053,#5587,#5588);
#5097=AXIS2_PLACEMENT_3D('',#7058,#5590,#5591);
#5098=AXIS2_PLACEMENT_3D('',#7061,#5593,#5594);
#5099=AXIS2_PLACEMENT_3D('',#7062,#5595,#5596);
#5100=AXIS2_PLACEMENT_3D('',#7064,#5597,#5598);
#5101=AXIS2_PLACEMENT_3D('',#7065,#5599,#5600);
#5102=AXIS2_PLACEMENT_3D('',#7066,#5601,#5602);
#5103=AXIS2_PLACEMENT_3D('',#7067,#5603,#5604);
#5104=AXIS2_PLACEMENT_3D('',#7068,#5605,#5606);
#5105=AXIS2_PLACEMENT_3D('',#7069,#5607,#5608);
#5106=AXIS2_PLACEMENT_3D('',#7075,#5612,#5613);
#5107=AXIS2_PLACEMENT_3D('',#7100,#5617,#5618);
#5108=AXIS2_PLACEMENT_3D('',#7103,#5619,#5620);
#5109=AXIS2_PLACEMENT_3D('',#7104,#5621,#5622);
#5110=AXIS2_PLACEMENT_3D('',#7105,#5623,#5624);
#5111=AXIS2_PLACEMENT_3D('',#7107,#5625,#5626);
#5112=AXIS2_PLACEMENT_3D('',#7109,#5627,#5628);
#5113=AXIS2_PLACEMENT_3D('',#7110,#5629,#5630);
#5114=AXIS2_PLACEMENT_3D('',#7112,#5631,#5632);
#5115=AXIS2_PLACEMENT_3D('',#7113,#5633,#5634);
#5116=AXIS2_PLACEMENT_3D('',#7120,#5637,#5638);
#5117=AXIS2_PLACEMENT_3D('',#7128,#5642,#5643);
#5118=AXIS2_PLACEMENT_3D('',#7136,#5647,#5648);
#5119=AXIS2_PLACEMENT_3D('',#7140,#5650,#5651);
#5120=AXIS2_PLACEMENT_3D('',#7148,#5655,#5656);
#5121=AXIS2_PLACEMENT_3D('',#7156,#5660,#5661);
#5122=AXIS2_PLACEMENT_3D('',#7164,#5665,#5666);
#5123=AXIS2_PLACEMENT_3D('',#7170,#5669,#5670);
#5124=AXIS2_PLACEMENT_3D('',#7174,#5672,#5673);
#5125=AXIS2_PLACEMENT_3D('',#7176,#5675,#5676);
#5126=AXIS2_PLACEMENT_3D('',#7182,#5680,#5681);
#5127=AXIS2_PLACEMENT_3D('',#7186,#5683,#5684);
#5128=AXIS2_PLACEMENT_3D('',#7194,#5688,#5689);
#5129=AXIS2_PLACEMENT_3D('',#7198,#5691,#5692);
#5130=AXIS2_PLACEMENT_3D('',#7203,#5695,#5696);
#5131=AXIS2_PLACEMENT_3D('',#7204,#5697,#5698);
#5132=AXIS2_PLACEMENT_3D('',#7207,#5699,#5700);
#5133=AXIS2_PLACEMENT_3D('',#7211,#5702,#5703);
#5134=AXIS2_PLACEMENT_3D('',#7215,#5705,#5706);
#5135=AXIS2_PLACEMENT_3D('',#7219,#5708,#5709);
#5136=AXIS2_PLACEMENT_3D('',#7221,#5710,#5711);
#5137=AXIS2_PLACEMENT_3D('',#7225,#5713,#5714);
#5138=AXIS2_PLACEMENT_3D('',#7229,#5716,#5717);
#5139=AXIS2_PLACEMENT_3D('',#7233,#5719,#5720);
#5140=AXIS2_PLACEMENT_3D('',#7235,#5721,#5722);
#5141=AXIS2_PLACEMENT_3D('',#7239,#5724,#5725);
#5142=AXIS2_PLACEMENT_3D('',#7243,#5727,#5728);
#5143=AXIS2_PLACEMENT_3D('',#7245,#5729,#5730);
#5144=AXIS2_PLACEMENT_3D('',#7249,#5732,#5733);
#5145=AXIS2_PLACEMENT_3D('',#7251,#5735,#5736);
#5146=AXIS2_PLACEMENT_3D('',#7255,#5738,#5739);
#5147=AXIS2_PLACEMENT_3D('',#7257,#5741,#5742);
#5148=AXIS2_PLACEMENT_3D('',#7261,#5745,#5746);
#5149=AXIS2_PLACEMENT_3D('',#7264,#5748,#5749);
#5150=AXIS2_PLACEMENT_3D('',#7265,#5750,#5751);
#5151=AXIS2_PLACEMENT_3D('',#7269,#5754,#5755);
#5152=AXIS2_PLACEMENT_3D('',#7272,#5757,#5758);
#5153=AXIS2_PLACEMENT_3D('',#7273,#5759,#5760);
#5154=AXIS2_PLACEMENT_3D('',#7276,#5762,#5763);
#5155=AXIS2_PLACEMENT_3D('',#7277,#5764,#5765);
#5156=AXIS2_PLACEMENT_3D('',#7281,#5768,#5769);
#5157=AXIS2_PLACEMENT_3D('',#7284,#5771,#5772);
#5158=AXIS2_PLACEMENT_3D('',#7285,#5773,#5774);
#5159=AXIS2_PLACEMENT_3D('',#7289,#5777,#5778);
#5160=AXIS2_PLACEMENT_3D('',#7292,#5780,#5781);
#5161=AXIS2_PLACEMENT_3D('',#7293,#5782,#5783);
#5162=AXIS2_PLACEMENT_3D('',#7296,#5785,#5786);
#5163=AXIS2_PLACEMENT_3D('',#7297,#5787,#5788);
#5164=AXIS2_PLACEMENT_3D('',#7306,#5793,#5794);
#5165=AXIS2_PLACEMENT_3D('',#7308,#5795,#5796);
#5166=AXIS2_PLACEMENT_3D('',#7312,#5798,#5799);
#5167=AXIS2_PLACEMENT_3D('',#7316,#5801,#5802);
#5168=AXIS2_PLACEMENT_3D('',#7318,#5803,#5804);
#5169=AXIS2_PLACEMENT_3D('',#7322,#5806,#5807);
#5170=AXIS2_PLACEMENT_3D('',#7326,#5809,#5810);
#5171=AXIS2_PLACEMENT_3D('',#7330,#5812,#5813);
#5172=AXIS2_PLACEMENT_3D('',#7332,#5814,#5815);
#5173=AXIS2_PLACEMENT_3D('',#7336,#5817,#5818);
#5174=AXIS2_PLACEMENT_3D('',#7340,#5820,#5821);
#5175=AXIS2_PLACEMENT_3D('',#7342,#5822,#5823);
#5176=AXIS2_PLACEMENT_3D('',#7346,#5825,#5826);
#5177=AXIS2_PLACEMENT_3D('',#7348,#5828,#5829);
#5178=AXIS2_PLACEMENT_3D('',#7352,#5831,#5832);
#5179=AXIS2_PLACEMENT_3D('',#7354,#5834,#5835);
#5180=AXIS2_PLACEMENT_3D('',#7358,#5838,#5839);
#5181=AXIS2_PLACEMENT_3D('',#7361,#5841,#5842);
#5182=AXIS2_PLACEMENT_3D('',#7362,#5843,#5844);
#5183=AXIS2_PLACEMENT_3D('',#7366,#5847,#5848);
#5184=AXIS2_PLACEMENT_3D('',#7369,#5850,#5851);
#5185=AXIS2_PLACEMENT_3D('',#7370,#5852,#5853);
#5186=AXIS2_PLACEMENT_3D('',#7373,#5855,#5856);
#5187=AXIS2_PLACEMENT_3D('',#7374,#5857,#5858);
#5188=AXIS2_PLACEMENT_3D('',#7378,#5861,#5862);
#5189=AXIS2_PLACEMENT_3D('',#7381,#5864,#5865);
#5190=AXIS2_PLACEMENT_3D('',#7382,#5866,#5867);
#5191=AXIS2_PLACEMENT_3D('',#7386,#5870,#5871);
#5192=AXIS2_PLACEMENT_3D('',#7389,#5873,#5874);
#5193=AXIS2_PLACEMENT_3D('',#7390,#5875,#5876);
#5194=AXIS2_PLACEMENT_3D('',#7391,#5877,#5878);
#5195=AXIS2_PLACEMENT_3D('',#7396,#5880,#5881);
#5196=AXIS2_PLACEMENT_3D('',#7398,#5882,#5883);
#5197=AXIS2_PLACEMENT_3D('',#7402,#5885,#5886);
#5198=AXIS2_PLACEMENT_3D('',#7406,#5888,#5889);
#5199=AXIS2_PLACEMENT_3D('',#7410,#5891,#5892);
#5200=AXIS2_PLACEMENT_3D('',#7414,#5894,#5895);
#5201=AXIS2_PLACEMENT_3D('',#7418,#5897,#5898);
#5202=AXIS2_PLACEMENT_3D('',#7421,#5900,#5901);
#5203=AXIS2_PLACEMENT_3D('',#7425,#5903,#5904);
#5204=AXIS2_PLACEMENT_3D('',#7429,#5906,#5907);
#5205=AXIS2_PLACEMENT_3D('',#7433,#5909,#5910);
#5206=AXIS2_PLACEMENT_3D('',#7435,#5911,#5912);
#5207=AXIS2_PLACEMENT_3D('',#7439,#5914,#5915);
#5208=AXIS2_PLACEMENT_3D('',#7443,#5917,#5918);
#5209=AXIS2_PLACEMENT_3D('',#7447,#5920,#5921);
#5210=AXIS2_PLACEMENT_3D('',#7451,#5923,#5924);
#5211=AXIS2_PLACEMENT_3D('',#7455,#5926,#5927);
#5212=AXIS2_PLACEMENT_3D('',#7459,#5929,#5930);
#5213=AXIS2_PLACEMENT_3D('',#7462,#5932,#5933);
#5214=AXIS2_PLACEMENT_3D('',#7466,#5935,#5936);
#5215=AXIS2_PLACEMENT_3D('',#7474,#5940,#5941);
#5216=AXIS2_PLACEMENT_3D('',#7478,#5943,#5944);
#5217=AXIS2_PLACEMENT_3D('',#7482,#5946,#5947);
#5218=AXIS2_PLACEMENT_3D('',#7486,#5949,#5950);
#5219=AXIS2_PLACEMENT_3D('',#7490,#5952,#5953);
#5220=AXIS2_PLACEMENT_3D('',#7494,#5955,#5956);
#5221=AXIS2_PLACEMENT_3D('',#7498,#5958,#5959);
#5222=AXIS2_PLACEMENT_3D('',#7500,#5960,#5961);
#5223=AXIS2_PLACEMENT_3D('',#7504,#5963,#5964);
#5224=AXIS2_PLACEMENT_3D('',#7508,#5966,#5967);
#5225=AXIS2_PLACEMENT_3D('',#7510,#5968,#5969);
#5226=AXIS2_PLACEMENT_3D('',#7514,#5971,#5972);
#5227=AXIS2_PLACEMENT_3D('',#7518,#5974,#5975);
#5228=AXIS2_PLACEMENT_3D('',#7522,#5977,#5978);
#5229=AXIS2_PLACEMENT_3D('',#7524,#5979,#5980);
#5230=AXIS2_PLACEMENT_3D('',#7528,#5982,#5983);
#5231=AXIS2_PLACEMENT_3D('',#7534,#5986,#5987);
#5232=AXIS2_PLACEMENT_3D('',#7539,#5990,#5991);
#5233=AXIS2_PLACEMENT_3D('',#7542,#5993,#5994);
#5234=AXIS2_PLACEMENT_3D('',#7545,#5995,#5996);
#5235=AXIS2_PLACEMENT_3D('',#7549,#5998,#5999);
#5236=AXIS2_PLACEMENT_3D('',#7553,#6001,#6002);
#5237=AXIS2_PLACEMENT_3D('',#7559,#6005,#6006);
#5238=AXIS2_PLACEMENT_3D('',#7565,#6009,#6010);
#5239=AXIS2_PLACEMENT_3D('',#7569,#6012,#6013);
#5240=AXIS2_PLACEMENT_3D('',#7581,#6019,#6020);
#5241=AXIS2_PLACEMENT_3D('',#7602,#6032,#6033);
#5242=AXIS2_PLACEMENT_3D('',#7604,#6034,#6035);
#5243=AXIS2_PLACEMENT_3D('',#7605,#6036,#6037);
#5244=AXIS2_PLACEMENT_3D('',#7609,#6040,#6041);
#5245=AXIS2_PLACEMENT_3D('',#7613,#6044,#6045);
#5246=AXIS2_PLACEMENT_3D('',#7615,#6047,#6048);
#5247=AXIS2_PLACEMENT_3D('',#7618,#6049,#6050);
#5248=AXIS2_PLACEMENT_3D('',#7621,#6053,#6054);
#5249=AXIS2_PLACEMENT_3D('',#7625,#6056,#6057);
#5250=AXIS2_PLACEMENT_3D('',#7631,#6061,#6062);
#5251=AXIS2_PLACEMENT_3D('',#7633,#6064,#6065);
#5252=AXIS2_PLACEMENT_3D('',#7636,#6066,#6067);
#5253=AXIS2_PLACEMENT_3D('',#7639,#6070,#6071);
#5254=AXIS2_PLACEMENT_3D('',#7643,#6074,#6075);
#5255=AXIS2_PLACEMENT_3D('',#7646,#6076,#6077);
#5256=AXIS2_PLACEMENT_3D('',#7649,#6080,#6081);
#5257=AXIS2_PLACEMENT_3D('',#7659,#6087,#6088);
#5258=AXIS2_PLACEMENT_3D('',#7661,#6090,#6091);
#5259=AXIS2_PLACEMENT_3D('',#7664,#6092,#6093);
#5260=AXIS2_PLACEMENT_3D('',#7667,#6096,#6097);
#5261=AXIS2_PLACEMENT_3D('',#7671,#6100,#6101);
#5262=AXIS2_PLACEMENT_3D('',#7673,#6103,#6104);
#5263=AXIS2_PLACEMENT_3D('',#7675,#6106,#6107);
#5264=AXIS2_PLACEMENT_3D('',#7678,#6108,#6109);
#5265=AXIS2_PLACEMENT_3D('',#7681,#6112,#6113);
#5266=AXIS2_PLACEMENT_3D('',#7683,#6115,#6116);
#5267=AXIS2_PLACEMENT_3D('',#7686,#6117,#6118);
#5268=AXIS2_PLACEMENT_3D('',#7689,#6121,#6122);
#5269=AXIS2_PLACEMENT_3D('',#7703,#6129,#6130);
#5270=AXIS2_PLACEMENT_3D('',#7709,#6134,#6135);
#5271=AXIS2_PLACEMENT_3D('',#7711,#6137,#6138);
#5272=AXIS2_PLACEMENT_3D('',#7713,#6140,#6141);
#5273=AXIS2_PLACEMENT_3D('',#7716,#6142,#6143);
#5274=AXIS2_PLACEMENT_3D('',#7720,#6145,#6146);
#5275=AXIS2_PLACEMENT_3D('',#7722,#6148,#6149);
#5276=AXIS2_PLACEMENT_3D('',#7728,#6153,#6154);
#5277=AXIS2_PLACEMENT_3D('',#7731,#6155,#6156);
#5278=AXIS2_PLACEMENT_3D('',#7735,#6158,#6159);
#5279=AXIS2_PLACEMENT_3D('',#7737,#6161,#6162);
#5280=AXIS2_PLACEMENT_3D('',#7745,#6166,#6167);
#5281=AXIS2_PLACEMENT_3D('',#7757,#6174,#6175);
#5282=AXIS2_PLACEMENT_3D('',#7761,#6178,#6179);
#5283=AXIS2_PLACEMENT_3D('',#7764,#6180,#6181);
#5284=AXIS2_PLACEMENT_3D('',#7768,#6183,#6184);
#5285=AXIS2_PLACEMENT_3D('',#7770,#6186,#6187);
#5286=AXIS2_PLACEMENT_3D('',#7776,#6191,#6192);
#5287=AXIS2_PLACEMENT_3D('',#7779,#6193,#6194);
#5288=AXIS2_PLACEMENT_3D('',#7783,#6196,#6197);
#5289=AXIS2_PLACEMENT_3D('',#7785,#6199,#6200);
#5290=AXIS2_PLACEMENT_3D('',#7791,#6203,#6204);
#5291=AXIS2_PLACEMENT_3D('',#7795,#6206,#6207);
#5292=AXIS2_PLACEMENT_3D('',#7803,#6211,#6212);
#5293=AXIS2_PLACEMENT_3D('',#7807,#6215,#6216);
#5294=AXIS2_PLACEMENT_3D('',#7811,#6219,#6220);
#5295=AXIS2_PLACEMENT_3D('',#7814,#6221,#6222);
#5296=AXIS2_PLACEMENT_3D('',#7818,#6224,#6225);
#5297=AXIS2_PLACEMENT_3D('',#7820,#6227,#6228);
#5298=AXIS2_PLACEMENT_3D('',#7826,#6232,#6233);
#5299=AXIS2_PLACEMENT_3D('',#7828,#6234,#6235);
#5300=AXIS2_PLACEMENT_3D('',#7830,#6236,#6237);
#5301=AXIS2_PLACEMENT_3D('',#7832,#6239,#6240);
#5302=AXIS2_PLACEMENT_3D('',#7838,#6244,#6245);
#5303=AXIS2_PLACEMENT_3D('',#7840,#6246,#6247);
#5304=AXIS2_PLACEMENT_3D('',#7843,#6249,#6250);
#5305=AXIS2_PLACEMENT_3D('',#7844,#6251,#6252);
#5306=AXIS2_PLACEMENT_3D('',#7850,#6256,#6257);
#5307=AXIS2_PLACEMENT_3D('',#7851,#6258,#6259);
#5308=AXIS2_PLACEMENT_3D('',#7854,#6260,#6261);
#5309=AXIS2_PLACEMENT_3D('',#7858,#6263,#6264);
#5310=AXIS2_PLACEMENT_3D('',#7860,#6266,#6267);
#5311=AXIS2_PLACEMENT_3D('',#7866,#6271,#6272);
#5312=AXIS2_PLACEMENT_3D('',#7869,#6273,#6274);
#5313=AXIS2_PLACEMENT_3D('',#7873,#6276,#6277);
#5314=AXIS2_PLACEMENT_3D('',#7875,#6279,#6280);
#5315=AXIS2_PLACEMENT_3D('',#7881,#6284,#6285);
#5316=AXIS2_PLACEMENT_3D('',#7888,#6289,#6290);
#5317=AXIS2_PLACEMENT_3D('',#7905,#6302,#6303);
#5318=AXIS2_PLACEMENT_3D('',#7908,#6304,#6305);
#5319=AXIS2_PLACEMENT_3D('',#7914,#6309,#6310);
#5320=AXIS2_PLACEMENT_3D('',#7916,#6312,#6313);
#5321=AXIS2_PLACEMENT_3D('',#7920,#6316,#6317);
#5322=AXIS2_PLACEMENT_3D('',#7922,#6319,#6320);
#5323=AXIS2_PLACEMENT_3D('',#7928,#6324,#6325);
#5324=AXIS2_PLACEMENT_3D('',#7931,#6328,#6329);
#5325=AXIS2_PLACEMENT_3D('',#7935,#6332,#6333);
#5326=AXIS2_PLACEMENT_3D('',#7937,#6335,#6336);
#5327=AXIS2_PLACEMENT_3D('',#7941,#6339,#6340);
#5328=AXIS2_PLACEMENT_3D('',#7945,#6343,#6344);
#5329=AXIS2_PLACEMENT_3D('',#7947,#6346,#6347);
#5330=AXIS2_PLACEMENT_3D('',#7948,#6348,#6349);
#5331=AXIS2_PLACEMENT_3D('',#7952,#6352,#6353);
#5332=AXIS2_PLACEMENT_3D('',#7958,#6357,#6358);
#5333=AXIS2_PLACEMENT_3D('',#7967,#6363,#6364);
#5334=AXIS2_PLACEMENT_3D('',#7973,#6368,#6369);
#5335=AXIS2_PLACEMENT_3D('',#7979,#6373,#6374);
#5336=AXIS2_PLACEMENT_3D('',#7981,#6376,#6377);
#5337=AXIS2_PLACEMENT_3D('',#7982,#6378,#6379);
#5338=AXIS2_PLACEMENT_3D('',#7984,#6381,#6382);
#5339=AXIS2_PLACEMENT_3D('',#7988,#6385,#6386);
#5340=AXIS2_PLACEMENT_3D('',#7990,#6388,#6389);
#5341=AXIS2_PLACEMENT_3D('',#7992,#6391,#6392);
#5342=AXIS2_PLACEMENT_3D('',#8000,#6397,#6398);
#5343=AXIS2_PLACEMENT_3D('',#8006,#6402,#6403);
#5344=AXIS2_PLACEMENT_3D('',#8009,#6404,#6405);
#5345=AXIS2_PLACEMENT_3D('',#8012,#6407,#6408);
#5346=AXIS2_PLACEMENT_3D('',#8014,#6410,#6411);
#5347=AXIS2_PLACEMENT_3D('',#8018,#6413,#6414);
#5348=AXIS2_PLACEMENT_3D('',#8024,#6417,#6418);
#5349=AXIS2_PLACEMENT_3D('',#8026,#6420,#6421);
#5350=AXIS2_PLACEMENT_3D('',#8028,#6422,#6423);
#5351=AXIS2_PLACEMENT_3D('',#8030,#6425,#6426);
#5352=AXIS2_PLACEMENT_3D('',#8039,#6431,#6432);
#5353=AXIS2_PLACEMENT_3D('',#8040,#6433,#6434);
#5354=AXIS2_PLACEMENT_3D('',#8042,#6436,#6437);
#5355=AXIS2_PLACEMENT_3D('',#8044,#6438,#6439);
#5356=AXIS2_PLACEMENT_3D('',#8047,#6442,#6443);
#5357=AXIS2_PLACEMENT_3D('',#8053,#6448,#6449);
#5358=AXIS2_PLACEMENT_3D('',#8058,#6453,#6454);
#5359=AXIS2_PLACEMENT_3D('',#8065,#6459,#6460);
#5360=AXIS2_PLACEMENT_3D('',#8067,#6461,#6462);
#5361=AXIS2_PLACEMENT_3D('',#8073,#6466,#6467);
#5362=AXIS2_PLACEMENT_3D('',#8075,#6469,#6470);
#5363=AXIS2_PLACEMENT_3D('',#8076,#6471,#6472);
#5364=AXIS2_PLACEMENT_3D('',#8077,#6473,#6474);
#5365=AXIS2_PLACEMENT_3D('',#8081,#6476,#6477);
#5366=AXIS2_PLACEMENT_3D('',#8087,#6480,#6481);
#5367=AXIS2_PLACEMENT_3D('',#8089,#6483,#6484);
#5368=AXIS2_PLACEMENT_3D('',#8098,#6489,#6490);
#5369=AXIS2_PLACEMENT_3D('',#8102,#6492,#6493);
#5370=AXIS2_PLACEMENT_3D('',#8106,#6495,#6496);
#5371=AXIS2_PLACEMENT_3D('',#8108,#6497,#6498);
#5372=AXIS2_PLACEMENT_3D('',#8112,#6500,#6501);
#5373=AXIS2_PLACEMENT_3D('',#8116,#6503,#6504);
#5374=AXIS2_PLACEMENT_3D('',#8120,#6506,#6507);
#5375=AXIS2_PLACEMENT_3D('',#8122,#6508,#6509);
#5376=AXIS2_PLACEMENT_3D('',#8126,#6511,#6512);
#5377=AXIS2_PLACEMENT_3D('',#8130,#6514,#6515);
#5378=AXIS2_PLACEMENT_3D('',#8132,#6516,#6517);
#5379=AXIS2_PLACEMENT_3D('',#8136,#6519,#6520);
#5380=AXIS2_PLACEMENT_3D('',#8138,#6522,#6523);
#5381=AXIS2_PLACEMENT_3D('',#8141,#6526,#6527);
#5382=AXIS2_PLACEMENT_3D('',#8143,#6529,#6530);
#5383=AXIS2_PLACEMENT_3D('',#8145,#6532,#6533);
#5384=AXIS2_PLACEMENT_3D('',#8147,#6535,#6536);
#5385=AXIS2_PLACEMENT_3D('',#8149,#6538,#6539);
#5386=AXIS2_PLACEMENT_3D('',#8151,#6541,#6542);
#5387=AXIS2_PLACEMENT_3D('',#8153,#6544,#6545);
#5388=AXIS2_PLACEMENT_3D('',#8155,#6547,#6548);
#5389=AXIS2_PLACEMENT_3D('',#8157,#6550,#6551);
#5390=AXIS2_PLACEMENT_3D('',#8159,#6553,#6554);
#5391=AXIS2_PLACEMENT_3D('',#8161,#6556,#6557);
#5392=AXIS2_PLACEMENT_3D('',#8163,#6559,#6560);
#5393=AXIS2_PLACEMENT_3D('',#8165,#6562,#6563);
#5394=AXIS2_PLACEMENT_3D('',#8167,#6565,#6566);
#5395=AXIS2_PLACEMENT_3D('',#8169,#6568,#6569);
#5396=AXIS2_PLACEMENT_3D('',#8171,#6571,#6572);
#5397=AXIS2_PLACEMENT_3D('',#8173,#6574,#6575);
#5398=AXIS2_PLACEMENT_3D('',#8175,#6577,#6578);
#5399=AXIS2_PLACEMENT_3D('',#8177,#6580,#6581);
#5400=AXIS2_PLACEMENT_3D('',#8179,#6583,#6584);
#5401=AXIS2_PLACEMENT_3D('',#8183,#6586,#6587);
#5402=AXIS2_PLACEMENT_3D('',#8185,#6589,#6590);
#5403=AXIS2_PLACEMENT_3D('',#8187,#6592,#6593);
#5404=AXIS2_PLACEMENT_3D('',#8191,#6596,#6597);
#5405=AXIS2_PLACEMENT_3D('',#8193,#6598,#6599);
#5406=AXIS2_PLACEMENT_3D('',#8195,#6601,#6602);
#5407=AXIS2_PLACEMENT_3D('',#8199,#6605,#6606);
#5408=AXIS2_PLACEMENT_3D('',#8203,#6609,#6610);
#5409=AXIS2_PLACEMENT_3D('',#8205,#6611,#6612);
#5410=AXIS2_PLACEMENT_3D('',#8207,#6614,#6615);
#5411=AXIS2_PLACEMENT_3D('',#8211,#6618,#6619);
#5412=AXIS2_PLACEMENT_3D('',#8215,#6622,#6623);
#5413=AXIS2_PLACEMENT_3D('',#8217,#6624,#6625);
#5414=AXIS2_PLACEMENT_3D('',#8219,#6627,#6628);
#5415=AXIS2_PLACEMENT_3D('',#8223,#6631,#6632);
#5416=AXIS2_PLACEMENT_3D('',#8224,#6633,#6634);
#5417=AXIS2_PLACEMENT_3D('',#8225,#6635,#6636);
#5418=AXIS2_PLACEMENT_3D('',#8229,#6639,#6640);
#5419=AXIS2_PLACEMENT_3D('',#8233,#6643,#6644);
#5420=AXIS2_PLACEMENT_3D('',#8237,#6647,#6648);
#5421=AXIS2_PLACEMENT_3D('',#8241,#6651,#6652);
#5422=AXIS2_PLACEMENT_3D('',#8243,#6653,#6654);
#5423=AXIS2_PLACEMENT_3D('',#8245,#6656,#6657);
#5424=AXIS2_PLACEMENT_3D('',#8247,#6659,#6660);
#5425=AXIS2_PLACEMENT_3D('',#8251,#6663,#6664);
#5426=AXIS2_PLACEMENT_3D('',#8255,#6667,#6668);
#5427=AXIS2_PLACEMENT_3D('',#8259,#6671,#6672);
#5428=AXIS2_PLACEMENT_3D('',#8263,#6675,#6676);
#5429=AXIS2_PLACEMENT_3D('',#8267,#6679,#6680);
#5430=AXIS2_PLACEMENT_3D('',#8269,#6682,#6683);
#5431=AXIS2_PLACEMENT_3D('',#8272,#6686,#6687);
#5432=AXIS2_PLACEMENT_3D('',#8273,#6688,#6689);
#5433=AXIS2_PLACEMENT_3D('',#8274,#6690,#6691);
#5434=AXIS2_PLACEMENT_3D('',#8276,#6693,#6694);
#5435=AXIS2_PLACEMENT_3D('',#8278,#6696,#6697);
#5436=AXIS2_PLACEMENT_3D('',#8280,#6699,#6700);
#5437=AXIS2_PLACEMENT_3D('',#8282,#6702,#6703);
#5438=AXIS2_PLACEMENT_3D('',#8284,#6705,#6706);
#5439=AXIS2_PLACEMENT_3D('',#8286,#6708,#6709);
#5440=AXIS2_PLACEMENT_3D('',#8288,#6711,#6712);
#5441=AXIS2_PLACEMENT_3D('',#8290,#6714,#6715);
#5442=AXIS2_PLACEMENT_3D('',#8292,#6717,#6718);
#5443=AXIS2_PLACEMENT_3D('',#8294,#6720,#6721);
#5444=AXIS2_PLACEMENT_3D('',#8296,#6723,#6724);
#5445=AXIS2_PLACEMENT_3D('',#8298,#6726,#6727);
#5446=AXIS2_PLACEMENT_3D('',#8300,#6729,#6730);
#5447=AXIS2_PLACEMENT_3D('',#8302,#6732,#6733);
#5448=AXIS2_PLACEMENT_3D('',#8304,#6735,#6736);
#5449=AXIS2_PLACEMENT_3D('',#8306,#6738,#6739);
#5450=AXIS2_PLACEMENT_3D('',#8307,#6740,#6741);
#5451=AXIS2_PLACEMENT_3D('',#8309,#6743,#6744);
#5452=AXIS2_PLACEMENT_3D('',#8311,#6746,#6747);
#5453=AXIS2_PLACEMENT_3D('',#8312,#6748,#6749);
#5454=AXIS2_PLACEMENT_3D('',#8315,#6750,#6751);
#5455=AXIS2_PLACEMENT_3D('',#8318,#6754,#6755);
#5456=AXIS2_PLACEMENT_3D('',#8322,#6758,#6759);
#5457=AXIS2_PLACEMENT_3D('',#8324,#6760,#6761);
#5458=AXIS2_PLACEMENT_3D('',#8326,#6763,#6764);
#5459=AXIS2_PLACEMENT_3D('',#8330,#6767,#6768);
#5460=AXIS2_PLACEMENT_3D('',#8332,#6769,#6770);
#5461=AXIS2_PLACEMENT_3D('',#8334,#6772,#6773);
#5462=AXIS2_PLACEMENT_3D('',#8338,#6776,#6777);
#5463=AXIS2_PLACEMENT_3D('',#8342,#6780,#6781);
#5464=AXIS2_PLACEMENT_3D('',#8346,#6784,#6785);
#5465=AXIS2_PLACEMENT_3D('',#8348,#6786,#6787);
#5466=AXIS2_PLACEMENT_3D('',#8350,#6789,#6790);
#5467=AXIS2_PLACEMENT_3D('',#8352,#6792,#6793);
#5468=AXIS2_PLACEMENT_3D('',#8354,#6794,#6795);
#5469=AXIS2_PLACEMENT_3D('',#8356,#6797,#6798);
#5470=AXIS2_PLACEMENT_3D('',#8360,#6801,#6802);
#5471=AXIS2_PLACEMENT_3D('',#8362,#6803,#6804);
#5472=AXIS2_PLACEMENT_3D('',#8364,#6806,#6807);
#5473=AXIS2_PLACEMENT_3D('',#8368,#6810,#6811);
#5474=AXIS2_PLACEMENT_3D('',#8370,#6812,#6813);
#5475=AXIS2_PLACEMENT_3D('',#8372,#6815,#6816);
#5476=AXIS2_PLACEMENT_3D('',#8376,#6819,#6820);
#5477=AXIS2_PLACEMENT_3D('',#8378,#6821,#6822);
#5478=AXIS2_PLACEMENT_3D('',#8380,#6824,#6825);
#5479=AXIS2_PLACEMENT_3D('',#8384,#6828,#6829);
#5480=AXIS2_PLACEMENT_3D('',#8386,#6830,#6831);
#5481=AXIS2_PLACEMENT_3D('',#8388,#6833,#6834);
#5482=AXIS2_PLACEMENT_3D('',#8392,#6837,#6838);
#5483=AXIS2_PLACEMENT_3D('',#8393,#6839,#6840);
#5484=AXIS2_PLACEMENT_3D('',#8395,#6842,#6843);
#5485=AXIS2_PLACEMENT_3D('',#8397,#6845,#6846);
#5486=AXIS2_PLACEMENT_3D('',#8399,#6848,#6849);
#5487=AXIS2_PLACEMENT_3D('',#8401,#6851,#6852);
#5488=AXIS2_PLACEMENT_3D('',#8403,#6854,#6855);
#5489=AXIS2_PLACEMENT_3D('',#8405,#6857,#6858);
#5490=AXIS2_PLACEMENT_3D('',#8407,#6860,#6861);
#5491=AXIS2_PLACEMENT_3D('',#8409,#6863,#6864);
#5492=AXIS2_PLACEMENT_3D('',#8411,#6866,#6867);
#5493=AXIS2_PLACEMENT_3D('',#8413,#6869,#6870);
#5494=AXIS2_PLACEMENT_3D('',#8415,#6872,#6873);
#5495=AXIS2_PLACEMENT_3D('',#8416,#6874,#6875);
#5496=AXIS2_PLACEMENT_3D('',#8420,#6878,#6879);
#5497=AXIS2_PLACEMENT_3D('',#8422,#6880,#6881);
#5498=AXIS2_PLACEMENT_3D('',#8424,#6883,#6884);
#5499=AXIS2_PLACEMENT_3D('',#8428,#6887,#6888);
#5500=AXIS2_PLACEMENT_3D('',#8430,#6889,#6890);
#5501=AXIS2_PLACEMENT_3D('',#8432,#6892,#6893);
#5502=AXIS2_PLACEMENT_3D('',#8436,#6896,#6897);
#5503=AXIS2_PLACEMENT_3D('',#8438,#6898,#6899);
#5504=AXIS2_PLACEMENT_3D('',#8440,#6901,#6902);
#5505=AXIS2_PLACEMENT_3D('',#8445,#6906,#6907);
#5506=AXIS2_PLACEMENT_3D('',#8447,#6909,#6910);
#5507=AXIS2_PLACEMENT_3D('',#8449,#6912,#6913);
#5508=AXIS2_PLACEMENT_3D('',#8451,#6915,#6916);
#5509=AXIS2_PLACEMENT_3D('',#8453,#6918,#6919);
#5510=AXIS2_PLACEMENT_3D('',#8455,#6921,#6922);
#5511=AXIS2_PLACEMENT_3D('',#8457,#6924,#6925);
#5512=AXIS2_PLACEMENT_3D('',#8459,#6927,#6928);
#5513=AXIS2_PLACEMENT_3D('',#8461,#6930,#6931);
#5514=AXIS2_PLACEMENT_3D('',#8463,#6933,#6934);
#5515=AXIS2_PLACEMENT_3D('',#8465,#6936,#6937);
#5516=AXIS2_PLACEMENT_3D('',#8466,#6938,#6939);
#5517=AXIS2_PLACEMENT_3D('',#8468,#6940,#6941);
#5518=AXIS2_PLACEMENT_3D('',#8470,#6943,#6944);
#5519=AXIS2_PLACEMENT_3D('',#8472,#6946,#6947);
#5520=AXIS2_PLACEMENT_3D('',#8474,#6948,#6949);
#5521=AXIS2_PLACEMENT_3D('',#8476,#6951,#6952);
#5522=AXIS2_PLACEMENT_3D('',#8480,#6955,#6956);
#5523=AXIS2_PLACEMENT_3D('',#8482,#6957,#6958);
#5524=AXIS2_PLACEMENT_3D('',#8484,#6960,#6961);
#5525=AXIS2_PLACEMENT_3D('',#8486,#6963,#6964);
#5526=DIRECTION('axis',(0.,0.,1.));
#5527=DIRECTION('refdir',(1.,0.,0.));
#5528=DIRECTION('center_axis',(-0.500000000000009,-2.77555756156294E-17,
0.866025403784433));
#5529=DIRECTION('ref_axis',(0.866025403784433,0.,0.500000000000009));
#5530=DIRECTION('',(0.,-1.,0.));
#5531=DIRECTION('',(-0.866025403784433,0.,-0.500000000000009));
#5532=DIRECTION('',(-4.50694379621145E-16,1.,-2.60208521396526E-16));
#5533=DIRECTION('',(0.866025403784433,0.,0.500000000000009));
#5534=DIRECTION('center_axis',(0.500000000000009,2.77555756156294E-17,-0.866025403784433));
#5535=DIRECTION('ref_axis',(-0.866025403784433,0.,-0.500000000000009));
#5536=DIRECTION('center_axis',(-0.500000000000009,0.,0.866025403784433));
#5537=DIRECTION('ref_axis',(0.866025403784433,0.,0.500000000000009));
#5538=DIRECTION('',(0.,1.,0.));
#5539=DIRECTION('',(-0.866025403784433,0.,-0.500000000000009));
#5540=DIRECTION('',(4.50694379621145E-16,-1.,2.60208521396526E-16));
#5541=DIRECTION('',(0.866025403784433,0.,0.500000000000009));
#5542=DIRECTION('center_axis',(-0.500000000000009,0.,0.866025403784433));
#5543=DIRECTION('ref_axis',(-0.866025403784433,0.,-0.500000000000009));
#5544=DIRECTION('center_axis',(0.,-1.,0.));
#5545=DIRECTION('ref_axis',(0.866025403784433,0.,0.500000000000009));
#5546=DIRECTION('',(-0.500000000000009,0.,0.866025403784433));
#5547=DIRECTION('',(-0.500000000000009,0.,0.866025403784433));
#5548=DIRECTION('center_axis',(-0.866025403784433,-5.20417042793042E-16,
-0.500000000000009));
#5549=DIRECTION('ref_axis',(4.44089209850063E-16,-1.,2.66453525910038E-16));
#5550=DIRECTION('',(-0.500000000000009,0.,0.866025403784433));
#5551=DIRECTION('center_axis',(0.,1.,0.));
#5552=DIRECTION('ref_axis',(-0.866025403784433,0.,-0.500000000000009));
#5553=DIRECTION('',(-0.500000000000009,0.,0.866025403784433));
#5554=DIRECTION('center_axis',(0.866025403784433,0.,0.500000000000009));
#5555=DIRECTION('ref_axis',(0.,1.,0.));
#5556=DIRECTION('center_axis',(-0.55468778486176,0.,0.832058568446449));
#5557=DIRECTION('ref_axis',(0.832058568446449,0.,0.55468778486176));
#5558=DIRECTION('center_axis',(-0.55468778486176,0.,0.832058568446449));
#5559=DIRECTION('ref_axis',(0.832058568446449,0.,0.55468778486176));
#5560=DIRECTION('center_axis',(-0.55468778486176,0.,0.832058568446449));
#5561=DIRECTION('ref_axis',(0.832058568446449,0.,0.55468778486176));
#5562=DIRECTION('center_axis',(-0.823021910410903,0.,-0.568009625784271));
#5563=DIRECTION('ref_axis',(-0.568009625784271,0.,0.823021910410903));
#5564=DIRECTION('',(0.568009625784271,0.,-0.823021910410903));
#5565=DIRECTION('',(0.,1.,0.));
#5566=DIRECTION('',(0.568009625784271,0.,-0.823021910410903));
#5567=DIRECTION('',(0.,-1.,0.));
#5568=DIRECTION('center_axis',(0.,1.,0.));
#5569=DIRECTION('ref_axis',(0.,0.,1.));
#5570=DIRECTION('',(-0.832058568446449,0.,-0.55468778486176));
#5571=DIRECTION('',(-0.500000000000009,0.,0.866025403784433));
#5572=DIRECTION('',(0.866025403784433,0.,0.500000000000009));
#5573=DIRECTION('',(-0.866025403784488,0.,-0.499999999999915));
#5574=DIRECTION('center_axis',(0.500000000000009,0.,-0.866025403784433));
#5575=DIRECTION('ref_axis',(0.866025403784433,0.,0.500000000000009));
#5576=DIRECTION('',(0.,-1.,0.));
#5577=DIRECTION('',(0.866025403784433,0.,0.500000000000009));
#5578=DIRECTION('',(0.,1.,0.));
#5579=DIRECTION('center_axis',(0.866025403784433,0.,0.500000000000009));
#5580=DIRECTION('ref_axis',(-0.500000000000009,0.,0.866025403784434));
#5581=DIRECTION('',(0.,-1.,0.));
#5582=DIRECTION('',(-0.500000000000009,0.,0.866025403784433));
#5583=DIRECTION('center_axis',(-0.55468778486176,0.,0.832058568446449));
#5584=DIRECTION('ref_axis',(-0.832058568446449,0.,-0.55468778486176));
#5585=DIRECTION('',(0.,1.,0.));
#5586=DIRECTION('',(-0.832058568446449,0.,-0.55468778486176));
#5587=DIRECTION('center_axis',(-0.442288690219002,0.,0.896872741532688));
#5588=DIRECTION('ref_axis',(-0.896872741532688,0.,-0.442288690219002));
#5589=DIRECTION('',(-0.442288690219002,0.,0.896872741532688));
#5590=DIRECTION('center_axis',(0.442288690219002,0.,-0.896872741532688));
#5591=DIRECTION('ref_axis',(-0.896872741532688,0.,-0.442288690219002));
#5592=DIRECTION('',(-0.442288690219002,0.,0.896872741532688));
#5593=DIRECTION('center_axis',(-0.442288690219002,0.,0.896872741532688));
#5594=DIRECTION('ref_axis',(-0.896872741532688,0.,-0.442288690219002));
#5595=DIRECTION('center_axis',(0.442288690219002,4.91039087412439E-17,-0.896872741532688));
#5596=DIRECTION('ref_axis',(-0.896872741532688,0.,-0.442288690219002));
#5597=DIRECTION('center_axis',(0.442288690219002,0.,-0.896872741532688));
#5598=DIRECTION('ref_axis',(0.896872741532688,0.,0.442288690219002));
#5599=DIRECTION('center_axis',(-0.442288690219002,0.,0.896872741532688));
#5600=DIRECTION('ref_axis',(-0.896872741532688,0.,-0.442288690219002));
#5601=DIRECTION('center_axis',(-0.442288690219002,0.,0.896872741532688));
#5602=DIRECTION('ref_axis',(-0.896872741532688,0.,-0.442288690219002));
#5603=DIRECTION('center_axis',(0.442288690219002,0.,-0.896872741532688));
#5604=DIRECTION('ref_axis',(-0.896872741532688,0.,-0.442288690219002));
#5605=DIRECTION('center_axis',(0.442288690219002,4.91039087412439E-17,-0.896872741532688));
#5606=DIRECTION('ref_axis',(-0.896872741532688,0.,-0.442288690219002));
#5607=DIRECTION('center_axis',(0.442288690219002,0.,-0.896872741532688));
#5608=DIRECTION('ref_axis',(0.896872741532688,0.,0.442288690219002));
#5609=DIRECTION('',(0.,-1.,0.));
#5610=DIRECTION('',(-0.896872741532688,0.,-0.442288690219002));
#5611=DIRECTION('',(0.,-1.,0.));
#5612=DIRECTION('center_axis',(0.442288690219002,0.,-0.896872741532688));
#5613=DIRECTION('ref_axis',(0.896872741532688,0.,0.442288690219002));
#5614=DIRECTION('',(0.,-1.,0.));
#5615=DIRECTION('',(0.896872741532688,0.,0.442288690219002));
#5616=DIRECTION('',(0.,-1.,0.));
#5617=DIRECTION('center_axis',(0.55468778486176,0.,-0.832058568446449));
#5618=DIRECTION('ref_axis',(-0.832058568446449,0.,-0.55468778486176));
#5619=DIRECTION('center_axis',(0.55468778486176,-6.19756130682966E-17,-0.832058568446449));
#5620=DIRECTION('ref_axis',(-0.832058568446449,0.,-0.55468778486176));
#5621=DIRECTION('center_axis',(0.55468778486176,-6.19756130682966E-17,-0.832058568446449));
#5622=DIRECTION('ref_axis',(-0.832058568446449,0.,-0.55468778486176));
#5623=DIRECTION('center_axis',(0.442288690219001,0.,-0.896872741532688));
#5624=DIRECTION('ref_axis',(0.896872741532688,0.,0.442288690219001));
#5625=DIRECTION('center_axis',(0.442288690219001,0.,-0.896872741532688));
#5626=DIRECTION('ref_axis',(0.896872741532688,0.,0.442288690219001));
#5627=DIRECTION('center_axis',(-0.442288690219001,0.,0.896872741532688));
#5628=DIRECTION('ref_axis',(0.896872741532688,0.,0.442288690219001));
#5629=DIRECTION('center_axis',(0.442288690219001,-4.91039087412438E-17,
-0.896872741532688));
#5630=DIRECTION('ref_axis',(-0.896872741532688,0.,-0.442288690219001));
#5631=DIRECTION('center_axis',(-0.442288690219001,4.91039087412438E-17,
0.896872741532688));
#5632=DIRECTION('ref_axis',(0.896872741532688,0.,0.442288690219001));
#5633=DIRECTION('center_axis',(0.,-1.,0.));
#5634=DIRECTION('ref_axis',(0.,0.,-1.));
#5635=DIRECTION('',(-1.,0.,6.93890601926047E-15));
#5636=DIRECTION('',(0.,0.,-1.));
#5637=DIRECTION('center_axis',(0.,-1.,0.));
#5638=DIRECTION('ref_axis',(0.707106781186554,0.,-0.707106781186541));
#5639=DIRECTION('',(-1.,0.,0.));
#5640=DIRECTION('',(0.342020143297269,0.,0.939692620796245));
#5641=DIRECTION('',(1.,0.,0.));
#5642=DIRECTION('center_axis',(0.,-1.,0.));
#5643=DIRECTION('ref_axis',(0.707106781186549,0.,0.707106781186546));
#5644=DIRECTION('',(0.,0.,-1.));
#5645=DIRECTION('',(-1.,0.,-1.25150697748635E-16));
#5646=DIRECTION('',(0.,0.,1.));
#5647=DIRECTION('center_axis',(0.,-1.,0.));
#5648=DIRECTION('ref_axis',(-0.707106781186549,0.,0.707106781186546));
#5649=DIRECTION('',(1.,0.,0.));
#5650=DIRECTION('center_axis',(0.,-1.,0.));
#5651=DIRECTION('ref_axis',(0.707106781186547,0.,0.707106781186548));
#5652=DIRECTION('',(-3.29782874373932E-16,0.,-1.));
#5653=DIRECTION('',(-1.,0.,-1.25150697748635E-16));
#5654=DIRECTION('',(2.19855249582621E-16,0.,1.));
#5655=DIRECTION('center_axis',(0.,-1.,0.));
#5656=DIRECTION('ref_axis',(-0.707106781186549,0.,0.707106781186546));
#5657=DIRECTION('',(1.,0.,0.));
#5658=DIRECTION('',(0.420064873230215,0.,-0.907494078370809));
#5659=DIRECTION('',(-1.,0.,0.));
#5660=DIRECTION('center_axis',(0.,-1.,0.));
#5661=DIRECTION('ref_axis',(-0.707106781186551,0.,-0.707106781186544));
#5662=DIRECTION('',(2.19855249582621E-16,0.,1.));
#5663=DIRECTION('',(0.420064873230216,0.,-0.907494078370808));
#5664=DIRECTION('',(-1.,0.,0.));
#5665=DIRECTION('center_axis',(0.,-1.,0.));
#5666=DIRECTION('ref_axis',(-4.01657608754638E-11,0.,-1.));
#5667=DIRECTION('',(1.,0.,0.));
#5668=DIRECTION('',(-3.29782874373932E-16,0.,-1.));
#5669=DIRECTION('center_axis',(0.,-1.,0.));
#5670=DIRECTION('ref_axis',(0.70710678118655,0.,-0.707106781186545));
#5671=DIRECTION('',(-1.,0.,0.));
#5672=DIRECTION('center_axis',(0.,-1.,0.));
#5673=DIRECTION('ref_axis',(-0.70710678118655,0.,-0.707106781186545));
#5674=DIRECTION('',(0.,0.,1.));
#5675=DIRECTION('center_axis',(-1.,0.,0.));
#5676=DIRECTION('ref_axis',(0.,0.,1.));
#5677=DIRECTION('',(0.,1.,0.));
#5678=DIRECTION('',(0.,0.,1.));
#5679=DIRECTION('',(0.,1.,0.));
#5680=DIRECTION('center_axis',(0.,-1.,0.));
#5681=DIRECTION('ref_axis',(0.,0.,-1.));
#5682=DIRECTION('',(-1.,0.,6.93890601926047E-15));
#5683=DIRECTION('center_axis',(0.,-1.,0.));
#5684=DIRECTION('ref_axis',(-1.,0.,-3.77321422023169E-11));
#5685=DIRECTION('',(-1.,0.,0.));
#5686=DIRECTION('',(0.342020143316269,0.,0.93969262078933));
#5687=DIRECTION('',(-0.42261826174695,0.,0.906307787033735));
#5688=DIRECTION('center_axis',(0.,-1.,0.));
#5689=DIRECTION('ref_axis',(0.342020143362189,0.,0.939692620772616));
#5690=DIRECTION('',(-0.939692620784274,0.,0.342020143330158));
#5691=DIRECTION('center_axis',(0.,-1.,0.));
#5692=DIRECTION('ref_axis',(0.939692620650012,0.,-0.342020143699041));
#5693=DIRECTION('',(0.342020143297269,0.,0.939692620796245));
#5694=DIRECTION('',(1.,0.,0.));
#5695=DIRECTION('center_axis',(0.,-1.,0.));
#5696=DIRECTION('ref_axis',(0.707106781186554,0.,-0.707106781186541));
#5697=DIRECTION('center_axis',(0.,1.,0.));
#5698=DIRECTION('ref_axis',(0.,0.,1.));
#5699=DIRECTION('center_axis',(0.,1.,0.));
#5700=DIRECTION('ref_axis',(-1.1102249630799E-12,0.,-1.));
#5701=DIRECTION('',(-1.,0.,-1.06553870459255E-14));
#5702=DIRECTION('center_axis',(0.,1.,0.));
#5703=DIRECTION('ref_axis',(0.716030186036966,0.,-0.698069317964819));
#5704=DIRECTION('',(0.698069317964419,0.,0.716030186037356));
#5705=DIRECTION('center_axis',(0.,1.,0.));
#5706=DIRECTION('ref_axis',(0.939692620786267,0.,0.342020143324683));
#5707=DIRECTION('',(-0.342020143324556,0.,0.939692620786314));
#5708=DIRECTION('center_axis',(0.,1.,0.));
#5709=DIRECTION('ref_axis',(-0.0133373354259681,0.,0.999911053786153));
#5710=DIRECTION('center_axis',(0.,-1.,0.));
#5711=DIRECTION('ref_axis',(-0.0133373354217319,0.,0.99991105378621));
#5712=DIRECTION('',(2.07241993107952E-13,0.,1.));
#5713=DIRECTION('center_axis',(0.,-1.,0.));
#5714=DIRECTION('ref_axis',(1.,0.,0.));
#5715=DIRECTION('',(1.,0.,3.69820309903932E-13));
#5716=DIRECTION('center_axis',(0.,-1.,0.));
#5717=DIRECTION('ref_axis',(-8.88179970462039E-15,0.,-1.));
#5718=DIRECTION('',(-0.00415560510126865,0.,-0.999991365435843));
#5719=DIRECTION('center_axis',(0.,1.,0.));
#5720=DIRECTION('ref_axis',(0.994834833199303,0.,0.101506919238616));
#5721=DIRECTION('center_axis',(0.,-1.,0.));
#5722=DIRECTION('ref_axis',(0.994834833199262,0.,0.101506919239016));
#5723=DIRECTION('',(1.,0.,-1.72450683308641E-13));
#5724=DIRECTION('center_axis',(0.,-1.,0.));
#5725=DIRECTION('ref_axis',(-2.22044992615591E-14,0.,-1.));
#5726=DIRECTION('',(8.06763473170105E-13,0.,-1.));
#5727=DIRECTION('center_axis',(0.,-1.,0.));
#5728=DIRECTION('ref_axis',(-1.,0.,1.11022496307856E-14));
#5729=DIRECTION('center_axis',(0.,1.,0.));
#5730=DIRECTION('ref_axis',(-0.939692620786235,0.,0.342020143324771));
#5731=DIRECTION('',(-0.34202014332482,0.,-0.939692620786217));
#5732=DIRECTION('center_axis',(0.,1.,0.));
#5733=DIRECTION('ref_axis',(-0.716030186038126,0.,-0.698069317963629));
#5734=DIRECTION('',(0.698069317964469,0.,-0.716030186037307));
#5735=DIRECTION('center_axis',(0.,1.,0.));
#5736=DIRECTION('ref_axis',(-1.1102249630799E-12,0.,-1.));
#5737=DIRECTION('',(0.,1.,0.));
#5738=DIRECTION('center_axis',(0.,1.,0.));
#5739=DIRECTION('ref_axis',(-1.1102249630799E-12,0.,-1.));
#5740=DIRECTION('',(0.,1.,0.));
#5741=DIRECTION('center_axis',(0.716030186037307,0.,0.698069317964469));
#5742=DIRECTION('ref_axis',(0.698069317964469,0.,-0.716030186037307));
#5743=DIRECTION('',(0.,1.,0.));
#5744=DIRECTION('',(0.698069317964469,0.,-0.716030186037307));
#5745=DIRECTION('center_axis',(0.,1.,0.));
#5746=DIRECTION('ref_axis',(-0.716030186038126,0.,-0.698069317963629));
#5747=DIRECTION('',(0.,1.,0.));
#5748=DIRECTION('center_axis',(0.,1.,0.));
#5749=DIRECTION('ref_axis',(-0.716030186038126,0.,-0.698069317963629));
#5750=DIRECTION('center_axis',(0.939692620786217,0.,-0.34202014332482));
#5751=DIRECTION('ref_axis',(-0.34202014332482,0.,-0.939692620786217));
#5752=DIRECTION('',(0.,1.,0.));
#5753=DIRECTION('',(-0.34202014332482,0.,-0.939692620786217));
#5754=DIRECTION('center_axis',(0.,1.,0.));
#5755=DIRECTION('ref_axis',(-0.939692620786235,0.,0.342020143324771));
#5756=DIRECTION('',(0.,1.,0.));
#5757=DIRECTION('center_axis',(0.,1.,0.));
#5758=DIRECTION('ref_axis',(-0.939692620786235,0.,0.342020143324771));
#5759=DIRECTION('center_axis',(0.,1.,0.));
#5760=DIRECTION('ref_axis',(-1.,0.,1.11022496307856E-14));
#5761=DIRECTION('',(0.,1.,0.));
#5762=DIRECTION('center_axis',(0.,-1.,0.));
#5763=DIRECTION('ref_axis',(-1.,0.,1.11022496307856E-14));
#5764=DIRECTION('center_axis',(1.,0.,8.06763473170105E-13));
#5765=DIRECTION('ref_axis',(8.06821276455594E-13,0.,-1.));
#5766=DIRECTION('',(0.,1.,0.));
#5767=DIRECTION('',(8.06763473170105E-13,0.,-1.));
#5768=DIRECTION('center_axis',(0.,1.,0.));
#5769=DIRECTION('ref_axis',(-2.22044992615591E-14,0.,-1.));
#5770=DIRECTION('',(0.,1.,0.));
#5771=DIRECTION('center_axis',(0.,-1.,0.));
#5772=DIRECTION('ref_axis',(-2.22044992615591E-14,0.,-1.));
#5773=DIRECTION('center_axis',(1.72450683308641E-13,0.,1.));
#5774=DIRECTION('ref_axis',(1.,0.,-1.72306613421824E-13));
#5775=DIRECTION('',(0.,1.,0.));
#5776=DIRECTION('',(1.,0.,-1.72450683308641E-13));
#5777=DIRECTION('center_axis',(0.,1.,0.));
#5778=DIRECTION('ref_axis',(0.994834833199262,0.,0.101506919239016));
#5779=DIRECTION('',(0.,1.,0.));
#5780=DIRECTION('center_axis',(0.,-1.,0.));
#5781=DIRECTION('ref_axis',(0.994834833199262,0.,0.101506919239016));
#5782=DIRECTION('center_axis',(0.,1.,0.));
#5783=DIRECTION('ref_axis',(0.994834833199303,0.,0.101506919238616));
#5784=DIRECTION('',(0.,1.,0.));
#5785=DIRECTION('center_axis',(0.,1.,0.));
#5786=DIRECTION('ref_axis',(0.994834833199303,0.,0.101506919238616));
#5787=DIRECTION('center_axis',(0.869407893054375,0.,0.494095047025117));
#5788=DIRECTION('ref_axis',(0.494095047025117,0.,-0.869407893054375));
#5789=DIRECTION('',(-0.494095047025117,0.,0.869407893054375));
#5790=DIRECTION('',(0.,1.,0.));
#5791=DIRECTION('',(-0.494095047025117,0.,0.869407893054375));
#5792=DIRECTION('',(0.,1.,0.));
#5793=DIRECTION('center_axis',(0.,1.,0.));
#5794=DIRECTION('ref_axis',(0.,0.,1.));
#5795=DIRECTION('center_axis',(0.,1.,0.));
#5796=DIRECTION('ref_axis',(-0.866025403784359,0.,-0.500000000000138));
#5797=DIRECTION('',(0.965925826289038,0.,-0.258819045102632));
#5798=DIRECTION('center_axis',(0.,1.,0.));
#5799=DIRECTION('ref_axis',(0.766044443118724,0.,-0.642787609686842));
#5800=DIRECTION('',(0.64278760968734,0.,0.766044443118306));
#5801=DIRECTION('center_axis',(0.,1.,0.));
#5802=DIRECTION('ref_axis',(0.859279706390151,0.,0.511505998191669));
#5803=DIRECTION('center_axis',(0.,-1.,0.));
#5804=DIRECTION('ref_axis',(0.859279706392602,0.,0.511505998187552));
#5805=DIRECTION('',(0.866025403784557,0.,0.499999999999794));
#5806=DIRECTION('center_axis',(0.,-1.,0.));
#5807=DIRECTION('ref_axis',(0.499999999999749,0.,-0.866025403784584));
#5808=DIRECTION('',(0.499999999999579,0.,-0.866025403784682));
#5809=DIRECTION('center_axis',(0.,-1.,0.));
#5810=DIRECTION('ref_axis',(-0.866025403784151,0.,-0.500000000000498));
#5811=DIRECTION('',(-0.868095728582716,0.,-0.496396823132908));
#5812=DIRECTION('center_axis',(0.,1.,0.));
#5813=DIRECTION('ref_axis',(0.585324987320399,0.,-0.810798778500791));
#5814=DIRECTION('center_axis',(0.,-1.,0.));
#5815=DIRECTION('ref_axis',(0.585324987320192,0.,-0.81079877850094));
#5816=DIRECTION('',(0.499999999999873,0.,-0.866025403784512));
#5817=DIRECTION('center_axis',(0.,-1.,0.));
#5818=DIRECTION('ref_axis',(-0.866025403783845,0.,-0.500000000001028));
#5819=DIRECTION('',(-0.866025403783852,0.,-0.500000000001016));
#5820=DIRECTION('center_axis',(0.,-1.,0.));
#5821=DIRECTION('ref_axis',(-0.500000000000133,0.,0.866025403784362));
#5822=DIRECTION('center_axis',(0.,1.,0.));
#5823=DIRECTION('ref_axis',(-0.173648177667623,0.,0.984807753012086));
#5824=DIRECTION('',(-0.984807753012277,0.,-0.173648177666541));
#5825=DIRECTION('center_axis',(0.,1.,0.));
#5826=DIRECTION('ref_axis',(-0.96592582485563,0.,0.258819050452185));
#5827=DIRECTION('',(-0.25881904510239,0.,-0.965925826289103));
#5828=DIRECTION('center_axis',(0.,1.,0.));
#5829=DIRECTION('ref_axis',(-0.866025403784359,0.,-0.500000000000138));
#5830=DIRECTION('',(0.,1.,0.));
#5831=DIRECTION('center_axis',(0.,1.,0.));
#5832=DIRECTION('ref_axis',(-0.866025403784359,0.,-0.500000000000138));
#5833=DIRECTION('',(0.,1.,0.));
#5834=DIRECTION('center_axis',(0.965925826289103,0.,-0.25881904510239));
#5835=DIRECTION('ref_axis',(-0.25881904510239,0.,-0.965925826289103));
#5836=DIRECTION('',(0.,1.,0.));
#5837=DIRECTION('',(-0.25881904510239,0.,-0.965925826289103));
#5838=DIRECTION('center_axis',(0.,1.,0.));
#5839=DIRECTION('ref_axis',(-0.96592582485563,0.,0.258819050452185));
#5840=DIRECTION('',(0.,1.,0.));
#5841=DIRECTION('center_axis',(0.,1.,0.));
#5842=DIRECTION('ref_axis',(-0.96592582485563,0.,0.258819050452185));
#5843=DIRECTION('center_axis',(0.173648177666541,0.,-0.984807753012277));
#5844=DIRECTION('ref_axis',(-0.984807753012277,0.,-0.173648177666541));
#5845=DIRECTION('',(0.,1.,0.));
#5846=DIRECTION('',(-0.984807753012277,0.,-0.173648177666541));
#5847=DIRECTION('center_axis',(0.,1.,0.));
#5848=DIRECTION('ref_axis',(-0.173648177667623,0.,0.984807753012086));
#5849=DIRECTION('',(0.,1.,0.));
#5850=DIRECTION('center_axis',(0.,1.,0.));
#5851=DIRECTION('ref_axis',(-0.173648177667623,0.,0.984807753012086));
#5852=DIRECTION('center_axis',(0.,1.,0.));
#5853=DIRECTION('ref_axis',(-0.500000000000133,0.,0.866025403784362));
#5854=DIRECTION('',(0.,1.,0.));
#5855=DIRECTION('center_axis',(0.,-1.,0.));
#5856=DIRECTION('ref_axis',(-0.500000000000133,0.,0.866025403784362));
#5857=DIRECTION('center_axis',(0.500000000001016,0.,-0.866025403783852));
#5858=DIRECTION('ref_axis',(-0.866025403783852,0.,-0.500000000001016));
#5859=DIRECTION('',(0.,1.,0.));
#5860=DIRECTION('',(-0.866025403783852,0.,-0.500000000001016));
#5861=DIRECTION('center_axis',(0.,1.,0.));
#5862=DIRECTION('ref_axis',(-0.866025403783845,0.,-0.500000000001028));
#5863=DIRECTION('',(0.,1.,0.));
#5864=DIRECTION('center_axis',(0.,-1.,0.));
#5865=DIRECTION('ref_axis',(-0.866025403783845,0.,-0.500000000001028));
#5866=DIRECTION('center_axis',(0.866025403784512,0.,0.499999999999873));
#5867=DIRECTION('ref_axis',(0.499999999999873,0.,-0.866025403784512));
#5868=DIRECTION('',(0.,1.,0.));
#5869=DIRECTION('',(0.499999999999873,0.,-0.866025403784512));
#5870=DIRECTION('center_axis',(0.,1.,0.));
#5871=DIRECTION('ref_axis',(0.585324987320192,0.,-0.81079877850094));
#5872=DIRECTION('',(0.,1.,0.));
#5873=DIRECTION('center_axis',(0.,-1.,0.));
#5874=DIRECTION('ref_axis',(0.585324987320192,0.,-0.81079877850094));
#5875=DIRECTION('center_axis',(-0.442288690219002,0.,0.896872741532688));
#5876=DIRECTION('ref_axis',(0.896872741532688,0.,0.442288690219002));
#5877=DIRECTION('center_axis',(0.,1.,0.));
#5878=DIRECTION('ref_axis',(0.,0.,1.));
#5879=DIRECTION('',(2.07241993107952E-13,0.,1.));
#5880=DIRECTION('center_axis',(0.,-1.,0.));
#5881=DIRECTION('ref_axis',(-0.0133373354217319,0.,0.99991105378621));
#5882=DIRECTION('center_axis',(0.,1.,0.));
#5883=DIRECTION('ref_axis',(-0.0133373354259681,0.,0.999911053786153));
#5884=DIRECTION('',(-0.342020143324556,0.,0.939692620786314));
#5885=DIRECTION('center_axis',(0.,1.,0.));
#5886=DIRECTION('ref_axis',(0.939692620786267,0.,0.342020143324683));
#5887=DIRECTION('',(0.698069317964419,0.,0.716030186037356));
#5888=DIRECTION('center_axis',(0.,1.,0.));
#5889=DIRECTION('ref_axis',(0.716030186036966,0.,-0.698069317964819));
#5890=DIRECTION('',(1.,0.,1.9547605080416E-14));
#5891=DIRECTION('center_axis',(0.,1.,0.));
#5892=DIRECTION('ref_axis',(1.15463396160094E-13,0.,-1.));
#5893=DIRECTION('',(0.499999999999969,0.,-0.866025403784456));
#5894=DIRECTION('center_axis',(0.,-1.,0.));
#5895=DIRECTION('ref_axis',(-8.88179970462892E-15,0.,-1.));
#5896=DIRECTION('',(1.,0.,-1.80758808124918E-13));
#5897=DIRECTION('center_axis',(0.,1.,0.));
#5898=DIRECTION('ref_axis',(-9.14825369576311E-13,0.,-1.));
#5899=DIRECTION('',(0.500000000000112,0.,-0.866025403784374));
#5900=DIRECTION('center_axis',(0.,1.,0.));
#5901=DIRECTION('ref_axis',(0.585324987320399,0.,-0.810798778500791));
#5902=DIRECTION('',(-0.868095728582716,0.,-0.496396823132908));
#5903=DIRECTION('center_axis',(0.,-1.,0.));
#5904=DIRECTION('ref_axis',(-0.866025403784151,0.,-0.500000000000498));
#5905=DIRECTION('',(0.499999999999579,0.,-0.866025403784682));
#5906=DIRECTION('center_axis',(0.,-1.,0.));
#5907=DIRECTION('ref_axis',(0.499999999999749,0.,-0.866025403784584));
#5908=DIRECTION('',(0.866025403784557,0.,0.499999999999794));
#5909=DIRECTION('center_axis',(0.,-1.,0.));
#5910=DIRECTION('ref_axis',(0.859279706392602,0.,0.511505998187552));
#5911=DIRECTION('center_axis',(0.,1.,0.));
#5912=DIRECTION('ref_axis',(0.859279706390151,0.,0.511505998191669));
#5913=DIRECTION('',(0.64278760968734,0.,0.766044443118306));
#5914=DIRECTION('center_axis',(0.,1.,0.));
#5915=DIRECTION('ref_axis',(0.766044443118724,0.,-0.642787609686842));
#5916=DIRECTION('',(0.965925826289038,0.,-0.258819045102632));
#5917=DIRECTION('center_axis',(0.,1.,0.));
#5918=DIRECTION('ref_axis',(-0.258819035572614,0.,-0.965925828842599));
#5919=DIRECTION('',(0.49999999999989,0.,-0.866025403784502));
#5920=DIRECTION('center_axis',(0.,1.,0.));
#5921=DIRECTION('ref_axis',(-0.866025403784506,0.,-0.499999999999884));
#5922=DIRECTION('',(-0.499999999999802,0.,-0.866025403784553));
#5923=DIRECTION('center_axis',(0.,-1.,0.));
#5924=DIRECTION('ref_axis',(-0.866025403784908,0.,-0.499999999999187));
#5925=DIRECTION('',(0.500000000000009,0.,-0.866025403784434));
#5926=DIRECTION('center_axis',(0.,1.,0.));
#5927=DIRECTION('ref_axis',(-0.866025403784563,0.,-0.499999999999785));
#5928=DIRECTION('',(-0.866025403784413,0.,-0.500000000000044));
#5929=DIRECTION('center_axis',(0.,1.,0.));
#5930=DIRECTION('ref_axis',(-0.500000000000048,0.,0.866025403784411));
#5931=DIRECTION('',(-0.499999999999251,0.,0.866025403784871));
#5932=DIRECTION('center_axis',(0.,1.,0.));
#5933=DIRECTION('ref_axis',(0.866025403784393,0.,0.50000000000008));
#5934=DIRECTION('',(-0.866025403784488,0.,-0.499999999999915));
#5935=DIRECTION('center_axis',(0.,1.,0.));
#5936=DIRECTION('ref_axis',(-0.500000000000163,0.,0.866025403784345));
#5937=DIRECTION('',(-1.,0.,-1.47466663634805E-31));
#5938=DIRECTION('',(-7.40149975385385E-15,0.,-1.));
#5939=DIRECTION('',(0.987314434207364,0.,-0.158777227604567));
#5940=DIRECTION('center_axis',(0.,1.,0.));
#5941=DIRECTION('ref_axis',(-0.158777227604802,0.,-0.987314434207326));
#5942=DIRECTION('',(4.86973268778589E-13,0.,-1.));
#5943=DIRECTION('center_axis',(0.,1.,0.));
#5944=DIRECTION('ref_axis',(-1.,0.,1.17406289845481E-13));
#5945=DIRECTION('',(-1.,0.,7.2164622600075E-15));
#5946=DIRECTION('center_axis',(0.,1.,0.));
#5947=DIRECTION('ref_axis',(8.88179970462367E-15,0.,1.));
#5948=DIRECTION('',(-4.10539361622601E-15,0.,1.));
#5949=DIRECTION('center_axis',(0.,1.,0.));
#5950=DIRECTION('ref_axis',(1.,0.,-2.99020590055629E-13));
#5951=DIRECTION('',(0.342020143325656,0.,0.939692620785913));
#5952=DIRECTION('center_axis',(0.,1.,0.));
#5953=DIRECTION('ref_axis',(0.93969262078593,0.,-0.34202014332561));
#5954=DIRECTION('',(0.911602050260671,0.,0.411073840034296));
#5955=DIRECTION('center_axis',(0.,1.,0.));
#5956=DIRECTION('ref_axis',(0.411073840034678,0.,-0.911602050260498));
#5957=DIRECTION('',(0.757819096150578,0.,-0.652464725107435));
#5958=DIRECTION('center_axis',(0.,1.,0.));
#5959=DIRECTION('ref_axis',(-0.356633426874067,0.,-0.934244399948996));
#5960=DIRECTION('center_axis',(0.,-1.,0.));
#5961=DIRECTION('ref_axis',(-0.342020143324289,0.,-0.939692620786411));
#5962=DIRECTION('',(0.939692620785785,0.,-0.342020143326007));
#5963=DIRECTION('center_axis',(0.,-1.,0.));
#5964=DIRECTION('ref_axis',(0.939692620786375,0.,-0.342020143324387));
#5965=DIRECTION('',(0.34202014332603,0.,0.939692620785777));
#5966=DIRECTION('center_axis',(0.,-1.,0.));
#5967=DIRECTION('ref_axis',(0.244868249268539,0.,0.969556362724809));
#5968=DIRECTION('center_axis',(0.,1.,0.));
#5969=DIRECTION('ref_axis',(0.244868249268462,0.,0.969556362724828));
#5970=DIRECTION('',(0.938263206297064,0.,-0.345922181580125));
#5971=DIRECTION('center_axis',(0.,-1.,0.));
#5972=DIRECTION('ref_axis',(0.939692620785879,0.,-0.342020143325749));
#5973=DIRECTION('',(0.342020143325309,0.,0.939692620786039));
#5974=DIRECTION('center_axis',(0.,-1.,0.));
#5975=DIRECTION('ref_axis',(0.342020143324618,0.,0.939692620786291));
#5976=DIRECTION('',(-0.939692620786052,0.,0.342020143325275));
#5977=DIRECTION('center_axis',(0.,-1.,0.));
#5978=DIRECTION('ref_axis',(-0.944170676057821,0.,0.329456726251745));
#5979=DIRECTION('center_axis',(0.,1.,0.));
#5980=DIRECTION('ref_axis',(-0.944170676057623,0.,0.329456726252314));
#5981=DIRECTION('',(-1.,0.,-1.69856176567117E-13));
#5982=DIRECTION('center_axis',(0.,1.,0.));
#5983=DIRECTION('ref_axis',(-6.34414264615702E-13,0.,1.));
#5984=DIRECTION('',(-0.422618261740655,0.,0.906307787036671));
#5985=DIRECTION('',(0.342020143325716,0.,0.939692620785891));
#5986=DIRECTION('center_axis',(0.,1.,0.));
#5987=DIRECTION('ref_axis',(0.939692620785908,0.,-0.342020143325671));
#5988=DIRECTION('',(1.,0.,-2.87140041055929E-14));
#5989=DIRECTION('',(-0.00415560510126865,0.,-0.999991365435843));
#5990=DIRECTION('center_axis',(0.,-1.,0.));
#5991=DIRECTION('ref_axis',(-8.88179970462039E-15,0.,-1.));
#5992=DIRECTION('',(1.,0.,3.69820309903932E-13));
#5993=DIRECTION('center_axis',(0.,-1.,0.));
#5994=DIRECTION('ref_axis',(1.,0.,0.));
#5995=DIRECTION('center_axis',(0.,1.,0.));
#5996=DIRECTION('ref_axis',(1.,0.,-3.78768329904851E-11));
#5997=DIRECTION('',(-1.,0.,1.72450683313283E-13));
#5998=DIRECTION('center_axis',(0.,1.,0.));
#5999=DIRECTION('ref_axis',(-2.11931812774663E-11,0.,-1.));
#6000=DIRECTION('',(-8.06763473191028E-13,0.,1.));
#6001=DIRECTION('center_axis',(0.,1.,0.));
#6002=DIRECTION('ref_axis',(-1.,0.,-4.39521383999691E-11));
#6003=DIRECTION('',(-0.698069317973345,0.,0.716030186028654));
#6004=DIRECTION('',(-1.,0.,1.33493708274711E-11));
#6005=DIRECTION('center_axis',(0.,-1.,0.));
#6006=DIRECTION('ref_axis',(0.939692620778041,0.,-0.342020143347285));
#6007=DIRECTION('',(-0.342020143316269,0.,-0.93969262078933));
#6008=DIRECTION('',(0.42261826174695,0.,-0.906307787033735));
#6009=DIRECTION('center_axis',(0.,1.,0.));
#6010=DIRECTION('ref_axis',(-0.385077882453064,0.,0.922884079635934));
#6011=DIRECTION('',(0.939692620784275,0.,-0.342020143330158));
#6012=DIRECTION('center_axis',(0.,1.,0.));
#6013=DIRECTION('ref_axis',(0.342020143279207,0.,0.939692620802819));
#6014=DIRECTION('',(-0.342020143297269,0.,-0.939692620796245));
#6015=DIRECTION('',(-0.993906796722719,0.,-0.110223769797553));
#6016=DIRECTION('',(0.,0.,1.));
#6017=DIRECTION('',(-0.911602050221893,0.,-0.411073840120289));
#6018=DIRECTION('',(-0.342020143258814,0.,-0.939692620810242));
#6019=DIRECTION('center_axis',(0.,-1.,0.));
#6020=DIRECTION('ref_axis',(1.,0.,-9.06112476728552E-11));
#6021=DIRECTION('',(4.41848678923789E-15,0.,-1.));
#6022=DIRECTION('',(1.,0.,4.59035876141991E-15));
#6023=DIRECTION('',(-0.420064873230215,0.,0.907494078370809));
#6024=DIRECTION('',(-0.907494078370808,0.,-0.420064873230216));
#6025=DIRECTION('',(-0.420064873230215,0.,0.907494078370808));
#6026=DIRECTION('',(-1.,0.,-1.95189448913045E-14));
#6027=DIRECTION('',(-0.698069317964417,0.,-0.716030186037358));
#6028=DIRECTION('',(-2.07241993093561E-13,0.,-1.));
#6029=DIRECTION('',(0.442288690219002,0.,-0.896872741532688));
#6030=DIRECTION('',(-0.442288690219002,0.,0.896872741532688));
#6031=DIRECTION('',(-0.896872741532688,0.,-0.442288690219001));
#6032=DIRECTION('center_axis',(-0.442288690219002,0.,0.896872741532688));
#6033=DIRECTION('ref_axis',(0.896872741532688,0.,0.442288690219002));
#6034=DIRECTION('center_axis',(1.9547605080416E-14,0.,-1.));
#6035=DIRECTION('ref_axis',(1.,0.,1.94996883695789E-14));
#6036=DIRECTION('center_axis',(0.896872741532688,0.,0.442288690219002));
#6037=DIRECTION('ref_axis',(-0.442288690219002,0.,0.896872741532688));
#6038=DIRECTION('',(0.442288690219002,0.,-0.896872741532688));
#6039=DIRECTION('',(0.,-1.,0.));
#6040=DIRECTION('center_axis',(-0.896872741532688,0.,-0.442288690219002));
#6041=DIRECTION('ref_axis',(0.442288690219002,0.,-0.896872741532688));
#6042=DIRECTION('',(-0.442288690219002,0.,0.896872741532688));
#6043=DIRECTION('',(0.,-1.,0.));
#6044=DIRECTION('center_axis',(-0.442288690219001,0.,0.896872741532688));
#6045=DIRECTION('ref_axis',(-0.896872741532689,0.,-0.442288690219001));
#6046=DIRECTION('',(0.896872741532688,0.,0.442288690219001));
#6047=DIRECTION('center_axis',(0.,1.,0.));
#6048=DIRECTION('ref_axis',(0.707106781186547,0.,0.707106781186548));
#6049=DIRECTION('center_axis',(0.,-1.,0.));
#6050=DIRECTION('ref_axis',(0.707106781186547,0.,0.707106781186548));
#6051=DIRECTION('',(0.,-1.,0.));
#6052=DIRECTION('',(0.,1.,0.));
#6053=DIRECTION('center_axis',(0.,-1.,0.));
#6054=DIRECTION('ref_axis',(0.,0.,-1.));
#6055=DIRECTION('',(-1.,0.,0.));
#6056=DIRECTION('center_axis',(0.,-1.,0.));
#6057=DIRECTION('ref_axis',(-0.707106781186549,0.,0.707106781186546));
#6058=DIRECTION('',(0.,0.,-1.));
#6059=DIRECTION('',(-1.,0.,-1.25150697748635E-16));
#6060=DIRECTION('',(3.29782874373932E-16,0.,1.));
#6061=DIRECTION('center_axis',(0.,0.,-1.));
#6062=DIRECTION('ref_axis',(-1.,0.,0.));
#6063=DIRECTION('',(0.,-1.,0.));
#6064=DIRECTION('center_axis',(0.,-1.,0.));
#6065=DIRECTION('ref_axis',(-0.707106781186549,0.,0.707106781186546));
#6066=DIRECTION('center_axis',(0.,-1.,0.));
#6067=DIRECTION('ref_axis',(-0.707106781186549,0.,0.707106781186546));
#6068=DIRECTION('',(0.,-1.,0.));
#6069=DIRECTION('',(0.,1.,0.));
#6070=DIRECTION('center_axis',(1.,0.,-2.19855249582621E-16));
#6071=DIRECTION('ref_axis',(-1.77635683940025E-16,0.,-1.));
#6072=DIRECTION('',(0.,-1.,0.));
#6073=DIRECTION('',(-2.19855249582621E-16,0.,-1.));
#6074=DIRECTION('center_axis',(0.,1.,0.));
#6075=DIRECTION('ref_axis',(-0.707106781186551,0.,-0.707106781186544));
#6076=DIRECTION('center_axis',(0.,-1.,0.));
#6077=DIRECTION('ref_axis',(-0.707106781186551,0.,-0.707106781186544));
#6078=DIRECTION('',(0.,-1.,0.));
#6079=DIRECTION('',(0.,1.,0.));
#6080=DIRECTION('center_axis',(0.,-1.,0.));
#6081=DIRECTION('ref_axis',(0.,0.,-1.));
#6082=DIRECTION('',(1.,0.,0.));
#6083=DIRECTION('',(0.420064873230215,0.,-0.907494078370809));
#6084=DIRECTION('',(0.907494078370808,0.,0.420064873230216));
#6085=DIRECTION('',(0.420064873230216,0.,-0.907494078370809));
#6086=DIRECTION('',(-2.19855249582621E-16,0.,-1.));
#6087=DIRECTION('center_axis',(0.,0.,1.));
#6088=DIRECTION('ref_axis',(1.,0.,0.));
#6089=DIRECTION('',(0.,-1.,0.));
#6090=DIRECTION('center_axis',(0.,-1.,0.));
#6091=DIRECTION('ref_axis',(0.70710678118655,0.,-0.707106781186545));
#6092=DIRECTION('center_axis',(0.,-1.,0.));
#6093=DIRECTION('ref_axis',(0.70710678118655,0.,-0.707106781186545));
#6094=DIRECTION('',(0.,-1.,0.));
#6095=DIRECTION('',(0.,1.,0.));
#6096=DIRECTION('center_axis',(-1.,0.,3.29782874373932E-16));
#6097=DIRECTION('ref_axis',(3.5527136788005E-16,0.,1.));
#6098=DIRECTION('',(0.,1.,0.));
#6099=DIRECTION('',(3.29782874373932E-16,0.,1.));
#6100=DIRECTION('center_axis',(0.,-1.,0.));
#6101=DIRECTION('ref_axis',(-0.707106781186549,0.,0.707106781186546));
#6102=DIRECTION('',(0.,1.,0.));
#6103=DIRECTION('center_axis',(1.,0.,0.));
#6104=DIRECTION('ref_axis',(0.,0.,-1.));
#6105=DIRECTION('',(0.,-1.,0.));
#6106=DIRECTION('center_axis',(0.,1.,0.));
#6107=DIRECTION('ref_axis',(-0.70710678118655,0.,-0.707106781186545));
#6108=DIRECTION('center_axis',(0.,-1.,0.));
#6109=DIRECTION('ref_axis',(-0.70710678118655,0.,-0.707106781186545));
#6110=DIRECTION('',(0.,-1.,0.));
#6111=DIRECTION('',(0.,1.,0.));
#6112=DIRECTION('center_axis',(0.,0.,1.));
#6113=DIRECTION('ref_axis',(1.,0.,0.));
#6114=DIRECTION('',(1.,0.,0.));
#6115=DIRECTION('center_axis',(0.,1.,0.));
#6116=DIRECTION('ref_axis',(0.707106781186549,0.,0.707106781186546));
#6117=DIRECTION('center_axis',(0.,-1.,0.));
#6118=DIRECTION('ref_axis',(0.707106781186549,0.,0.707106781186546));
#6119=DIRECTION('',(0.,-1.,0.));
#6120=DIRECTION('',(0.,1.,0.));
#6121=DIRECTION('center_axis',(0.,-1.,0.));
#6122=DIRECTION('ref_axis',(0.,0.,-1.));
#6123=DIRECTION('',(-1.,0.,0.));
#6124=DIRECTION('',(0.342020143297269,0.,0.939692620796245));
#6125=DIRECTION('',(0.993906796722719,0.,0.110223769797554));
#6126=DIRECTION('',(0.,0.,-1.));
#6127=DIRECTION('',(0.911602050221893,0.,0.411073840120289));
#6128=DIRECTION('',(0.342020143258814,0.,0.939692620810242));
#6129=DIRECTION('center_axis',(0.,1.,0.));
#6130=DIRECTION('ref_axis',(0.939692620786663,0.,-0.342020143323594));
#6131=DIRECTION('',(-4.41848678923789E-15,0.,1.));
#6132=DIRECTION('',(-1.,0.,-1.25150697748635E-16));
#6133=DIRECTION('',(0.,0.,1.));
#6134=DIRECTION('center_axis',(0.,0.,-1.));
#6135=DIRECTION('ref_axis',(-1.,0.,0.));
#6136=DIRECTION('',(0.,-1.,0.));
#6137=DIRECTION('center_axis',(0.,-1.,0.));
#6138=DIRECTION('ref_axis',(0.707106781186554,0.,-0.707106781186541));
#6139=DIRECTION('',(0.,-1.,0.));
#6140=DIRECTION('center_axis',(0.,1.,0.));
#6141=DIRECTION('ref_axis',(0.70710678118655,0.,0.707106781186545));
#6142=DIRECTION('center_axis',(0.,1.,0.));
#6143=DIRECTION('ref_axis',(0.70710678118655,0.,0.707106781186545));
#6144=DIRECTION('',(0.,1.,0.));
#6145=DIRECTION('center_axis',(0.,1.,0.));
#6146=DIRECTION('ref_axis',(0.70710678118655,0.,0.707106781186545));
#6147=DIRECTION('',(0.,-1.,0.));
#6148=DIRECTION('center_axis',(0.,0.,-1.));
#6149=DIRECTION('ref_axis',(-1.,0.,0.));
#6150=DIRECTION('',(1.,0.,0.));
#6151=DIRECTION('',(0.,-1.,0.));
#6152=DIRECTION('',(-1.,0.,0.));
#6153=DIRECTION('center_axis',(0.,1.,0.));
#6154=DIRECTION('ref_axis',(0.707106781186549,0.,0.707106781186546));
#6155=DIRECTION('center_axis',(0.,1.,0.));
#6156=DIRECTION('ref_axis',(0.707106781186549,0.,0.707106781186546));
#6157=DIRECTION('',(0.,1.,0.));
#6158=DIRECTION('center_axis',(0.,1.,0.));
#6159=DIRECTION('ref_axis',(0.707106781186549,0.,0.707106781186546));
#6160=DIRECTION('',(0.,-1.,0.));
#6161=DIRECTION('center_axis',(0.,-1.,0.));
#6162=DIRECTION('ref_axis',(0.,0.,-1.));
#6163=DIRECTION('',(0.,0.,-1.));
#6164=DIRECTION('',(1.,0.,4.59035876141991E-15));
#6165=DIRECTION('',(4.41848678923789E-15,0.,-1.));
#6166=DIRECTION('center_axis',(0.,-1.,0.));
#6167=DIRECTION('ref_axis',(1.,0.,-9.06112476728552E-11));
#6168=DIRECTION('',(-0.342020143258814,0.,-0.939692620810242));
#6169=DIRECTION('',(-0.911602050221893,0.,-0.411073840120289));
#6170=DIRECTION('',(0.,0.,1.));
#6171=DIRECTION('',(-0.993906796722719,0.,-0.110223769797553));
#6172=DIRECTION('',(-0.342020143297269,0.,-0.939692620796245));
#6173=DIRECTION('',(1.,0.,0.));
#6174=DIRECTION('center_axis',(-1.,0.,0.));
#6175=DIRECTION('ref_axis',(0.,0.,1.));
#6176=DIRECTION('',(0.,0.,1.));
#6177=DIRECTION('',(0.,1.,0.));
#6178=DIRECTION('center_axis',(0.,-1.,0.));
#6179=DIRECTION('ref_axis',(-0.707106781186549,0.,0.707106781186546));
#6180=DIRECTION('center_axis',(0.,1.,0.));
#6181=DIRECTION('ref_axis',(-0.707106781186549,0.,0.707106781186546));
#6182=DIRECTION('',(0.,1.,0.));
#6183=DIRECTION('center_axis',(0.,1.,0.));
#6184=DIRECTION('ref_axis',(-0.707106781186549,0.,0.707106781186546));
#6185=DIRECTION('',(0.,-1.,0.));
#6186=DIRECTION('center_axis',(0.,0.,-1.));
#6187=DIRECTION('ref_axis',(-1.,0.,0.));
#6188=DIRECTION('',(-1.,0.,0.));
#6189=DIRECTION('',(0.,1.,0.));
#6190=DIRECTION('',(1.,0.,0.));
#6191=DIRECTION('center_axis',(0.,-1.,0.));
#6192=DIRECTION('ref_axis',(0.707106781186554,0.,-0.707106781186541));
#6193=DIRECTION('center_axis',(0.,1.,0.));
#6194=DIRECTION('ref_axis',(0.707106781186554,0.,-0.707106781186541));
#6195=DIRECTION('',(0.,1.,0.));
#6196=DIRECTION('center_axis',(0.,1.,0.));
#6197=DIRECTION('ref_axis',(0.707106781186554,0.,-0.707106781186541));
#6198=DIRECTION('',(0.,-1.,0.));
#6199=DIRECTION('center_axis',(0.,-1.,0.));
#6200=DIRECTION('ref_axis',(0.,0.,-1.));
#6201=DIRECTION('',(-1.,0.,0.));
#6202=DIRECTION('',(-0.342020143297269,0.,-0.939692620796245));
#6203=DIRECTION('center_axis',(0.,1.,0.));
#6204=DIRECTION('ref_axis',(0.342020143279207,0.,0.939692620802819));
#6205=DIRECTION('',(0.939692620784274,0.,-0.342020143330158));
#6206=DIRECTION('center_axis',(0.,1.,0.));
#6207=DIRECTION('ref_axis',(-0.385077882453064,0.,0.922884079635934));
#6208=DIRECTION('',(0.42261826174695,0.,-0.906307787033735));
#6209=DIRECTION('',(-0.342020143316269,0.,-0.93969262078933));
#6210=DIRECTION('',(1.,0.,0.));
#6211=DIRECTION('center_axis',(0.,1.,0.));
#6212=DIRECTION('ref_axis',(-2.11931812774663E-11,0.,-1.));
#6213=DIRECTION('',(-1.,0.,1.72450683313283E-13));
#6214=DIRECTION('',(0.,0.,-1.));
#6215=DIRECTION('center_axis',(0.,0.,1.));
#6216=DIRECTION('ref_axis',(1.,0.,0.));
#6217=DIRECTION('',(1.,0.,0.));
#6218=DIRECTION('',(0.,1.,0.));
#6219=DIRECTION('center_axis',(0.,1.,0.));
#6220=DIRECTION('ref_axis',(-0.70710678118655,0.,-0.707106781186545));
#6221=DIRECTION('center_axis',(0.,1.,0.));
#6222=DIRECTION('ref_axis',(-0.70710678118655,0.,-0.707106781186545));
#6223=DIRECTION('',(0.,1.,0.));
#6224=DIRECTION('center_axis',(0.,1.,0.));
#6225=DIRECTION('ref_axis',(-0.70710678118655,0.,-0.707106781186545));
#6226=DIRECTION('',(0.,-1.,0.));
#6227=DIRECTION('center_axis',(0.,0.,1.));
#6228=DIRECTION('ref_axis',(1.,0.,0.));
#6229=DIRECTION('',(-1.,0.,0.));
#6230=DIRECTION('',(0.,-1.,0.));
#6231=DIRECTION('',(1.,0.,0.));
#6232=DIRECTION('center_axis',(0.,1.,0.));
#6233=DIRECTION('ref_axis',(0.707106781186547,0.,0.707106781186548));
#6234=DIRECTION('center_axis',(0.,1.,0.));
#6235=DIRECTION('ref_axis',(0.707106781186547,0.,0.707106781186548));
#6236=DIRECTION('center_axis',(0.,1.,0.));
#6237=DIRECTION('ref_axis',(0.707106781186547,0.,0.707106781186548));
#6238=DIRECTION('',(0.,-1.,0.));
#6239=DIRECTION('center_axis',(-1.,0.,3.29782874373932E-16));
#6240=DIRECTION('ref_axis',(3.5527136788005E-16,0.,1.));
#6241=DIRECTION('',(3.29782874373932E-16,0.,1.));
#6242=DIRECTION('',(0.,1.,0.));
#6243=DIRECTION('',(-3.29782874373932E-16,0.,-1.));
#6244=DIRECTION('center_axis',(0.,-1.,0.));
#6245=DIRECTION('ref_axis',(0.70710678118655,0.,-0.707106781186545));
#6246=DIRECTION('center_axis',(0.,1.,0.));
#6247=DIRECTION('ref_axis',(0.70710678118655,0.,-0.707106781186545));
#6248=DIRECTION('',(0.,1.,0.));
#6249=DIRECTION('center_axis',(0.,1.,0.));
#6250=DIRECTION('ref_axis',(0.70710678118655,0.,-0.707106781186545));
#6251=DIRECTION('center_axis',(0.,-1.,0.));
#6252=DIRECTION('ref_axis',(0.,0.,-1.));
#6253=DIRECTION('',(-3.29782874373932E-16,0.,-1.));
#6254=DIRECTION('',(0.,0.,1.));
#6255=DIRECTION('',(-1.,0.,-3.69820309923512E-13));
#6256=DIRECTION('center_axis',(0.,1.,0.));
#6257=DIRECTION('ref_axis',(1.,0.,-3.78768329904851E-11));
#6258=DIRECTION('center_axis',(0.,-1.,0.));
#6259=DIRECTION('ref_axis',(-0.707106781186549,0.,0.707106781186546));
#6260=DIRECTION('center_axis',(0.,1.,0.));
#6261=DIRECTION('ref_axis',(-0.707106781186549,0.,0.707106781186546));
#6262=DIRECTION('',(0.,1.,0.));
#6263=DIRECTION('center_axis',(0.,1.,0.));
#6264=DIRECTION('ref_axis',(-0.707106781186549,0.,0.707106781186546));
#6265=DIRECTION('',(0.,-1.,0.));
#6266=DIRECTION('center_axis',(0.,0.,-1.));
#6267=DIRECTION('ref_axis',(-1.,0.,0.));
#6268=DIRECTION('',(-1.,0.,0.));
#6269=DIRECTION('',(0.,1.,0.));
#6270=DIRECTION('',(1.,0.,0.));
#6271=DIRECTION('center_axis',(0.,1.,0.));
#6272=DIRECTION('ref_axis',(-0.707106781186551,0.,-0.707106781186544));
#6273=DIRECTION('center_axis',(0.,1.,0.));
#6274=DIRECTION('ref_axis',(-0.707106781186551,0.,-0.707106781186544));
#6275=DIRECTION('',(0.,1.,0.));
#6276=DIRECTION('center_axis',(0.,1.,0.));
#6277=DIRECTION('ref_axis',(-0.707106781186551,0.,-0.707106781186544));
#6278=DIRECTION('',(0.,-1.,0.));
#6279=DIRECTION('center_axis',(1.,0.,-2.19855249582621E-16));
#6280=DIRECTION('ref_axis',(-1.77635683940025E-16,0.,-1.));
#6281=DIRECTION('',(-2.19855249582621E-16,0.,-1.));
#6282=DIRECTION('',(0.,1.,0.));
#6283=DIRECTION('',(2.19855249582621E-16,0.,1.));
#6284=DIRECTION('center_axis',(0.,1.,0.));
#6285=DIRECTION('ref_axis',(0.,0.,1.));
#6286=DIRECTION('',(1.,0.,-7.01398051608882E-14));
#6287=DIRECTION('',(0.,0.,-1.));
#6288=DIRECTION('',(3.29782874373932E-16,0.,1.));
#6289=DIRECTION('center_axis',(0.,1.,0.));
#6290=DIRECTION('ref_axis',(1.,0.,-3.78768329904851E-11));
#6291=DIRECTION('',(1.,0.,0.));
#6292=DIRECTION('',(-0.420064873230215,0.,0.907494078370808));
#6293=DIRECTION('',(1.,0.,0.));
#6294=DIRECTION('',(-0.420064873230215,0.,0.907494078370809));
#6295=DIRECTION('',(-2.19855249582621E-16,0.,-1.));
#6296=DIRECTION('',(1.,0.,4.59035876141991E-15));
#6297=DIRECTION('',(0.,0.,-1.));
#6298=DIRECTION('',(1.,0.,4.59035876141991E-15));
#6299=DIRECTION('',(-1.,0.,0.));
#6300=DIRECTION('',(-0.342020143297269,0.,-0.939692620796245));
#6301=DIRECTION('',(0.,0.,1.));
#6302=DIRECTION('center_axis',(0.,-1.,0.));
#6303=DIRECTION('ref_axis',(0.,0.,-1.));
#6304=DIRECTION('center_axis',(0.,-1.,0.));
#6305=DIRECTION('ref_axis',(-1.,0.,-3.77321422023169E-11));
#6306=DIRECTION('',(-1.,0.,0.));
#6307=DIRECTION('',(0.342020143316269,0.,0.93969262078933));
#6308=DIRECTION('',(1.,0.,0.));
#6309=DIRECTION('center_axis',(0.,0.,-1.));
#6310=DIRECTION('ref_axis',(-1.,0.,0.));
#6311=DIRECTION('',(0.,-1.,0.));
#6312=DIRECTION('center_axis',(1.,0.,0.));
#6313=DIRECTION('ref_axis',(0.,0.,-1.));
#6314=DIRECTION('',(0.,0.,1.));
#6315=DIRECTION('',(0.,-1.,0.));
#6316=DIRECTION('center_axis',(-1.,0.,0.));
#6317=DIRECTION('ref_axis',(0.,0.,1.));
#6318=DIRECTION('',(0.,1.,0.));
#6319=DIRECTION('center_axis',(0.,0.,-1.));
#6320=DIRECTION('ref_axis',(-1.,0.,0.));
#6321=DIRECTION('',(0.,-1.,0.));
#6322=DIRECTION('',(-1.,0.,0.));
#6323=DIRECTION('',(0.,1.,0.));
#6324=DIRECTION('center_axis',(0.,0.,-1.));
#6325=DIRECTION('ref_axis',(-1.,0.,0.));
#6326=DIRECTION('',(0.,1.,0.));
#6327=DIRECTION('',(0.,-1.,0.));
#6328=DIRECTION('center_axis',(1.,0.,-2.19855249582621E-16));
#6329=DIRECTION('ref_axis',(-1.77635683940025E-16,0.,-1.));
#6330=DIRECTION('',(2.19855249582621E-16,0.,1.));
#6331=DIRECTION('',(0.,-1.,0.));
#6332=DIRECTION('center_axis',(1.,0.,0.));
#6333=DIRECTION('ref_axis',(0.,0.,-1.));
#6334=DIRECTION('',(0.,-1.,0.));
#6335=DIRECTION('center_axis',(1.,0.,0.));
#6336=DIRECTION('ref_axis',(0.,0.,-1.));
#6337=DIRECTION('',(0.,0.,-1.));
#6338=DIRECTION('',(0.,1.,0.));
#6339=DIRECTION('center_axis',(0.,0.,1.));
#6340=DIRECTION('ref_axis',(1.,0.,0.));
#6341=DIRECTION('',(-1.,0.,0.));
#6342=DIRECTION('',(0.,-1.,0.));
#6343=DIRECTION('center_axis',(1.,0.,-2.19855249582621E-16));
#6344=DIRECTION('ref_axis',(-1.77635683940025E-16,0.,-1.));
#6345=DIRECTION('',(0.,1.,0.));
#6346=DIRECTION('center_axis',(-1.,0.,3.29782874373932E-16));
#6347=DIRECTION('ref_axis',(3.5527136788005E-16,0.,1.));
#6348=DIRECTION('center_axis',(0.,0.,-1.));
#6349=DIRECTION('ref_axis',(-1.,0.,0.));
#6350=DIRECTION('',(0.,-1.,0.));
#6351=DIRECTION('',(-1.,0.,0.));
#6352=DIRECTION('center_axis',(0.,0.,1.));
#6353=DIRECTION('ref_axis',(1.,0.,0.));
#6354=DIRECTION('',(0.,-1.,0.));
#6355=DIRECTION('',(1.,0.,0.));
#6356=DIRECTION('',(0.,1.,0.));
#6357=DIRECTION('center_axis',(0.,0.,1.));
#6358=DIRECTION('ref_axis',(1.,0.,0.));
#6359=DIRECTION('',(0.,1.,0.));
#6360=DIRECTION('',(-1.,0.,0.));
#6361=DIRECTION('',(0.,-1.,0.));
#6362=DIRECTION('',(1.,0.,0.));
#6363=DIRECTION('center_axis',(0.,0.,1.));
#6364=DIRECTION('ref_axis',(1.,0.,0.));
#6365=DIRECTION('',(0.,-1.,0.));
#6366=DIRECTION('',(0.,1.,0.));
#6367=DIRECTION('',(-1.,0.,0.));
#6368=DIRECTION('center_axis',(0.,0.,1.));
#6369=DIRECTION('ref_axis',(1.,0.,0.));
#6370=DIRECTION('',(0.,-1.,0.));
#6371=DIRECTION('',(1.,0.,0.));
#6372=DIRECTION('',(0.,1.,0.));
#6373=DIRECTION('center_axis',(0.,1.,0.));
#6374=DIRECTION('ref_axis',(0.,0.,1.));
#6375=DIRECTION('',(-0.342020143316269,0.,-0.93969262078933));
#6376=DIRECTION('center_axis',(0.,1.,0.));
#6377=DIRECTION('ref_axis',(-2.11931812774663E-11,0.,-1.));
#6378=DIRECTION('center_axis',(0.,0.,1.));
#6379=DIRECTION('ref_axis',(1.,0.,0.));
#6380=DIRECTION('',(0.,1.,0.));
#6381=DIRECTION('center_axis',(0.,0.,-1.));
#6382=DIRECTION('ref_axis',(-1.,0.,0.));
#6383=DIRECTION('',(-1.,0.,0.));
#6384=DIRECTION('',(0.,1.,0.));
#6385=DIRECTION('center_axis',(-1.,0.,0.));
#6386=DIRECTION('ref_axis',(0.,0.,1.));
#6387=DIRECTION('',(0.,1.,0.));
#6388=DIRECTION('center_axis',(-1.,0.,3.29782874373932E-16));
#6389=DIRECTION('ref_axis',(3.5527136788005E-16,0.,1.));
#6390=DIRECTION('',(0.,1.,0.));
#6391=DIRECTION('center_axis',(1.25150697748635E-16,0.,-1.));
#6392=DIRECTION('ref_axis',(-1.,0.,-1.22124532708767E-16));
#6393=DIRECTION('',(0.,1.,0.));
#6394=DIRECTION('',(-1.,0.,-1.25150697748635E-16));
#6395=DIRECTION('',(0.,1.,0.));
#6396=DIRECTION('',(-1.,0.,-1.25150697748635E-16));
#6397=DIRECTION('center_axis',(-0.939692620796245,0.,0.342020143297269));
#6398=DIRECTION('ref_axis',(0.342020143297269,0.,0.939692620796245));
#6399=DIRECTION('',(0.,1.,0.));
#6400=DIRECTION('',(0.342020143297269,0.,0.939692620796245));
#6401=DIRECTION('',(0.,1.,0.));
#6402=DIRECTION('center_axis',(0.,1.,0.));
#6403=DIRECTION('ref_axis',(-1.,0.,-3.77321422023169E-11));
#6404=DIRECTION('center_axis',(0.,-1.,0.));
#6405=DIRECTION('ref_axis',(-1.,0.,-3.77321422023169E-11));
#6406=DIRECTION('',(0.,1.,0.));
#6407=DIRECTION('center_axis',(0.,-1.,0.));
#6408=DIRECTION('ref_axis',(-1.,0.,-3.77321422023169E-11));
#6409=DIRECTION('',(0.,1.,0.));
#6410=DIRECTION('center_axis',(0.,-1.,0.));
#6411=DIRECTION('ref_axis',(0.,0.,-1.));
#6412=DIRECTION('',(8.06763473191028E-13,0.,-1.));
#6413=DIRECTION('center_axis',(0.,-1.,0.));
#6414=DIRECTION('ref_axis',(-0.741553498432057,0.,0.670893738950646));
#6415=DIRECTION('',(0.698069317973345,0.,-0.716030186028654));
#6416=DIRECTION('',(1.,0.,-1.33493708274711E-11));
#6417=DIRECTION('center_axis',(0.,1.,0.));
#6418=DIRECTION('ref_axis',(5.58885354702097E-11,0.,-1.));
#6419=DIRECTION('',(0.342020143316269,0.,0.93969262078933));
#6420=DIRECTION('center_axis',(0.,-1.,0.));
#6421=DIRECTION('ref_axis',(0.,0.,-1.));
#6422=DIRECTION('center_axis',(0.,-1.,0.));
#6423=DIRECTION('ref_axis',(-4.01657608754638E-11,0.,-1.));
#6424=DIRECTION('',(1.,0.,3.69820309923512E-13));
#6425=DIRECTION('center_axis',(0.,-1.,0.));
#6426=DIRECTION('ref_axis',(0.,0.,-1.));
#6427=DIRECTION('',(0.420064873230216,0.,-0.907494078370808));
#6428=DIRECTION('',(1.,0.,1.95189448913045E-14));
#6429=DIRECTION('',(0.698069317964417,0.,0.716030186037358));
#6430=DIRECTION('',(6.83244166078785E-14,0.,1.));
#6431=DIRECTION('center_axis',(0.,-1.,0.));
#6432=DIRECTION('ref_axis',(-4.01657608754638E-11,0.,-1.));
#6433=DIRECTION('center_axis',(0.,-1.,0.));
#6434=DIRECTION('ref_axis',(0.,0.,-1.));
#6435=DIRECTION('',(0.420064873230215,0.,-0.907494078370809));
#6436=DIRECTION('center_axis',(0.,-1.,0.));
#6437=DIRECTION('ref_axis',(-2.11931812774663E-11,0.,-1.));
#6438=DIRECTION('center_axis',(0.,1.,0.));
#6439=DIRECTION('ref_axis',(-2.11931812774663E-11,0.,-1.));
#6440=DIRECTION('',(0.,-1.,0.));
#6441=DIRECTION('',(0.,-1.,0.));
#6442=DIRECTION('center_axis',(4.59035876141991E-15,0.,-1.));
#6443=DIRECTION('ref_axis',(1.,0.,4.5852210917019E-15));
#6444=DIRECTION('',(1.,0.,4.59035876141991E-15));
#6445=DIRECTION('',(1.,0.,4.59035876141991E-15));
#6446=DIRECTION('',(0.,-1.,0.));
#6447=DIRECTION('',(0.,-1.,0.));
#6448=DIRECTION('center_axis',(0.907494078370809,0.,0.420064873230215));
#6449=DIRECTION('ref_axis',(-0.420064873230215,0.,0.907494078370809));
#6450=DIRECTION('',(-0.420064873230215,0.,0.907494078370809));
#6451=DIRECTION('',(0.,-1.,0.));
#6452=DIRECTION('',(-0.420064873230215,0.,0.907494078370809));
#6453=DIRECTION('center_axis',(0.907494078370808,0.,0.420064873230216));
#6454=DIRECTION('ref_axis',(-0.420064873230216,0.,0.907494078370808));
#6455=DIRECTION('',(-0.420064873230216,0.,0.907494078370808));
#6456=DIRECTION('',(0.,-1.,0.));
#6457=DIRECTION('',(0.,-1.,0.));
#6458=DIRECTION('',(-0.420064873230215,0.,0.907494078370808));
#6459=DIRECTION('center_axis',(0.,-1.,0.));
#6460=DIRECTION('ref_axis',(0.,0.,-1.));
#6461=DIRECTION('center_axis',(0.,1.,0.));
#6462=DIRECTION('ref_axis',(1.,0.,-3.78768329904851E-11));
#6463=DIRECTION('',(0.,0.,-1.));
#6464=DIRECTION('',(-0.698069317964417,0.,-0.716030186037358));
#6465=DIRECTION('',(-1.,0.,-1.95189448913045E-14));
#6466=DIRECTION('center_axis',(0.,-1.,0.));
#6467=DIRECTION('ref_axis',(0.,0.,-1.));
#6468=DIRECTION('',(-0.907494078370808,0.,-0.420064873230216));
#6469=DIRECTION('center_axis',(0.,-1.,0.));
#6470=DIRECTION('ref_axis',(0.,0.,-1.));
#6471=DIRECTION('center_axis',(0.,-1.,0.));
#6472=DIRECTION('ref_axis',(0.,0.,-1.));
#6473=DIRECTION('center_axis',(0.,-1.,0.));
#6474=DIRECTION('ref_axis',(0.,0.,-1.));
#6475=DIRECTION('',(-0.342020143316269,0.,-0.93969262078933));
#6476=DIRECTION('center_axis',(0.,-1.,0.));
#6477=DIRECTION('ref_axis',(0.939692620778041,0.,-0.342020143347285));
#6478=DIRECTION('',(-1.,0.,1.33493708274711E-11));
#6479=DIRECTION('',(-0.698069317973345,0.,0.716030186028654));
#6480=DIRECTION('center_axis',(0.,1.,0.));
#6481=DIRECTION('ref_axis',(-1.,0.,-4.39521383999691E-11));
#6482=DIRECTION('',(-8.06763473191028E-13,0.,1.));
#6483=DIRECTION('center_axis',(-0.942091731527342,0.,0.335355288295583));
#6484=DIRECTION('ref_axis',(0.335355288295583,0.,0.942091731527342));
#6485=DIRECTION('',(-0.335355288295583,0.,-0.942091731527342));
#6486=DIRECTION('',(0.,1.,0.));
#6487=DIRECTION('',(0.335355288295583,0.,0.942091731527342));
#6488=DIRECTION('',(0.,1.,0.));
#6489=DIRECTION('center_axis',(0.,1.,0.));
#6490=DIRECTION('ref_axis',(0.,0.,1.));
#6491=DIRECTION('',(-0.422618261740655,0.,0.906307787036671));
#6492=DIRECTION('center_axis',(0.,1.,0.));
#6493=DIRECTION('ref_axis',(-6.34414264615702E-13,0.,1.));
#6494=DIRECTION('',(-1.,0.,-1.69856176567117E-13));
#6495=DIRECTION('center_axis',(0.,1.,0.));
#6496=DIRECTION('ref_axis',(-0.944170676057623,0.,0.329456726252314));
#6497=DIRECTION('center_axis',(0.,-1.,0.));
#6498=DIRECTION('ref_axis',(-0.944170676057821,0.,0.329456726251745));
#6499=DIRECTION('',(-0.939692620786052,0.,0.342020143325275));
#6500=DIRECTION('center_axis',(0.,-1.,0.));
#6501=DIRECTION('ref_axis',(0.342020143324618,0.,0.939692620786291));
#6502=DIRECTION('',(0.342020143325309,0.,0.939692620786039));
#6503=DIRECTION('center_axis',(0.,-1.,0.));
#6504=DIRECTION('ref_axis',(0.939692620785879,0.,-0.342020143325749));
#6505=DIRECTION('',(0.938263206297064,0.,-0.345922181580126));
#6506=DIRECTION('center_axis',(0.,1.,0.));
#6507=DIRECTION('ref_axis',(0.244868249268462,0.,0.969556362724828));
#6508=DIRECTION('center_axis',(0.,-1.,0.));
#6509=DIRECTION('ref_axis',(0.244868249268539,0.,0.969556362724809));
#6510=DIRECTION('',(0.34202014332603,0.,0.939692620785777));
#6511=DIRECTION('center_axis',(0.,-1.,0.));
#6512=DIRECTION('ref_axis',(0.939692620786375,0.,-0.342020143324387));
#6513=DIRECTION('',(0.939692620785785,0.,-0.342020143326007));
#6514=DIRECTION('center_axis',(0.,-1.,0.));
#6515=DIRECTION('ref_axis',(-0.342020143324289,0.,-0.939692620786411));
#6516=DIRECTION('center_axis',(0.,1.,0.));
#6517=DIRECTION('ref_axis',(-0.356633426874067,0.,-0.934244399948996));
#6518=DIRECTION('',(0.757819096150578,0.,-0.652464725107435));
#6519=DIRECTION('center_axis',(0.,1.,0.));
#6520=DIRECTION('ref_axis',(0.411073840034678,0.,-0.911602050260498));
#6521=DIRECTION('',(0.911602050260671,0.,0.411073840034296));
#6522=DIRECTION('center_axis',(-0.411073840034296,0.,0.911602050260671));
#6523=DIRECTION('ref_axis',(0.911602050260671,0.,0.411073840034296));
#6524=DIRECTION('',(0.,1.,0.));
#6525=DIRECTION('',(0.,1.,0.));
#6526=DIRECTION('center_axis',(0.,1.,0.));
#6527=DIRECTION('ref_axis',(0.411073840034678,0.,-0.911602050260498));
#6528=DIRECTION('',(0.,1.,0.));
#6529=DIRECTION('center_axis',(0.652464725107436,0.,0.757819096150578));
#6530=DIRECTION('ref_axis',(0.757819096150578,0.,-0.652464725107436));
#6531=DIRECTION('',(0.,1.,0.));
#6532=DIRECTION('center_axis',(0.,1.,0.));
#6533=DIRECTION('ref_axis',(-0.356633426874067,0.,-0.934244399948996));
#6534=DIRECTION('',(0.,1.,0.));
#6535=DIRECTION('center_axis',(0.,1.,0.));
#6536=DIRECTION('ref_axis',(-0.342020143324289,0.,-0.939692620786411));
#6537=DIRECTION('',(0.,1.,0.));
#6538=DIRECTION('center_axis',(0.342020143326007,0.,0.939692620785785));
#6539=DIRECTION('ref_axis',(0.939692620785785,0.,-0.342020143326007));
#6540=DIRECTION('',(0.,1.,0.));
#6541=DIRECTION('center_axis',(0.,1.,0.));
#6542=DIRECTION('ref_axis',(0.939692620786375,0.,-0.342020143324387));
#6543=DIRECTION('',(0.,1.,0.));
#6544=DIRECTION('center_axis',(-0.939692620785777,0.,0.34202014332603));
#6545=DIRECTION('ref_axis',(0.34202014332603,0.,0.939692620785777));
#6546=DIRECTION('',(0.,1.,0.));
#6547=DIRECTION('center_axis',(0.,1.,0.));
#6548=DIRECTION('ref_axis',(0.244868249268539,0.,0.969556362724809));
#6549=DIRECTION('',(0.,1.,0.));
#6550=DIRECTION('center_axis',(0.,1.,0.));
#6551=DIRECTION('ref_axis',(0.244868249268462,0.,0.969556362724828));
#6552=DIRECTION('',(0.,1.,0.));
#6553=DIRECTION('center_axis',(0.345922181580125,0.,0.938263206297064));
#6554=DIRECTION('ref_axis',(0.938263206297064,0.,-0.345922181580125));
#6555=DIRECTION('',(0.,1.,0.));
#6556=DIRECTION('center_axis',(0.,1.,0.));
#6557=DIRECTION('ref_axis',(0.939692620785879,0.,-0.342020143325749));
#6558=DIRECTION('',(0.,1.,0.));
#6559=DIRECTION('center_axis',(-0.939692620786039,0.,0.342020143325309));
#6560=DIRECTION('ref_axis',(0.342020143325309,0.,0.939692620786039));
#6561=DIRECTION('',(0.,1.,0.));
#6562=DIRECTION('center_axis',(0.,1.,0.));
#6563=DIRECTION('ref_axis',(0.342020143324618,0.,0.939692620786291));
#6564=DIRECTION('',(0.,1.,0.));
#6565=DIRECTION('center_axis',(-0.342020143325275,0.,-0.939692620786052));
#6566=DIRECTION('ref_axis',(-0.939692620786052,0.,0.342020143325275));
#6567=DIRECTION('',(0.,1.,0.));
#6568=DIRECTION('center_axis',(0.,1.,0.));
#6569=DIRECTION('ref_axis',(-0.944170676057821,0.,0.329456726251745));
#6570=DIRECTION('',(0.,1.,0.));
#6571=DIRECTION('center_axis',(0.,1.,0.));
#6572=DIRECTION('ref_axis',(-0.944170676057623,0.,0.329456726252314));
#6573=DIRECTION('',(0.,1.,0.));
#6574=DIRECTION('center_axis',(1.69856176567117E-13,0.,-1.));
#6575=DIRECTION('ref_axis',(-1.,0.,-1.69819713846664E-13));
#6576=DIRECTION('',(0.,1.,0.));
#6577=DIRECTION('center_axis',(0.,1.,0.));
#6578=DIRECTION('ref_axis',(-6.34414264615702E-13,0.,1.));
#6579=DIRECTION('',(0.,1.,0.));
#6580=DIRECTION('center_axis',(-0.906307787036671,0.,-0.422618261740655));
#6581=DIRECTION('ref_axis',(-0.422618261740655,0.,0.90630778703667));
#6582=DIRECTION('',(0.,1.,0.));
#6583=DIRECTION('center_axis',(0.,1.,0.));
#6584=DIRECTION('ref_axis',(-4.01657608754638E-11,0.,-1.));
#6585=DIRECTION('',(0.,1.,0.));
#6586=DIRECTION('center_axis',(0.,-1.,0.));
#6587=DIRECTION('ref_axis',(-4.01657608754638E-11,0.,-1.));
#6588=DIRECTION('',(0.,1.,0.));
#6589=DIRECTION('center_axis',(-3.69820309923512E-13,0.,1.));
#6590=DIRECTION('ref_axis',(1.,0.,3.69837493963132E-13));
#6591=DIRECTION('',(1.,0.,3.69820309923512E-13));
#6592=DIRECTION('center_axis',(1.,0.,8.06763473191028E-13));
#6593=DIRECTION('ref_axis',(8.06821276455594E-13,0.,-1.));
#6594=DIRECTION('',(8.06763473191028E-13,0.,-1.));
#6595=DIRECTION('',(0.,1.,0.));
#6596=DIRECTION('center_axis',(0.,1.,0.));
#6597=DIRECTION('ref_axis',(-0.741553498432057,0.,0.670893738950646));
#6598=DIRECTION('center_axis',(0.,-1.,0.));
#6599=DIRECTION('ref_axis',(-0.741553498432057,0.,0.670893738950646));
#6600=DIRECTION('',(0.,1.,0.));
#6601=DIRECTION('center_axis',(0.716030186028654,0.,0.698069317973345));
#6602=DIRECTION('ref_axis',(0.698069317973345,0.,-0.716030186028654));
#6603=DIRECTION('',(0.698069317973345,0.,-0.716030186028654));
#6604=DIRECTION('',(0.,1.,0.));
#6605=DIRECTION('center_axis',(1.33493708274711E-11,0.,1.));
#6606=DIRECTION('ref_axis',(1.,0.,-1.33493216480929E-11));
#6607=DIRECTION('',(1.,0.,-1.33493708274711E-11));
#6608=DIRECTION('',(0.,1.,0.));
#6609=DIRECTION('center_axis',(0.,1.,0.));
#6610=DIRECTION('ref_axis',(5.58885354702097E-11,0.,-1.));
#6611=DIRECTION('center_axis',(0.,1.,0.));
#6612=DIRECTION('ref_axis',(5.58885354702097E-11,0.,-1.));
#6613=DIRECTION('',(0.,1.,0.));
#6614=DIRECTION('center_axis',(-0.93969262078933,0.,0.342020143316269));
#6615=DIRECTION('ref_axis',(0.342020143316269,0.,0.93969262078933));
#6616=DIRECTION('',(0.342020143316269,0.,0.93969262078933));
#6617=DIRECTION('',(0.,1.,0.));
#6618=DIRECTION('center_axis',(-0.906307787033735,0.,-0.42261826174695));
#6619=DIRECTION('ref_axis',(-0.42261826174695,0.,0.906307787033735));
#6620=DIRECTION('',(-0.42261826174695,0.,0.906307787033735));
#6621=DIRECTION('',(0.,1.,0.));
#6622=DIRECTION('center_axis',(0.,1.,0.));
#6623=DIRECTION('ref_axis',(0.342020143362189,0.,0.939692620772616));
#6624=DIRECTION('center_axis',(0.,-1.,0.));
#6625=DIRECTION('ref_axis',(0.342020143362189,0.,0.939692620772616));
#6626=DIRECTION('',(0.,1.,0.));
#6627=DIRECTION('center_axis',(-0.342020143330158,0.,-0.939692620784275));
#6628=DIRECTION('ref_axis',(-0.939692620784275,0.,0.342020143330158));
#6629=DIRECTION('',(-0.939692620784275,0.,0.342020143330158));
#6630=DIRECTION('',(0.,1.,0.));
#6631=DIRECTION('center_axis',(0.,1.,0.));
#6632=DIRECTION('ref_axis',(0.939692620650012,0.,-0.342020143699041));
#6633=DIRECTION('center_axis',(0.,-1.,0.));
#6634=DIRECTION('ref_axis',(0.939692620650012,0.,-0.342020143699041));
#6635=DIRECTION('center_axis',(-0.110223769797554,0.,0.993906796722719));
#6636=DIRECTION('ref_axis',(0.993906796722719,0.,0.110223769797554));
#6637=DIRECTION('',(0.993906796722719,0.,0.110223769797554));
#6638=DIRECTION('',(0.,1.,0.));
#6639=DIRECTION('center_axis',(1.,0.,0.));
#6640=DIRECTION('ref_axis',(0.,0.,-1.));
#6641=DIRECTION('',(0.,0.,-1.));
#6642=DIRECTION('',(0.,1.,0.));
#6643=DIRECTION('center_axis',(-0.411073840120289,0.,0.911602050221893));
#6644=DIRECTION('ref_axis',(0.911602050221893,0.,0.411073840120289));
#6645=DIRECTION('',(0.911602050221893,0.,0.411073840120289));
#6646=DIRECTION('',(0.,1.,0.));
#6647=DIRECTION('center_axis',(-0.939692620810242,0.,0.342020143258814));
#6648=DIRECTION('ref_axis',(0.342020143258814,0.,0.939692620810241));
#6649=DIRECTION('',(0.342020143258814,0.,0.939692620810242));
#6650=DIRECTION('',(0.,1.,0.));
#6651=DIRECTION('center_axis',(0.,1.,0.));
#6652=DIRECTION('ref_axis',(0.939692620786663,0.,-0.342020143323594));
#6653=DIRECTION('center_axis',(0.,1.,0.));
#6654=DIRECTION('ref_axis',(0.939692620786663,0.,-0.342020143323594));
#6655=DIRECTION('',(0.,1.,0.));
#6656=DIRECTION('center_axis',(-1.,0.,-4.41848678923789E-15));
#6657=DIRECTION('ref_axis',(-4.2632564145606E-15,0.,1.));
#6658=DIRECTION('',(-4.41848678923789E-15,0.,1.));
#6659=DIRECTION('center_axis',(0.907494078370809,0.,0.420064873230215));
#6660=DIRECTION('ref_axis',(0.420064873230215,0.,-0.907494078370809));
#6661=DIRECTION('',(0.420064873230215,0.,-0.907494078370809));
#6662=DIRECTION('',(0.,1.,0.));
#6663=DIRECTION('center_axis',(-0.420064873230216,0.,0.907494078370808));
#6664=DIRECTION('ref_axis',(0.907494078370809,0.,0.420064873230216));
#6665=DIRECTION('',(0.907494078370808,0.,0.420064873230216));
#6666=DIRECTION('',(0.,1.,0.));
#6667=DIRECTION('center_axis',(0.907494078370808,0.,0.420064873230216));
#6668=DIRECTION('ref_axis',(0.420064873230216,0.,-0.907494078370809));
#6669=DIRECTION('',(0.420064873230215,0.,-0.907494078370808));
#6670=DIRECTION('',(0.,1.,0.));
#6671=DIRECTION('center_axis',(-1.95189448913045E-14,0.,1.));
#6672=DIRECTION('ref_axis',(1.,0.,1.95399252334028E-14));
#6673=DIRECTION('',(1.,0.,1.95189448913045E-14));
#6674=DIRECTION('',(0.,1.,0.));
#6675=DIRECTION('center_axis',(-0.716030186037358,0.,0.698069317964417));
#6676=DIRECTION('ref_axis',(0.698069317964417,0.,0.716030186037358));
#6677=DIRECTION('',(0.698069317964417,0.,0.716030186037358));
#6678=DIRECTION('',(0.,1.,0.));
#6679=DIRECTION('center_axis',(-1.,0.,6.83244166078785E-14));
#6680=DIRECTION('ref_axis',(6.82121026329696E-14,0.,1.));
#6681=DIRECTION('',(6.83244166078785E-14,0.,1.));
#6682=DIRECTION('center_axis',(-0.716030186037358,0.,0.698069317964417));
#6683=DIRECTION('ref_axis',(-0.698069317964417,0.,-0.716030186037358));
#6684=DIRECTION('',(0.,-1.,0.));
#6685=DIRECTION('',(0.,-1.,0.));
#6686=DIRECTION('center_axis',(-1.95189448913045E-14,0.,1.));
#6687=DIRECTION('ref_axis',(-1.,0.,-1.95399252334028E-14));
#6688=DIRECTION('center_axis',(-0.420064873230216,0.,0.907494078370808));
#6689=DIRECTION('ref_axis',(-0.907494078370808,0.,-0.420064873230216));
#6690=DIRECTION('center_axis',(-1.,0.,-4.41848678923789E-15));
#6691=DIRECTION('ref_axis',(4.2632564145606E-15,0.,-1.));
#6692=DIRECTION('',(0.,-1.,0.));
#6693=DIRECTION('center_axis',(0.,-1.,0.));
#6694=DIRECTION('ref_axis',(1.,0.,-9.06112476728552E-11));
#6695=DIRECTION('',(0.,-1.,0.));
#6696=DIRECTION('center_axis',(-0.939692620810242,0.,0.342020143258814));
#6697=DIRECTION('ref_axis',(-0.342020143258814,0.,-0.939692620810241));
#6698=DIRECTION('',(0.,-1.,0.));
#6699=DIRECTION('center_axis',(-0.411073840120289,0.,0.911602050221893));
#6700=DIRECTION('ref_axis',(-0.911602050221893,0.,-0.411073840120288));
#6701=DIRECTION('',(0.,-1.,0.));
#6702=DIRECTION('center_axis',(1.,0.,0.));
#6703=DIRECTION('ref_axis',(0.,0.,1.));
#6704=DIRECTION('',(0.,-1.,0.));
#6705=DIRECTION('center_axis',(-0.110223769797553,0.,0.993906796722719));
#6706=DIRECTION('ref_axis',(-0.993906796722719,0.,-0.110223769797553));
#6707=DIRECTION('',(0.,-1.,0.));
#6708=DIRECTION('center_axis',(-0.939692620796245,0.,0.342020143297269));
#6709=DIRECTION('ref_axis',(-0.34202014329727,0.,-0.939692620796245));
#6710=DIRECTION('',(0.,-1.,0.));
#6711=DIRECTION('center_axis',(0.,-1.,0.));
#6712=DIRECTION('ref_axis',(0.342020143279207,0.,0.939692620802819));
#6713=DIRECTION('',(0.,-1.,0.));
#6714=DIRECTION('center_axis',(-0.342020143330158,0.,-0.939692620784275));
#6715=DIRECTION('ref_axis',(0.939692620784275,0.,-0.342020143330158));
#6716=DIRECTION('',(0.,-1.,0.));
#6717=DIRECTION('center_axis',(0.,-1.,0.));
#6718=DIRECTION('ref_axis',(-0.385077882453064,0.,0.922884079635934));
#6719=DIRECTION('',(0.,-1.,0.));
#6720=DIRECTION('center_axis',(-0.906307787033735,0.,-0.42261826174695));
#6721=DIRECTION('ref_axis',(0.42261826174695,0.,-0.906307787033735));
#6722=DIRECTION('',(0.,-1.,0.));
#6723=DIRECTION('center_axis',(-0.93969262078933,0.,0.342020143316269));
#6724=DIRECTION('ref_axis',(-0.342020143316269,0.,-0.93969262078933));
#6725=DIRECTION('',(0.,-1.,0.));
#6726=DIRECTION('center_axis',(0.,-1.,0.));
#6727=DIRECTION('ref_axis',(0.939692620778041,0.,-0.342020143347285));
#6728=DIRECTION('',(0.,-1.,0.));
#6729=DIRECTION('center_axis',(1.33493708274711E-11,0.,1.));
#6730=DIRECTION('ref_axis',(-1.,0.,1.33493216480929E-11));
#6731=DIRECTION('',(0.,-1.,0.));
#6732=DIRECTION('center_axis',(0.716030186028654,0.,0.698069317973345));
#6733=DIRECTION('ref_axis',(-0.698069317973345,0.,0.716030186028654));
#6734=DIRECTION('',(0.,-1.,0.));
#6735=DIRECTION('center_axis',(0.,-1.,0.));
#6736=DIRECTION('ref_axis',(-1.,0.,-4.39521383999691E-11));
#6737=DIRECTION('',(0.,-1.,0.));
#6738=DIRECTION('center_axis',(1.,0.,8.06763473191028E-13));
#6739=DIRECTION('ref_axis',(-8.06821276455594E-13,0.,1.));
#6740=DIRECTION('center_axis',(-3.69820309923512E-13,0.,1.));
#6741=DIRECTION('ref_axis',(-1.,0.,-3.69837493963132E-13));
#6742=DIRECTION('',(0.,-1.,0.));
#6743=DIRECTION('center_axis',(0.,-1.,0.));
#6744=DIRECTION('ref_axis',(1.,0.,-3.78768329904851E-11));
#6745=DIRECTION('',(0.,-1.,0.));
#6746=DIRECTION('center_axis',(-1.,0.,2.07241993093561E-13));
#6747=DIRECTION('ref_axis',(-2.07123207474069E-13,0.,-1.));
#6748=DIRECTION('center_axis',(0.,1.,0.));
#6749=DIRECTION('ref_axis',(8.88179970462367E-15,0.,1.));
#6750=DIRECTION('center_axis',(0.,-1.,0.));
#6751=DIRECTION('ref_axis',(8.88179970462367E-15,0.,1.));
#6752=DIRECTION('',(0.,1.,0.));
#6753=DIRECTION('',(0.,1.,0.));
#6754=DIRECTION('center_axis',(-7.2164622600075E-15,0.,-1.));
#6755=DIRECTION('ref_axis',(-1.,0.,7.23865412055602E-15));
#6756=DIRECTION('',(1.,0.,-7.2164622600075E-15));
#6757=DIRECTION('',(0.,1.,0.));
#6758=DIRECTION('center_axis',(0.,1.,0.));
#6759=DIRECTION('ref_axis',(-1.,0.,1.17406289845481E-13));
#6760=DIRECTION('center_axis',(0.,-1.,0.));
#6761=DIRECTION('ref_axis',(-1.,0.,1.17406289845481E-13));
#6762=DIRECTION('',(0.,1.,0.));
#6763=DIRECTION('center_axis',(1.,0.,4.86973268778589E-13));
#6764=DIRECTION('ref_axis',(4.86721773995669E-13,0.,-1.));
#6765=DIRECTION('',(-4.86973268778589E-13,0.,1.));
#6766=DIRECTION('',(0.,1.,0.));
#6767=DIRECTION('center_axis',(0.,1.,0.));
#6768=DIRECTION('ref_axis',(-0.158777227604802,0.,-0.987314434207326));
#6769=DIRECTION('center_axis',(0.,-1.,0.));
#6770=DIRECTION('ref_axis',(-0.158777227604802,0.,-0.987314434207326));
#6771=DIRECTION('',(0.,1.,0.));
#6772=DIRECTION('center_axis',(0.158777227604567,0.,0.987314434207364));
#6773=DIRECTION('ref_axis',(0.987314434207364,0.,-0.158777227604567));
#6774=DIRECTION('',(-0.987314434207364,0.,0.158777227604567));
#6775=DIRECTION('',(0.,1.,0.));
#6776=DIRECTION('center_axis',(1.,0.,-7.40149975385385E-15));
#6777=DIRECTION('ref_axis',(-7.105427357601E-15,0.,-1.));
#6778=DIRECTION('',(7.40149975385385E-15,0.,1.));
#6779=DIRECTION('',(0.,1.,0.));
#6780=DIRECTION('center_axis',(1.47466663634805E-31,0.,-1.));
#6781=DIRECTION('ref_axis',(-1.,0.,-1.47466663634805E-31));
#6782=DIRECTION('',(1.,0.,1.47466663634805E-31));
#6783=DIRECTION('',(0.,1.,0.));
#6784=DIRECTION('center_axis',(0.,1.,0.));
#6785=DIRECTION('ref_axis',(-0.500000000000163,0.,0.866025403784345));
#6786=DIRECTION('center_axis',(0.,-1.,0.));
#6787=DIRECTION('ref_axis',(-0.500000000000163,0.,0.866025403784345));
#6788=DIRECTION('',(0.,1.,0.));
#6789=DIRECTION('center_axis',(0.499999999999915,0.,-0.866025403784488));
#6790=DIRECTION('ref_axis',(-0.866025403784488,0.,-0.499999999999915));
#6791=DIRECTION('',(0.866025403784488,0.,0.499999999999915));
#6792=DIRECTION('center_axis',(0.,1.,0.));
#6793=DIRECTION('ref_axis',(0.866025403784393,0.,0.50000000000008));
#6794=DIRECTION('center_axis',(0.,-1.,0.));
#6795=DIRECTION('ref_axis',(0.866025403784393,0.,0.50000000000008));
#6796=DIRECTION('',(0.,1.,0.));
#6797=DIRECTION('center_axis',(-0.866025403784871,0.,-0.499999999999251));
#6798=DIRECTION('ref_axis',(-0.499999999999251,0.,0.866025403784871));
#6799=DIRECTION('',(0.499999999999251,0.,-0.866025403784871));
#6800=DIRECTION('',(0.,1.,0.));
#6801=DIRECTION('center_axis',(0.,1.,0.));
#6802=DIRECTION('ref_axis',(-0.500000000000048,0.,0.866025403784411));
#6803=DIRECTION('center_axis',(0.,-1.,0.));
#6804=DIRECTION('ref_axis',(-0.500000000000048,0.,0.866025403784411));
#6805=DIRECTION('',(0.,1.,0.));
#6806=DIRECTION('center_axis',(0.500000000000044,0.,-0.866025403784413));
#6807=DIRECTION('ref_axis',(-0.866025403784413,0.,-0.500000000000045));
#6808=DIRECTION('',(0.866025403784413,0.,0.500000000000044));
#6809=DIRECTION('',(0.,1.,0.));
#6810=DIRECTION('center_axis',(0.,1.,0.));
#6811=DIRECTION('ref_axis',(-0.866025403784563,0.,-0.499999999999785));
#6812=DIRECTION('center_axis',(0.,-1.,0.));
#6813=DIRECTION('ref_axis',(-0.866025403784563,0.,-0.499999999999785));
#6814=DIRECTION('',(0.,1.,0.));
#6815=DIRECTION('center_axis',(0.866025403784434,0.,0.500000000000009));
#6816=DIRECTION('ref_axis',(0.500000000000009,0.,-0.866025403784434));
#6817=DIRECTION('',(-0.500000000000009,0.,0.866025403784434));
#6818=DIRECTION('',(0.,1.,0.));
#6819=DIRECTION('center_axis',(0.,1.,0.));
#6820=DIRECTION('ref_axis',(-0.866025403784908,0.,-0.499999999999187));
#6821=DIRECTION('center_axis',(0.,1.,0.));
#6822=DIRECTION('ref_axis',(-0.866025403784908,0.,-0.499999999999187));
#6823=DIRECTION('',(0.,1.,0.));
#6824=DIRECTION('center_axis',(0.866025403784553,0.,-0.499999999999802));
#6825=DIRECTION('ref_axis',(-0.499999999999802,0.,-0.866025403784553));
#6826=DIRECTION('',(0.499999999999802,0.,0.866025403784553));
#6827=DIRECTION('',(0.,1.,0.));
#6828=DIRECTION('center_axis',(0.,1.,0.));
#6829=DIRECTION('ref_axis',(-0.866025403784506,0.,-0.499999999999884));
#6830=DIRECTION('center_axis',(0.,-1.,0.));
#6831=DIRECTION('ref_axis',(-0.866025403784506,0.,-0.499999999999884));
#6832=DIRECTION('',(0.,1.,0.));
#6833=DIRECTION('center_axis',(0.866025403784502,0.,0.49999999999989));
#6834=DIRECTION('ref_axis',(0.49999999999989,0.,-0.866025403784502));
#6835=DIRECTION('',(-0.49999999999989,0.,0.866025403784502));
#6836=DIRECTION('',(0.,1.,0.));
#6837=DIRECTION('center_axis',(0.,1.,0.));
#6838=DIRECTION('ref_axis',(-0.258819035572614,0.,-0.965925828842599));
#6839=DIRECTION('center_axis',(0.,-1.,0.));
#6840=DIRECTION('ref_axis',(-0.258819035572614,0.,-0.965925828842599));
#6841=DIRECTION('',(0.,1.,0.));
#6842=DIRECTION('center_axis',(0.258819045102632,0.,0.965925826289039));
#6843=DIRECTION('ref_axis',(0.965925826289038,0.,-0.258819045102632));
#6844=DIRECTION('',(0.,1.,0.));
#6845=DIRECTION('center_axis',(0.,1.,0.));
#6846=DIRECTION('ref_axis',(0.766044443118724,0.,-0.642787609686842));
#6847=DIRECTION('',(0.,1.,0.));
#6848=DIRECTION('center_axis',(-0.766044443118306,0.,0.64278760968734));
#6849=DIRECTION('ref_axis',(0.64278760968734,0.,0.766044443118306));
#6850=DIRECTION('',(0.,1.,0.));
#6851=DIRECTION('center_axis',(0.,1.,0.));
#6852=DIRECTION('ref_axis',(0.859279706390151,0.,0.511505998191669));
#6853=DIRECTION('',(0.,1.,0.));
#6854=DIRECTION('center_axis',(0.,1.,0.));
#6855=DIRECTION('ref_axis',(0.859279706392602,0.,0.511505998187552));
#6856=DIRECTION('',(0.,1.,0.));
#6857=DIRECTION('center_axis',(-0.499999999999794,0.,0.866025403784558));
#6858=DIRECTION('ref_axis',(0.866025403784557,0.,0.499999999999794));
#6859=DIRECTION('',(0.,1.,0.));
#6860=DIRECTION('center_axis',(0.,1.,0.));
#6861=DIRECTION('ref_axis',(0.499999999999749,0.,-0.866025403784584));
#6862=DIRECTION('',(0.,1.,0.));
#6863=DIRECTION('center_axis',(0.866025403784682,0.,0.499999999999579));
#6864=DIRECTION('ref_axis',(0.499999999999579,0.,-0.866025403784682));
#6865=DIRECTION('',(0.,1.,0.));
#6866=DIRECTION('center_axis',(0.,1.,0.));
#6867=DIRECTION('ref_axis',(-0.866025403784151,0.,-0.500000000000498));
#6868=DIRECTION('',(0.,1.,0.));
#6869=DIRECTION('center_axis',(0.496396823132908,0.,-0.868095728582716));
#6870=DIRECTION('ref_axis',(-0.868095728582716,0.,-0.496396823132908));
#6871=DIRECTION('',(0.,1.,0.));
#6872=DIRECTION('center_axis',(0.,1.,0.));
#6873=DIRECTION('ref_axis',(0.585324987320399,0.,-0.810798778500791));
#6874=DIRECTION('center_axis',(0.866025403784374,0.,0.500000000000112));
#6875=DIRECTION('ref_axis',(0.500000000000112,0.,-0.866025403784374));
#6876=DIRECTION('',(-0.500000000000112,0.,0.866025403784374));
#6877=DIRECTION('',(0.,1.,0.));
#6878=DIRECTION('center_axis',(0.,1.,0.));
#6879=DIRECTION('ref_axis',(-9.14825369576311E-13,0.,-1.));
#6880=DIRECTION('center_axis',(0.,-1.,0.));
#6881=DIRECTION('ref_axis',(-9.14825369576311E-13,0.,-1.));
#6882=DIRECTION('',(0.,1.,0.));
#6883=DIRECTION('center_axis',(1.80758808124918E-13,0.,1.));
#6884=DIRECTION('ref_axis',(1.,0.,-1.80833126250945E-13));
#6885=DIRECTION('',(-1.,0.,1.80758808124918E-13));
#6886=DIRECTION('',(0.,1.,0.));
#6887=DIRECTION('center_axis',(0.,1.,0.));
#6888=DIRECTION('ref_axis',(-8.88179970462892E-15,0.,-1.));
#6889=DIRECTION('center_axis',(0.,1.,0.));
#6890=DIRECTION('ref_axis',(-8.88179970462892E-15,0.,-1.));
#6891=DIRECTION('',(0.,1.,0.));
#6892=DIRECTION('center_axis',(0.866025403784456,0.,0.499999999999969));
#6893=DIRECTION('ref_axis',(0.499999999999969,0.,-0.866025403784456));
#6894=DIRECTION('',(-0.499999999999969,0.,0.866025403784456));
#6895=DIRECTION('',(0.,1.,0.));
#6896=DIRECTION('center_axis',(0.,1.,0.));
#6897=DIRECTION('ref_axis',(1.15463396160094E-13,0.,-1.));
#6898=DIRECTION('center_axis',(0.,-1.,0.));
#6899=DIRECTION('ref_axis',(1.15463396160094E-13,0.,-1.));
#6900=DIRECTION('',(0.,1.,0.));
#6901=DIRECTION('center_axis',(-1.9547605080416E-14,0.,1.));
#6902=DIRECTION('ref_axis',(1.,0.,1.95399252334028E-14));
#6903=DIRECTION('',(-1.,0.,-1.9547605080416E-14));
#6904=DIRECTION('',(0.,1.,0.));
#6905=DIRECTION('',(0.,1.,0.));
#6906=DIRECTION('center_axis',(0.,1.,0.));
#6907=DIRECTION('ref_axis',(0.716030186036966,0.,-0.698069317964819));
#6908=DIRECTION('',(0.,1.,0.));
#6909=DIRECTION('center_axis',(-0.716030186037356,0.,0.698069317964419));
#6910=DIRECTION('ref_axis',(0.698069317964419,0.,0.716030186037356));
#6911=DIRECTION('',(0.,1.,0.));
#6912=DIRECTION('center_axis',(0.,1.,0.));
#6913=DIRECTION('ref_axis',(0.939692620786267,0.,0.342020143324683));
#6914=DIRECTION('',(0.,1.,0.));
#6915=DIRECTION('center_axis',(-0.939692620786314,0.,-0.342020143324556));
#6916=DIRECTION('ref_axis',(-0.342020143324556,0.,0.939692620786314));
#6917=DIRECTION('',(0.,1.,0.));
#6918=DIRECTION('center_axis',(0.,1.,0.));
#6919=DIRECTION('ref_axis',(-0.0133373354259681,0.,0.999911053786153));
#6920=DIRECTION('',(0.,1.,0.));
#6921=DIRECTION('center_axis',(0.,1.,0.));
#6922=DIRECTION('ref_axis',(-0.0133373354217319,0.,0.99991105378621));
#6923=DIRECTION('',(0.,1.,0.));
#6924=DIRECTION('center_axis',(-1.,0.,2.07241993107952E-13));
#6925=DIRECTION('ref_axis',(2.07123207474069E-13,0.,1.));
#6926=DIRECTION('',(0.,1.,0.));
#6927=DIRECTION('center_axis',(0.,1.,0.));
#6928=DIRECTION('ref_axis',(1.,0.,0.));
#6929=DIRECTION('',(0.,1.,0.));
#6930=DIRECTION('center_axis',(-3.69820309903932E-13,0.,1.));
#6931=DIRECTION('ref_axis',(1.,0.,3.69837493963132E-13));
#6932=DIRECTION('',(0.,1.,0.));
#6933=DIRECTION('center_axis',(0.,1.,0.));
#6934=DIRECTION('ref_axis',(-8.88179970462039E-15,0.,-1.));
#6935=DIRECTION('',(0.,1.,0.));
#6936=DIRECTION('center_axis',(0.999991365435843,0.,-0.00415560510126865));
#6937=DIRECTION('ref_axis',(-0.00415560510126873,0.,-0.999991365435843));
#6938=DIRECTION('center_axis',(0.,1.,0.));
#6939=DIRECTION('ref_axis',(0.939692620785908,0.,-0.342020143325671));
#6940=DIRECTION('center_axis',(0.,-1.,0.));
#6941=DIRECTION('ref_axis',(0.939692620785908,0.,-0.342020143325671));
#6942=DIRECTION('',(0.,1.,0.));
#6943=DIRECTION('center_axis',(-0.939692620785891,0.,0.342020143325716));
#6944=DIRECTION('ref_axis',(0.342020143325716,0.,0.939692620785891));
#6945=DIRECTION('',(-0.342020143325716,0.,-0.939692620785891));
#6946=DIRECTION('center_axis',(0.,1.,0.));
#6947=DIRECTION('ref_axis',(0.93969262078593,0.,-0.34202014332561));
#6948=DIRECTION('center_axis',(0.,-1.,0.));
#6949=DIRECTION('ref_axis',(0.93969262078593,0.,-0.34202014332561));
#6950=DIRECTION('',(0.,1.,0.));
#6951=DIRECTION('center_axis',(-0.939692620785913,0.,0.342020143325656));
#6952=DIRECTION('ref_axis',(0.342020143325656,0.,0.939692620785913));
#6953=DIRECTION('',(-0.342020143325656,0.,-0.939692620785913));
#6954=DIRECTION('',(0.,1.,0.));
#6955=DIRECTION('center_axis',(0.,1.,0.));
#6956=DIRECTION('ref_axis',(1.,0.,-2.99020590055629E-13));
#6957=DIRECTION('center_axis',(0.,-1.,0.));
#6958=DIRECTION('ref_axis',(1.,0.,-2.99020590055629E-13));
#6959=DIRECTION('',(0.,1.,0.));
#6960=DIRECTION('center_axis',(-1.,0.,-4.10539361622601E-15));
#6961=DIRECTION('ref_axis',(-4.2632564145606E-15,0.,1.));
#6962=DIRECTION('',(4.10539361622601E-15,0.,-1.));
#6963=DIRECTION('center_axis',(0.,1.,0.));
#6964=DIRECTION('ref_axis',(0.,0.,1.));
#6965=CARTESIAN_POINT('',(0.,0.,0.));
#6966=CARTESIAN_POINT('Origin',(5.32279706796556,4.4,-2.40655620396552));
#6967=CARTESIAN_POINT('',(6.88163848534845,7.6,-1.50655869201555));
#6968=CARTESIAN_POINT('',(6.88163848534845,1.2,-1.50655869201555));
#6969=CARTESIAN_POINT('',(6.88163848534845,7.6,-1.50655869201555));
#6970=CARTESIAN_POINT('',(3.76395565058268,1.2,-3.30655371591548));
#6971=CARTESIAN_POINT('',(6.88163848534845,1.2,-1.50655869201555));
#6972=CARTESIAN_POINT('',(3.76395565058268,7.6,-3.30655371591548));
#6973=CARTESIAN_POINT('',(3.76395565058268,1.2,-3.30655371591548));
#6974=CARTESIAN_POINT('',(3.76395565058268,7.6,-3.30655371591548));
#6975=CARTESIAN_POINT('',(5.82046220764757,4.,-2.11922910160381));
#6976=CARTESIAN_POINT('Origin',(4.94527178876008,4.,-2.6245205255407));
#6977=CARTESIAN_POINT('Origin',(5.07279706796556,4.4,-1.9735435020733));
#6978=CARTESIAN_POINT('',(6.63163848534844,1.2,-1.07354599012333));
#6979=CARTESIAN_POINT('',(6.63163848534844,7.6,-1.07354599012333));
#6980=CARTESIAN_POINT('',(6.63163848534844,7.6,-1.07354599012333));
#6981=CARTESIAN_POINT('',(3.51395565058268,7.6,-2.87354101402327));
#6982=CARTESIAN_POINT('',(3.51395565058268,7.6,-2.87354101402327));
#6983=CARTESIAN_POINT('',(3.51395565058268,1.2,-2.87354101402327));
#6984=CARTESIAN_POINT('',(3.51395565058268,1.2,-2.87354101402327));
#6985=CARTESIAN_POINT('',(6.63163848534844,1.2,-1.07354599012333));
#6986=CARTESIAN_POINT('',(5.54254239592632,4.,-1.70233591052458));
#6987=CARTESIAN_POINT('Origin',(4.66735197703883,4.,-2.20762733446147));
#6988=CARTESIAN_POINT('Origin',(3.76395565058268,1.2,-3.30655371591548));
#6989=CARTESIAN_POINT('',(6.88163848534845,1.2,-1.50655869201555));
#6990=CARTESIAN_POINT('',(3.76395565058268,1.2,-3.30655371591548));
#6991=CARTESIAN_POINT('Origin',(3.76395565058268,7.6,-3.30655371591548));
#6992=CARTESIAN_POINT('',(3.76395565058268,7.6,-3.30655371591548));
#6993=CARTESIAN_POINT('Origin',(6.88163848534845,7.6,-1.50655869201555));
#6994=CARTESIAN_POINT('',(6.88163848534845,7.6,-1.50655869201555));
#6995=CARTESIAN_POINT('Origin',(6.88163848534845,1.2,-1.50655869201555));
#6996=CARTESIAN_POINT('Ctrl Pts',(3.13167515385157,4.,1.91408183095332));
#6997=CARTESIAN_POINT('Ctrl Pts',(3.13167515385157,3.,1.91408183095332));
#6998=CARTESIAN_POINT('Ctrl Pts',(2.29255351670169,3.,1.35468548580265));
#6999=CARTESIAN_POINT('Ctrl Pts',(1.45343187955181,3.,0.795289140651984));
#7000=CARTESIAN_POINT('Ctrl Pts',(1.45343187955181,4.,0.795289140651984));
#7001=CARTESIAN_POINT('Ctrl Pts',(1.45343187955181,5.,0.795289140651984));
#7002=CARTESIAN_POINT('Ctrl Pts',(2.29255351670169,5.,1.35468548580265));
#7003=CARTESIAN_POINT('Ctrl Pts',(3.13167515385157,5.,1.91408183095332));
#7004=CARTESIAN_POINT('Ctrl Pts',(3.13167515385157,4.,1.91408183095332));
#7005=CARTESIAN_POINT('Ctrl Pts',(5.54254239592632,4.,-1.70233591052459));
#7006=CARTESIAN_POINT('Ctrl Pts',(5.54254239592632,3.,-1.70233591052459));
#7007=CARTESIAN_POINT('Ctrl Pts',(4.70342075877644,3.,-2.26173225567526));
#7008=CARTESIAN_POINT('Ctrl Pts',(3.86429912162655,3.,-2.82112860082593));
#7009=CARTESIAN_POINT('Ctrl Pts',(3.86429912162655,4.,-2.82112860082593));
#7010=CARTESIAN_POINT('Ctrl Pts',(3.86429912162655,5.,-2.82112860082593));
#7011=CARTESIAN_POINT('Ctrl Pts',(4.70342075877644,5.,-2.26173225567526));
#7012=CARTESIAN_POINT('Ctrl Pts',(5.54254239592632,5.,-1.70233591052459));
#7013=CARTESIAN_POINT('Ctrl Pts',(5.54254239592632,4.,-1.70233591052459));
#7014=CARTESIAN_POINT('',(3.13167515385157,4.,1.91408183095332));
#7015=CARTESIAN_POINT('Ctrl Pts',(5.54254239592632,4.,-1.70233591052459));
#7016=CARTESIAN_POINT('Ctrl Pts',(3.13167515385157,4.,1.91408183095332));
#7017=CARTESIAN_POINT('',(2.29255351670169,3.,1.35468548580265));
#7018=CARTESIAN_POINT('Origin',(2.29255351670169,4.,1.35468548580265));
#7019=CARTESIAN_POINT('',(2.29255351670169,5.,1.35468548580265));
#7020=CARTESIAN_POINT('Origin',(2.29255351670169,4.,1.35468548580265));
#7021=CARTESIAN_POINT('Origin',(2.29255351670169,4.,1.35468548580265));
#7022=CARTESIAN_POINT('Origin',(4.04254548906892,0.,-4.58908547064603));
#7023=CARTESIAN_POINT('',(0.664134986008704,0.8,0.306088378814251));
#7024=CARTESIAN_POINT('',(4.04254548906892,0.8,-4.58908547064603));
#7025=CARTESIAN_POINT('',(3.19151888324516,0.8,-3.35598393302949));
#7026=CARTESIAN_POINT('',(4.04254548906892,0.,-4.58908547064603));
#7027=CARTESIAN_POINT('',(4.04254548906892,0.,-4.58908547064603));
#7028=CARTESIAN_POINT('',(0.664134986008704,0.,0.306088378814251));
#7029=CARTESIAN_POINT('',(0.664134986008704,0.,0.306088378814251));
#7030=CARTESIAN_POINT('',(0.664134986008704,0.,0.306088378814252));
#7031=CARTESIAN_POINT('Origin',(4.25859181643547,0.8,-0.799103541423001));
#7032=CARTESIAN_POINT('',(4.74692219200516,0.8,2.99087838780002));
#7033=CARTESIAN_POINT('',(1.07827040851731,0.8,0.545189576480498));
#7034=CARTESIAN_POINT('',(3.70328105014879,0.800000000000001,2.29514011273151));
#7035=CARTESIAN_POINT('',(7.85304864686223,0.8,-2.38909044674609));
#7036=CARTESIAN_POINT('',(7.05949928013527,0.800000000000001,-1.01462262526091));
#7037=CARTESIAN_POINT('',(4.94411801947916,0.800000000000001,-4.06856232751969));
#7038=CARTESIAN_POINT('',(1.97984293892753,0.8,1.06571271960669));
#7039=CARTESIAN_POINT('Origin',(4.04254548906892,8.,-4.58908547064603));
#7040=CARTESIAN_POINT('',(7.85304864686223,8.,-2.38909044674609));
#7041=CARTESIAN_POINT('',(7.85304864686223,8.,-2.38909044674609));
#7042=CARTESIAN_POINT('',(4.04254548906892,8.,-4.58908547064603));
#7043=CARTESIAN_POINT('',(-0.175468804818691,8.,-7.02435715866779));
#7044=CARTESIAN_POINT('',(4.04254548906892,0.,-4.58908547064603));
#7045=CARTESIAN_POINT('Origin',(7.85304864686223,8.,-2.38909044674609));
#7046=CARTESIAN_POINT('',(4.74692219200516,8.,2.99087838780002));
#7047=CARTESIAN_POINT('',(4.74692219200516,8.,2.99087838780002));
#7048=CARTESIAN_POINT('',(2.48918569800022,8.,6.90139270551891));
#7049=CARTESIAN_POINT('Origin',(4.74692219200516,8.,2.99087838780002));
#7050=CARTESIAN_POINT('',(1.07827040851731,8.,0.545189576480498));
#7051=CARTESIAN_POINT('',(1.07827040851731,0.,0.545189576480498));
#7052=CARTESIAN_POINT('',(-0.715940879466557,8.,-0.650912624310415));
#7053=CARTESIAN_POINT('Origin',(-4.92611262726005,4.,15.9926923756881));
#7054=CARTESIAN_POINT('',(-6.7758652067969,4.,15.0804953517999));
#7055=CARTESIAN_POINT('',(-7.32872606957065,4.,16.2015862787158));
#7056=CARTESIAN_POINT('',(-6.7758652067969,4.,15.0804953517999));
#7057=CARTESIAN_POINT('',(-3.07636004772321,4.,16.9048893995763));
#7058=CARTESIAN_POINT('Origin',(-4.92611262726005,4.,15.9926923756881));
#7059=CARTESIAN_POINT('',(-3.62922091049696,4.,18.0259803264922));
#7060=CARTESIAN_POINT('',(-3.07636004772321,4.,16.9048893995763));
#7061=CARTESIAN_POINT('Origin',(-5.47897349003381,4.,17.113783302604));
#7062=CARTESIAN_POINT('Origin',(-4.92611262726005,4.,15.9926923756881));
#7063=CARTESIAN_POINT('',(-4.02923988572736,4.,16.4349810659071));
#7064=CARTESIAN_POINT('Origin',(-4.92611262726005,4.,15.9926923756881));
#7065=CARTESIAN_POINT('Origin',(-4.92611262726005,4.,15.9926923756881));
#7066=CARTESIAN_POINT('Origin',(-5.47897349003381,4.,17.113783302604));
#7067=CARTESIAN_POINT('Origin',(-4.92611262726005,4.,15.9926923756881));
#7068=CARTESIAN_POINT('Origin',(-5.47897349003381,4.,17.113783302604));
#7069=CARTESIAN_POINT('Origin',(-6.7758652067969,8.,15.0804953517999));
#7070=CARTESIAN_POINT('',(-6.7758652067969,0.,15.0804953517999));
#7071=CARTESIAN_POINT('',(-6.7758652067969,8.,15.0804953517999));
#7072=CARTESIAN_POINT('',(-3.07636004772321,0.,16.9048893995763));
#7073=CARTESIAN_POINT('',(-11.3142114620657,0.,12.8424306542678));
#7074=CARTESIAN_POINT('',(-3.07636004772321,8.,16.9048893995763));
#7075=CARTESIAN_POINT('Origin',(-6.7758652067969,8.,15.0804953517999));
#7076=CARTESIAN_POINT('',(-3.07636004772321,8.,16.9048893995763));
#7077=CARTESIAN_POINT('',(-3.07636004772321,8.,16.9048893995763));
#7078=CARTESIAN_POINT('',(-6.7758652067969,8.,15.0804953517999));
#7079=CARTESIAN_POINT('',(-11.3142114620657,8.,12.8424306542678));
#7080=CARTESIAN_POINT('',(-6.7758652067969,8.,15.0804953517999));
#7081=CARTESIAN_POINT('Ctrl Pts',(5.72917897895738,4.,-1.98229983317571));
#7082=CARTESIAN_POINT('Ctrl Pts',(5.72917897895738,3.,-1.98229983317571));
#7083=CARTESIAN_POINT('Ctrl Pts',(4.89005734180749,3.,-2.54169617832638));
#7084=CARTESIAN_POINT('Ctrl Pts',(4.05093570465761,3.,-3.10109252347705));
#7085=CARTESIAN_POINT('Ctrl Pts',(4.05093570465761,4.,-3.10109252347705));
#7086=CARTESIAN_POINT('Ctrl Pts',(4.05093570465761,5.,-3.10109252347705));
#7087=CARTESIAN_POINT('Ctrl Pts',(4.89005734180749,5.,-2.54169617832638));
#7088=CARTESIAN_POINT('Ctrl Pts',(5.72917897895738,5.,-1.98229983317571));
#7089=CARTESIAN_POINT('Ctrl Pts',(5.72917897895738,4.,-1.98229983317571));
#7090=CARTESIAN_POINT('Ctrl Pts',(6.3211299168067,4.,-2.87025493761377));
#7091=CARTESIAN_POINT('Ctrl Pts',(6.3211299168067,3.,-2.87025493761377));
#7092=CARTESIAN_POINT('Ctrl Pts',(5.48200827965682,3.,-3.42965128276443));
#7093=CARTESIAN_POINT('Ctrl Pts',(4.64288664250693,3.,-3.9890476279151));
#7094=CARTESIAN_POINT('Ctrl Pts',(4.64288664250693,4.,-3.9890476279151));
#7095=CARTESIAN_POINT('Ctrl Pts',(4.64288664250693,5.,-3.9890476279151));
#7096=CARTESIAN_POINT('Ctrl Pts',(5.48200827965682,5.,-3.42965128276443));
#7097=CARTESIAN_POINT('Ctrl Pts',(6.3211299168067,5.,-2.87025493761377));
#7098=CARTESIAN_POINT('Ctrl Pts',(6.3211299168067,4.,-2.87025493761377));
#7099=CARTESIAN_POINT('',(6.3211299168067,4.,-2.87025493761376));
#7100=CARTESIAN_POINT('Origin',(5.48200827965681,4.,-3.42965128276443));
#7101=CARTESIAN_POINT('Ctrl Pts',(6.3211299168067,4.,-2.87025493761377));
#7102=CARTESIAN_POINT('Ctrl Pts',(5.82046220764757,4.,-2.11922910160381));
#7103=CARTESIAN_POINT('Origin',(2.29255351670169,4.,1.35468548580265));
#7104=CARTESIAN_POINT('Origin',(5.48200827965681,4.,-3.42965128276443));
#7105=CARTESIAN_POINT('Origin',(-7.6271685373567,4.,21.4698919349215));
#7106=CARTESIAN_POINT('',(-7.45874726642994,4.,16.5355138768774));
#7107=CARTESIAN_POINT('Origin',(-5.6368694313712,4.,17.4339645980244));
#7108=CARTESIAN_POINT('',(-9.44904637241545,4.,20.5714412137745));
#7109=CARTESIAN_POINT('Origin',(-7.6271685373567,4.,21.4698919349215));
#7110=CARTESIAN_POINT('Origin',(-5.6368694313712,4.,17.4339645980244));
#7111=CARTESIAN_POINT('',(-6.98217854367023,4.,16.7705315626959));
#7112=CARTESIAN_POINT('Origin',(-5.6368694313712,4.,17.4339645980244));
#7113=CARTESIAN_POINT('Origin',(-20.1082087326476,2.35,20.3796415739737));
#7114=CARTESIAN_POINT('',(-20.6648379324179,2.35,19.9950406029976));
#7115=CARTESIAN_POINT('',(-21.6648379324179,2.35,19.995040602998));
#7116=CARTESIAN_POINT('',(-22.9861056020004,2.35,19.995040602998));
#7117=CARTESIAN_POINT('',(-21.6648379324179,2.35,11.2367349873223));
#7118=CARTESIAN_POINT('',(-21.6648379324179,2.35,20.3186649270676));
#7119=CARTESIAN_POINT('',(-22.4148379324179,2.35,10.4867349873223));
#7120=CARTESIAN_POINT('Origin',(-22.4148379324179,2.35,11.2367349873223));
#7121=CARTESIAN_POINT('',(-31.07726944598,2.35,10.4867349873223));
#7122=CARTESIAN_POINT('',(-3.52386189795242,2.35,10.4867349873223));
#7123=CARTESIAN_POINT('',(-31.441239680212,2.35,9.48673498732232));
#7124=CARTESIAN_POINT('',(-29.0682429735466,2.35,16.0064898559388));
#7125=CARTESIAN_POINT('',(-22.4148379324179,2.35,9.48673498732232));
#7126=CARTESIAN_POINT('',(-31.8405050288857,2.35,9.48673498732232));
#7127=CARTESIAN_POINT('',(-21.6648379324179,2.35,8.73673498732232));
#7128=CARTESIAN_POINT('Origin',(-22.4148379324179,2.35,8.73673498732232));
#7129=CARTESIAN_POINT('',(-21.6648379324179,2.35,0.899999999999996));
#7130=CARTESIAN_POINT('',(-21.6648379324179,2.35,20.3186649270676));
#7131=CARTESIAN_POINT('',(-20.6648379324179,2.35,0.899999999999996));
#7132=CARTESIAN_POINT('',(-10.0541043663238,2.35,0.899999999999997));
#7133=CARTESIAN_POINT('',(-20.6648379324179,2.35,8.73673498732232));
#7134=CARTESIAN_POINT('',(-20.6648379324179,2.35,0.555478229312443));
#7135=CARTESIAN_POINT('',(-19.9148379324179,2.35,9.48673498732232));
#7136=CARTESIAN_POINT('Origin',(-19.9148379324179,2.35,8.73673498732232));
#7137=CARTESIAN_POINT('',(-10.9623696926721,2.35,9.48673498732232));
#7138=CARTESIAN_POINT('',(-31.8405050288857,2.35,9.48673498732232));
#7139=CARTESIAN_POINT('',(-10.2123696926721,2.35,8.73673498732232));
#7140=CARTESIAN_POINT('Origin',(-10.9623696926721,2.35,8.73673498732232));
#7141=CARTESIAN_POINT('',(-10.2123696926721,2.35,0.899999999999997));
#7142=CARTESIAN_POINT('',(-10.2123696926721,2.35,0.555478229312443));
#7143=CARTESIAN_POINT('',(-9.21236969267213,2.35,0.899999999999996));
#7144=CARTESIAN_POINT('',(-10.0541043663238,2.35,0.899999999999997));
#7145=CARTESIAN_POINT('',(-9.21236969267213,2.35,8.73673498732232));
#7146=CARTESIAN_POINT('',(-9.21236969267213,2.35,20.7546415739737));
#7147=CARTESIAN_POINT('',(-8.46236969267213,2.35,9.48673498732232));
#7148=CARTESIAN_POINT('Origin',(-8.46236969267213,2.35,8.73673498732232));
#7149=CARTESIAN_POINT('',(-3.97466587372834,2.35,9.48673498732232));
#7150=CARTESIAN_POINT('',(-31.8405050288857,2.35,9.48673498732232));
#7151=CARTESIAN_POINT('',(-4.43755029715547,2.35,10.4867349873223));
#7152=CARTESIAN_POINT('',(-8.56508203828256,2.35,19.4037162729905));
#7153=CARTESIAN_POINT('',(-8.46236969267213,2.35,10.4867349873223));
#7154=CARTESIAN_POINT('',(-3.52386189795242,2.35,10.4867349873223));
#7155=CARTESIAN_POINT('',(-9.21236969267213,2.35,11.2367349873223));
#7156=CARTESIAN_POINT('Origin',(-8.46236969267213,2.35,11.2367349873223));
#7157=CARTESIAN_POINT('',(-9.21236969267213,2.35,18.5942750777409));
#7158=CARTESIAN_POINT('',(-9.21236969267213,2.35,20.7546415739737));
#7159=CARTESIAN_POINT('',(-10.2123696926721,2.35,20.7546415739737));
#7160=CARTESIAN_POINT('',(-11.603069753704,2.35,23.7590633921358));
#7161=CARTESIAN_POINT('',(-18.4144390374794,2.35,20.7546415739737));
#7162=CARTESIAN_POINT('',(-31.8405050288857,2.35,20.7546415739737));
#7163=CARTESIAN_POINT('',(-19.3186710155601,2.35,20.0046415739737));
#7164=CARTESIAN_POINT('Origin',(-19.4640136457303,2.35,21.0999631594004));
#7165=CARTESIAN_POINT('',(-10.2123696926721,2.35,20.0046415739737));
#7166=CARTESIAN_POINT('',(-8.37591243640946,2.35,20.0046415739737));
#7167=CARTESIAN_POINT('',(-10.2123696926721,2.35,11.2367349873223));
#7168=CARTESIAN_POINT('',(-10.2123696926721,2.35,0.555478229312443));
#7169=CARTESIAN_POINT('',(-10.9623696926721,2.35,10.4867349873223));
#7170=CARTESIAN_POINT('Origin',(-10.9623696926721,2.35,11.2367349873223));
#7171=CARTESIAN_POINT('',(-19.9148379324179,2.35,10.4867349873223));
#7172=CARTESIAN_POINT('',(-3.52386189795242,2.35,10.4867349873223));
#7173=CARTESIAN_POINT('',(-20.6648379324179,2.35,11.2367349873223));
#7174=CARTESIAN_POINT('Origin',(-19.9148379324179,2.35,11.2367349873223));
#7175=CARTESIAN_POINT('',(-20.6648379324179,2.35,0.555478229312443));
#7176=CARTESIAN_POINT('Origin',(-21.6648379324179,4.65,0.555478229312443));
#7177=CARTESIAN_POINT('',(-21.6648379324179,3.35,19.995040602998));
#7178=CARTESIAN_POINT('',(-21.6648379324179,6.325,19.995040602998));
#7179=CARTESIAN_POINT('',(-21.6648379324179,3.35,11.2367349873223));
#7180=CARTESIAN_POINT('',(-21.6648379324179,3.35,5.59902740040796));
#7181=CARTESIAN_POINT('',(-21.6648379324179,4.65,11.2367349873223));
#7182=CARTESIAN_POINT('Origin',(-19.3744614668343,3.35,10.6425765715035));
#7183=CARTESIAN_POINT('',(-25.8640024713532,3.35,19.9950406029981));
#7184=CARTESIAN_POINT('',(-22.6192319690937,3.35,19.995040602998));
#7185=CARTESIAN_POINT('',(-26.0093451015003,3.35,20.0046415739737));
#7186=CARTESIAN_POINT('Origin',(-25.8640024713297,3.35,21.0999631594003));
#7187=CARTESIAN_POINT('',(-31.1248152736892,3.35,20.0046415739737));
#7188=CARTESIAN_POINT('',(-13.8751869516219,3.35,20.0046415739737));
#7189=CARTESIAN_POINT('',(-31.8405050288857,3.35,18.0383001321752));
#7190=CARTESIAN_POINT('',(-31.8405050288857,3.35,18.0383001321752));
#7191=CARTESIAN_POINT('',(-31.4155669448519,3.35,17.1270174701931));
#7192=CARTESIAN_POINT('',(-31.4155669448519,3.35,17.1270174701931));
#7193=CARTESIAN_POINT('',(-30.4667605842405,3.35,17.1489513089182));
#7194=CARTESIAN_POINT('Origin',(-30.9130702646077,3.35,15.9227255401736));
#7195=CARTESIAN_POINT('',(-29.9029459962912,3.35,16.9437395812565));
#7196=CARTESIAN_POINT('',(-29.9029459962912,3.35,16.9437395812565));
#7197=CARTESIAN_POINT('',(-29.2425641947193,3.35,15.52754623699));
#7198=CARTESIAN_POINT('Origin',(-30.2808517673268,3.35,15.9054520084949));
#7199=CARTESIAN_POINT('',(-31.07726944598,3.35,10.4867349873223));
#7200=CARTESIAN_POINT('',(-31.5218717433387,3.35,9.26520021457691));
#7201=CARTESIAN_POINT('',(-22.4148379324179,3.35,10.4867349873223));
#7202=CARTESIAN_POINT('',(-25.60748324786,3.35,10.4867349873223));
#7203=CARTESIAN_POINT('Origin',(-22.4148379324179,3.35,11.2367349873223));
#7204=CARTESIAN_POINT('Origin',(-22.6598524606768,0.8,22.5499606276998));
#7205=CARTESIAN_POINT('',(-27.0359832228238,0.8,24.1999577467998));
#7206=CARTESIAN_POINT('',(-26.8927774356545,0.8,24.1395717158269));
#7207=CARTESIAN_POINT('Origin',(-27.035983222824,0.8,23.9999580960001));
#7208=CARTESIAN_POINT('',(-18.2837216985299,0.8,24.1999577467999));
#7209=CARTESIAN_POINT('',(-24.8479178417503,0.8,24.1999577467998));
#7210=CARTESIAN_POINT('',(-18.4269274856997,0.8,24.1395717158271));
#7211=CARTESIAN_POINT('Origin',(-18.2837216985299,0.8,23.9999580959999));
#7212=CARTESIAN_POINT('',(-19.7706424168844,0.8,22.761283876214));
#7213=CARTESIAN_POINT('',(-20.5274133295665,0.8,21.9850417417287));
#7214=CARTESIAN_POINT('',(-19.8489241323668,0.8,22.3972532003608));
#7215=CARTESIAN_POINT('Origin',(-19.5200322893377,0.8,22.5169600415159));
#7216=CARTESIAN_POINT('',(-19.7646510506061,0.8,22.1657148111548));
#7217=CARTESIAN_POINT('',(-19.9957352776361,0.8,22.800613506914));
#7218=CARTESIAN_POINT('',(-19.6693482213839,0.8,22.0999258349767));
#7219=CARTESIAN_POINT('Origin',(-19.6706819525978,0.8,22.1999167657709));
#7220=CARTESIAN_POINT('',(-19.2640139949301,0.8,21.6999621118002));
#7221=CARTESIAN_POINT('Origin',(-19.66401329653,0.8,21.6999621118001));
#7222=CARTESIAN_POINT('',(-19.2640139949302,0.8,21.0999631594004));
#7223=CARTESIAN_POINT('',(-19.2640139949301,0.8,21.8249618935498));
#7224=CARTESIAN_POINT('',(-19.4640136457305,0.8,20.8999635086002));
#7225=CARTESIAN_POINT('Origin',(-19.4640136457303,0.8,21.0999631594004));
#7226=CARTESIAN_POINT('',(-20.6648379324373,0.8,20.8999635085998));
#7227=CARTESIAN_POINT('',(-21.6623451965568,0.8,20.8999635085994));
#7228=CARTESIAN_POINT('',(-21.6648275518885,0.8,21.904117360446));
#7229=CARTESIAN_POINT('Origin',(-20.6648379324373,0.8,21.8999617626002));
#7230=CARTESIAN_POINT('',(-21.6640184390796,0.8,22.098819648764));
#7231=CARTESIAN_POINT('',(-21.6630896638524,0.8,22.3223171142391));
#7232=CARTESIAN_POINT('',(-23.6588411547476,0.8,22.001468504608));
#7233=CARTESIAN_POINT('Origin',(-22.6640080585303,0.8,22.1029752466155));
#7234=CARTESIAN_POINT('',(-24.6536742509656,0.8,20.8999635086001));
#7235=CARTESIAN_POINT('Origin',(-24.6536742509654,0.8,21.8999617626));
#7236=CARTESIAN_POINT('',(-25.8640024713297,0.8,20.8999635086003));
#7237=CARTESIAN_POINT('',(-24.2619274660034,0.8,20.8999635086));
#7238=CARTESIAN_POINT('',(-26.0640021221299,0.8,21.0999631594004));
#7239=CARTESIAN_POINT('Origin',(-25.8640024713297,0.8,21.0999631594003));
#7240=CARTESIAN_POINT('',(-26.0640021221304,0.8,21.6999621118003));
#7241=CARTESIAN_POINT('',(-26.0640021221308,0.8,22.1249613697487));
#7242=CARTESIAN_POINT('',(-25.6520707788533,0.8,22.0997834064579));
#7243=CARTESIAN_POINT('Origin',(-25.6640028205307,0.8,21.6999621118003));
#7244=CARTESIAN_POINT('',(-25.5551186704255,0.8,22.1655367755067));
#7245=CARTESIAN_POINT('Origin',(-25.6490877684339,0.8,22.1997387301225));
#7246=CARTESIAN_POINT('',(-25.4707807889883,0.8,22.3972532003608));
#7247=CARTESIAN_POINT('',(-25.2818331028383,0.8,22.9163827015175));
#7248=CARTESIAN_POINT('',(-25.5490625044697,0.8,22.7612838762139));
#7249=CARTESIAN_POINT('Origin',(-25.7996726320169,0.8,22.5169600415169));
#7250=CARTESIAN_POINT('',(-25.4641490573798,0.8,22.674185661535));
#7251=CARTESIAN_POINT('Origin',(-27.035983222824,0.,23.9999580960001));
#7252=CARTESIAN_POINT('',(-26.8927774356545,8.,24.1395717158269));
#7253=CARTESIAN_POINT('',(-26.8927774356545,0.,24.1395717158269));
#7254=CARTESIAN_POINT('',(-27.0359832228238,8.,24.1999577467998));
#7255=CARTESIAN_POINT('Origin',(-27.035983222824,8.,23.9999580960001));
#7256=CARTESIAN_POINT('',(-27.0359832228238,0.,24.1999577467998));
#7257=CARTESIAN_POINT('Origin',(-26.8927774356545,0.,24.1395717158269));
#7258=CARTESIAN_POINT('',(-25.5490625044697,8.,22.7612838762139));
#7259=CARTESIAN_POINT('',(-25.5490625044697,0.,22.7612838762139));
#7260=CARTESIAN_POINT('',(-25.5490625044697,8.,22.7612838762139));
#7261=CARTESIAN_POINT('Origin',(-25.7996726320169,0.,22.5169600415169));
#7262=CARTESIAN_POINT('',(-25.4707807889883,8.,22.3972532003608));
#7263=CARTESIAN_POINT('',(-25.4707807889883,0.,22.3972532003608));
#7264=CARTESIAN_POINT('Origin',(-25.7996726320169,8.,22.5169600415169));
#7265=CARTESIAN_POINT('Origin',(-25.4707807889883,0.,22.3972532003608));
#7266=CARTESIAN_POINT('',(-25.5551186704255,8.,22.1655367755067));
#7267=CARTESIAN_POINT('',(-25.5551186704255,0.,22.1655367755067));
#7268=CARTESIAN_POINT('',(-25.5551186704255,8.,22.1655367755067));
#7269=CARTESIAN_POINT('Origin',(-25.6490877684339,0.,22.1997387301225));
#7270=CARTESIAN_POINT('',(-25.6520707788533,8.,22.0997834064579));
#7271=CARTESIAN_POINT('',(-25.6520707788533,0.,22.0997834064579));
#7272=CARTESIAN_POINT('Origin',(-25.6490877684339,8.,22.1997387301225));
#7273=CARTESIAN_POINT('Origin',(-25.6640028205307,0.,21.6999621118003));
#7274=CARTESIAN_POINT('',(-26.0640021221304,8.,21.6999621118003));
#7275=CARTESIAN_POINT('',(-26.0640021221304,0.,21.6999621118003));
#7276=CARTESIAN_POINT('Origin',(-25.6640028205307,8.,21.6999621118003));
#7277=CARTESIAN_POINT('Origin',(-26.0640021221304,0.,21.6999621118003));
#7278=CARTESIAN_POINT('',(-26.0640021221299,8.,21.0999631594004));
#7279=CARTESIAN_POINT('',(-26.0640021221299,0.,21.0999631594004));
#7280=CARTESIAN_POINT('',(-26.0640021221299,8.,21.0999631594004));
#7281=CARTESIAN_POINT('Origin',(-25.8640024713297,0.,21.0999631594003));
#7282=CARTESIAN_POINT('',(-25.8640024713297,8.,20.8999635086003));
#7283=CARTESIAN_POINT('',(-25.8640024713297,0.,20.8999635086003));
#7284=CARTESIAN_POINT('Origin',(-25.8640024713297,8.,21.0999631594003));
#7285=CARTESIAN_POINT('Origin',(-25.8640024713297,0.,20.8999635086003));
#7286=CARTESIAN_POINT('',(-24.6536742509656,8.,20.8999635086001));
#7287=CARTESIAN_POINT('',(-24.6536742509656,0.,20.8999635086001));
#7288=CARTESIAN_POINT('',(-24.6536742509656,8.,20.8999635086001));
#7289=CARTESIAN_POINT('Origin',(-24.6536742509654,0.,21.8999617626));
#7290=CARTESIAN_POINT('',(-23.6588411547476,8.,22.001468504608));
#7291=CARTESIAN_POINT('',(-23.6588411547476,0.,22.001468504608));
#7292=CARTESIAN_POINT('Origin',(-24.6536742509654,8.,21.8999617626));
#7293=CARTESIAN_POINT('Origin',(-22.6640080585303,0.,22.1029752466155));
#7294=CARTESIAN_POINT('',(-21.6640184390796,8.,22.098819648764));
#7295=CARTESIAN_POINT('',(-21.6640184390796,0.,22.098819648764));
#7296=CARTESIAN_POINT('Origin',(-22.6640080585303,8.,22.1029752466155));
#7297=CARTESIAN_POINT('Origin',(-0.0217589485152386,0.,15.8504729162773));
#7298=CARTESIAN_POINT('',(4.23143884325223,0.8,8.36656116053751));
#7299=CARTESIAN_POINT('',(-0.0217589485152381,0.8,15.8504729162773));
#7300=CARTESIAN_POINT('',(0.989510709285363,0.8,14.0710464116163));
#7301=CARTESIAN_POINT('',(-0.0217589485152381,0.,15.8504729162773));
#7302=CARTESIAN_POINT('',(-0.0217589485152381,0.,15.8504729162773));
#7303=CARTESIAN_POINT('',(4.23143884325223,0.,8.36656116053751));
#7304=CARTESIAN_POINT('',(4.23143884325223,0.,8.36656116053751));
#7305=CARTESIAN_POINT('',(4.23143884325223,0.,8.36656116053751));
#7306=CARTESIAN_POINT('Origin',(0.955125300507451,0.8,11.6973614542535));
#7307=CARTESIAN_POINT('',(-0.00177889941024301,0.8,15.6987093703305));
#7308=CARTESIAN_POINT('Origin',(-0.194963726855986,0.8,15.7504730908773));
#7309=CARTESIAN_POINT('',(2.3866164716219,0.8,8.86087982519496));
#7310=CARTESIAN_POINT('',(1.36425654534131,0.8,9.13482034181591));
#7311=CARTESIAN_POINT('',(2.02791487891067,0.8,8.74778164635231));
#7312=CARTESIAN_POINT('Origin',(2.29602996587256,0.8,8.52280637576934));
#7313=CARTESIAN_POINT('',(1.85145512346931,0.8,8.53748509885723));
#7314=CARTESIAN_POINT('',(2.44425186115368,0.8,9.2439527406692));
#7315=CARTESIAN_POINT('',(1.84213161342126,0.8,8.42205593960928));
#7316=CARTESIAN_POINT('Origin',(1.92805943403017,0.8,8.47320645011958));
#7317=CARTESIAN_POINT('',(1.69841998178496,0.8,7.87104434088877));
#7318=CARTESIAN_POINT('Origin',(1.49842033098541,0.8,8.21745389757019));
#7319=CARTESIAN_POINT('',(1.17880564676236,0.8,7.57104486468884));
#7320=CARTESIAN_POINT('',(1.98829926457153,0.8,8.038406222838));
#7321=CARTESIAN_POINT('',(0.905601043021154,0.8,7.64424981762976));
#7322=CARTESIAN_POINT('Origin',(1.07880582136231,0.8,7.74424964302986));
#7323=CARTESIAN_POINT('',(0.305188899668516,0.8,8.68419415539902));
#7324=CARTESIAN_POINT('',(-0.265938906891512,0.8,9.67341653397747));
#7325=CARTESIAN_POINT('',(0.67481683494917,0.8,10.0522874952875));
#7326=CARTESIAN_POINT('Origin',(1.17121279137222,0.8,9.18419328239946));
#7327=CARTESIAN_POINT('',(0.843838519211428,0.8,10.1489379271993));
#7328=CARTESIAN_POINT('',(1.2193941363618,0.8,10.3636891454406));
#7329=CARTESIAN_POINT('',(-0.237881402549114,0.8,11.8278295029362));
#7330=CARTESIAN_POINT('Origin',(0.347442562793727,0.8,11.0170321400903));
#7331=CARTESIAN_POINT('',(-1.68922925959591,0.8,12.1386277387826));
#7332=CARTESIAN_POINT('Origin',(-0.823205367891902,0.8,12.6386268657825));
#7333=CARTESIAN_POINT('',(-2.29439336977805,0.8,13.1868027245356));
#7334=CARTESIAN_POINT('',(-1.5657300416153,0.8,11.9247208185451));
#7335=CARTESIAN_POINT('',(-2.22118841683715,0.8,13.4600073282764));
#7336=CARTESIAN_POINT('Origin',(-2.1211885914375,0.8,13.2868025499357));
#7337=CARTESIAN_POINT('',(-1.70157408181535,0.8,13.7600068044769));
#7338=CARTESIAN_POINT('',(-1.15188763151908,0.8,14.0773684245262));
#7339=CARTESIAN_POINT('',(-1.14935301202885,0.8,13.6031744439128));
#7340=CARTESIAN_POINT('Origin',(-1.50157443101525,0.8,13.4135972477952));
#7341=CARTESIAN_POINT('',(-1.0439328698347,0.8,13.5520881395885));
#7342=CARTESIAN_POINT('Origin',(-1.06129765728245,0.8,13.650568742942));
#7343=CARTESIAN_POINT('',(-0.773394256422053,0.8,13.5997913964565));
#7344=CARTESIAN_POINT('',(-0.0978624394313415,0.8,13.7189058821187));
#7345=CARTESIAN_POINT('',(-0.496097564067126,0.8,13.8538869987005));
#7346=CARTESIAN_POINT('Origin',(-0.834171012488798,0.8,13.9444735081943));
#7347=CARTESIAN_POINT('',(-0.469897175469438,0.8,13.9516681801251));
#7348=CARTESIAN_POINT('Origin',(-0.194963726855986,0.,15.7504730908773));
#7349=CARTESIAN_POINT('',(-0.00177889941024301,8.,15.6987093703305));
#7350=CARTESIAN_POINT('',(-0.00177889941024301,0.,15.6987093703305));
#7351=CARTESIAN_POINT('',(-0.0217589485152381,8.,15.8504729162773));
#7352=CARTESIAN_POINT('Origin',(-0.194963726855986,8.,15.7504730908773));
#7353=CARTESIAN_POINT('',(-0.0217589485152381,0.,15.8504729162773));
#7354=CARTESIAN_POINT('Origin',(-0.00177889941024294,0.,15.6987093703305));
#7355=CARTESIAN_POINT('',(-0.496097564067126,8.,13.8538869987005));
#7356=CARTESIAN_POINT('',(-0.496097564067126,0.,13.8538869987005));
#7357=CARTESIAN_POINT('',(-0.496097564067126,8.,13.8538869987005));
#7358=CARTESIAN_POINT('Origin',(-0.834171012488798,0.,13.9444735081943));
#7359=CARTESIAN_POINT('',(-0.773394256422053,8.,13.5997913964565));
#7360=CARTESIAN_POINT('',(-0.773394256422053,0.,13.5997913964565));
#7361=CARTESIAN_POINT('Origin',(-0.834171012488798,8.,13.9444735081943));
#7362=CARTESIAN_POINT('Origin',(-0.773394256422053,0.,13.5997913964565));
#7363=CARTESIAN_POINT('',(-1.0439328698347,8.,13.5520881395885));
#7364=CARTESIAN_POINT('',(-1.0439328698347,0.,13.5520881395885));
#7365=CARTESIAN_POINT('',(-1.0439328698347,8.,13.5520881395885));
#7366=CARTESIAN_POINT('Origin',(-1.06129765728245,0.,13.650568742942));
#7367=CARTESIAN_POINT('',(-1.14935301202885,8.,13.6031744439128));
#7368=CARTESIAN_POINT('',(-1.14935301202885,0.,13.6031744439128));
#7369=CARTESIAN_POINT('Origin',(-1.06129765728245,8.,13.650568742942));
#7370=CARTESIAN_POINT('Origin',(-1.50157443101525,0.,13.4135972477952));
#7371=CARTESIAN_POINT('',(-1.70157408181535,8.,13.7600068044769));
#7372=CARTESIAN_POINT('',(-1.70157408181535,0.,13.7600068044769));
#7373=CARTESIAN_POINT('Origin',(-1.50157443101525,8.,13.4135972477952));
#7374=CARTESIAN_POINT('Origin',(-1.70157408181535,0.,13.7600068044769));
#7375=CARTESIAN_POINT('',(-2.22118841683715,8.,13.4600073282764));
#7376=CARTESIAN_POINT('',(-2.22118841683715,0.,13.4600073282764));
#7377=CARTESIAN_POINT('',(-2.22118841683715,8.,13.4600073282764));
#7378=CARTESIAN_POINT('Origin',(-2.1211885914375,0.,13.2868025499357));
#7379=CARTESIAN_POINT('',(-2.29439336977805,8.,13.1868027245356));
#7380=CARTESIAN_POINT('',(-2.29439336977805,0.,13.1868027245356));
#7381=CARTESIAN_POINT('Origin',(-2.1211885914375,8.,13.2868025499357));
#7382=CARTESIAN_POINT('Origin',(-2.29439336977805,0.,13.1868027245356));
#7383=CARTESIAN_POINT('',(-1.68922925959591,8.,12.1386277387826));
#7384=CARTESIAN_POINT('',(-1.68922925959591,0.,12.1386277387826));
#7385=CARTESIAN_POINT('',(-1.68922925959591,8.,12.1386277387826));
#7386=CARTESIAN_POINT('Origin',(-0.823205367891902,0.,12.6386268657825));
#7387=CARTESIAN_POINT('',(-0.237881402549114,8.,11.8278295029362));
#7388=CARTESIAN_POINT('',(-0.237881402549114,0.,11.8278295029362));
#7389=CARTESIAN_POINT('Origin',(-0.823205367891902,8.,12.6386268657825));
#7390=CARTESIAN_POINT('Origin',(-0.613797897624782,4.,7.2481831457444));
#7391=CARTESIAN_POINT('Origin',(-15.1212089964303,8.,9.12133745784044));
#7392=CARTESIAN_POINT('',(-19.2640139949302,8.,21.0999631594004));
#7393=CARTESIAN_POINT('',(-19.2640139949301,8.,21.6999621118002));
#7394=CARTESIAN_POINT('',(-19.2640139949301,8.,21.6999621118002));
#7395=CARTESIAN_POINT('',(-19.6693482213839,8.,22.0999258349767));
#7396=CARTESIAN_POINT('Origin',(-19.66401329653,8.,21.6999621118001));
#7397=CARTESIAN_POINT('',(-19.7646510506061,8.,22.1657148111548));
#7398=CARTESIAN_POINT('Origin',(-19.6706819525978,8.,22.1999167657709));
#7399=CARTESIAN_POINT('',(-19.8489241323668,8.,22.3972532003608));
#7400=CARTESIAN_POINT('',(-19.8489241323668,8.,22.3972532003608));
#7401=CARTESIAN_POINT('',(-19.7706424168844,8.,22.761283876214));
#7402=CARTESIAN_POINT('Origin',(-19.5200322893377,8.,22.5169600415159));
#7403=CARTESIAN_POINT('',(-18.4269274856997,8.,24.1395717158271));
#7404=CARTESIAN_POINT('',(-18.4269274856997,8.,24.1395717158271));
#7405=CARTESIAN_POINT('',(-18.2837216985299,8.,24.1999577467999));
#7406=CARTESIAN_POINT('Origin',(-18.2837216985299,8.,23.9999580959999));
#7407=CARTESIAN_POINT('',(-7.15173330755617,8.,24.1999577468001));
#7408=CARTESIAN_POINT('',(-7.15173330755617,8.,24.1999577468001));
#7409=CARTESIAN_POINT('',(-5.41968552414773,8.,23.1999594928));
#7410=CARTESIAN_POINT('Origin',(-7.15173330755594,8.,22.1999612387999));
#7411=CARTESIAN_POINT('',(-2.67727653375176,8.,18.4499677863001));
#7412=CARTESIAN_POINT('',(-2.67727653375176,8.,18.4499677863001));
#7413=CARTESIAN_POINT('',(-2.24426458789982,8.,18.1999682228002));
#7414=CARTESIAN_POINT('Origin',(-2.24426458789982,8.,18.6999673497999));
#7415=CARTESIAN_POINT('',(-1.66691532676372,8.,18.1999682228001));
#7416=CARTESIAN_POINT('',(-1.66691532676372,8.,18.1999682228001));
#7417=CARTESIAN_POINT('',(-1.23390338091232,8.,17.9499686593002));
#7418=CARTESIAN_POINT('Origin',(-1.66691532676417,8.,17.6999690958002));
#7419=CARTESIAN_POINT('',(-0.0217589485152381,8.,15.8504729162773));
#7420=CARTESIAN_POINT('',(0.843838519211428,8.,10.1489379271993));
#7421=CARTESIAN_POINT('Origin',(0.347442562793727,8.,11.0170321400903));
#7422=CARTESIAN_POINT('',(0.67481683494917,8.,10.0522874952875));
#7423=CARTESIAN_POINT('',(0.67481683494917,8.,10.0522874952875));
#7424=CARTESIAN_POINT('',(0.305188899668516,8.,8.68419415539902));
#7425=CARTESIAN_POINT('Origin',(1.17121279137222,8.,9.18419328239946));
#7426=CARTESIAN_POINT('',(0.905601043021154,8.,7.64424981762976));
#7427=CARTESIAN_POINT('',(0.905601043021154,8.,7.64424981762976));
#7428=CARTESIAN_POINT('',(1.17880564676236,8.,7.57104486468884));
#7429=CARTESIAN_POINT('Origin',(1.07880582136231,8.,7.74424964302986));
#7430=CARTESIAN_POINT('',(1.69841998178496,8.,7.87104434088877));
#7431=CARTESIAN_POINT('',(1.69841998178496,8.,7.87104434088877));
#7432=CARTESIAN_POINT('',(1.84213161342126,8.,8.42205593960928));
#7433=CARTESIAN_POINT('Origin',(1.49842033098541,8.,8.21745389757019));
#7434=CARTESIAN_POINT('',(1.85145512346931,8.,8.53748509885723));
#7435=CARTESIAN_POINT('Origin',(1.92805943403017,8.,8.47320645011958));
#7436=CARTESIAN_POINT('',(2.02791487891067,8.,8.74778164635231));
#7437=CARTESIAN_POINT('',(2.02791487891067,8.,8.74778164635231));
#7438=CARTESIAN_POINT('',(2.3866164716219,8.,8.86087982519496));
#7439=CARTESIAN_POINT('Origin',(2.29602996587256,8.,8.52280637576934));
#7440=CARTESIAN_POINT('',(4.23143884325223,8.,8.36656116053751));
#7441=CARTESIAN_POINT('',(4.23143884325223,8.,8.36656116053751));
#7442=CARTESIAN_POINT('',(4.35287990485802,8.,8.27337615747042));
#7443=CARTESIAN_POINT('Origin',(4.17967512651736,8.,8.17337633207047));
#7444=CARTESIAN_POINT('',(5.5915054646985,8.,6.12801375627263));
#7445=CARTESIAN_POINT('',(5.5915054646985,8.,6.12801375627263));
#7446=CARTESIAN_POINT('',(5.5915054646983,8.,5.62801462927258));
#7447=CARTESIAN_POINT('Origin',(5.1584935188463,8.,5.87801419277262));
#7448=CARTESIAN_POINT('',(5.30283083413059,8.,5.12801550227286));
#7449=CARTESIAN_POINT('',(5.30283083413059,8.,5.12801550227286));
#7450=CARTESIAN_POINT('',(5.30283083413018,8.,4.62801637527284));
#7451=CARTESIAN_POINT('Origin',(5.73584277998259,8.,4.87801593877251));
#7452=CARTESIAN_POINT('',(9.01460135323,8.,-1.80095874984419));
#7453=CARTESIAN_POINT('',(9.01460135323,8.,-1.80095874984419));
#7454=CARTESIAN_POINT('',(8.46556420617353,8.,-3.84999327790008));
#7455=CARTESIAN_POINT('Origin',(7.71556551567378,8.,-2.55095744034381));
#7456=CARTESIAN_POINT('',(4.13544474765355,8.,-6.34998891290012));
#7457=CARTESIAN_POINT('',(4.13544474765355,8.,-6.34998891290012));
#7458=CARTESIAN_POINT('',(3.45243323830125,8.,-6.16697653054802));
#7459=CARTESIAN_POINT('Origin',(3.88544518415345,8.,-5.91697696704796));
#7460=CARTESIAN_POINT('',(3.2772689278708,8.,-5.86358304520911));
#7461=CARTESIAN_POINT('',(3.2772689278708,8.,-5.86358304520911));
#7462=CARTESIAN_POINT('Origin',(4.01338923581916,8.,-5.43858378725909));
#7463=CARTESIAN_POINT('',(0.249999563500101,8.,0.0669871811480038));
#7464=CARTESIAN_POINT('',(0.249999563500101,8.,0.0669871811480037));
#7465=CARTESIAN_POINT('',(0.,8.,0.));
#7466=CARTESIAN_POINT('Origin',(4.44089209850063E-15,8.,0.499999127000024));
#7467=CARTESIAN_POINT('',(-34.1843613269261,8.,0.));
#7468=CARTESIAN_POINT('',(-34.1843613269261,8.,-5.04105371336844E-30));
#7469=CARTESIAN_POINT('',(-34.1843613269261,8.,-1.19999790479985));
#7470=CARTESIAN_POINT('',(-34.1843613269261,8.,-1.19999790479985));
#7471=CARTESIAN_POINT('',(-33.5526069844503,8.,-1.30159492349025));
#7472=CARTESIAN_POINT('',(-33.5526069844503,8.,-1.30159492349025));
#7473=CARTESIAN_POINT('',(-33.3843627237264,8.,-1.49905746556146));
#7474=CARTESIAN_POINT('Origin',(-33.5843623745262,8.,-1.49905746556145));
#7475=CARTESIAN_POINT('',(-33.3843627237262,8.,-1.79999685720012));
#7476=CARTESIAN_POINT('',(-33.3843627237262,8.,-1.79999685720012));
#7477=CARTESIAN_POINT('',(-34.3843609777264,8.,-2.79999511119988));
#7478=CARTESIAN_POINT('Origin',(-34.3843609777263,8.,-1.7999968572));
#7479=CARTESIAN_POINT('',(-35.3843592317262,8.,-2.79999511119987));
#7480=CARTESIAN_POINT('',(-35.3843592317262,8.,-2.79999511119987));
#7481=CARTESIAN_POINT('',(-36.3843574857262,8.,-1.79999685719988));
#7482=CARTESIAN_POINT('Origin',(-35.3843592317262,8.,-1.79999685719989));
#7483=CARTESIAN_POINT('',(-36.3843574857262,8.,7.93549567353759));
#7484=CARTESIAN_POINT('',(-36.3843574857262,8.,7.93549567353759));
#7485=CARTESIAN_POINT('',(-36.2938965748501,8.,8.44852499277492));
#7486=CARTESIAN_POINT('Origin',(-34.8843601047261,8.,7.93549567353714));
#7487=CARTESIAN_POINT('',(-35.7836599255973,8.,9.8503886651753));
#7488=CARTESIAN_POINT('',(-35.7836599255973,8.,9.8503886651753));
#7489=CARTESIAN_POINT('',(-35.6779363540407,8.,9.96430484766441));
#7490=CARTESIAN_POINT('Origin',(-35.5957217295805,8.,9.78198475594351));
#7491=CARTESIAN_POINT('',(-33.9260288766409,8.,10.7543023404449));
#7492=CARTESIAN_POINT('',(-33.9260288766409,8.,10.7543023404449));
#7493=CARTESIAN_POINT('',(-33.5537910298062,8.,10.7004784013756));
#7494=CARTESIAN_POINT('Origin',(-33.782153283836,8.,10.4352421799337));
#7495=CARTESIAN_POINT('',(-33.3940594131627,8.,10.5629531715765));
#7496=CARTESIAN_POINT('',(-33.3940594131627,8.,10.5629531715765));
#7497=CARTESIAN_POINT('',(-33.3368156631772,8.,10.4325390476958));
#7498=CARTESIAN_POINT('Origin',(-33.4297226935819,8.,10.4695288947005));
#7499=CARTESIAN_POINT('',(-33.1019953600215,8.,9.90870326764491));
#7500=CARTESIAN_POINT('Origin',(-32.9651875415588,8.,10.2845796596778));
#7501=CARTESIAN_POINT('',(-32.5381807719724,8.,9.70349153994975));
#7502=CARTESIAN_POINT('',(-32.5381807719724,8.,9.70349153994975));
#7503=CARTESIAN_POINT('',(-32.2818386667243,8.,9.82302582673484));
#7504=CARTESIAN_POINT('Origin',(-32.4697768627408,8.,9.89142973596623));
#7505=CARTESIAN_POINT('',(-31.8678820353237,8.,10.9603623241403));
#7506=CARTESIAN_POINT('',(-31.8678820353237,8.,10.9603623241403));
#7507=CARTESIAN_POINT('',(-32.5627051936778,8.,12.2719365401784));
#7508=CARTESIAN_POINT('Origin',(-32.8075730154064,8.,11.3023818702989));
#7509=CARTESIAN_POINT('',(-31.9719157943446,8.,14.1797527781452));
#7510=CARTESIAN_POINT('Origin',(-32.3178373719494,8.,13.2414912100574));
#7511=CARTESIAN_POINT('',(-31.7892322236407,8.,14.1124003562527));
#7512=CARTESIAN_POINT('',(-31.7892322236407,8.,14.1124003562527));
#7513=CARTESIAN_POINT('',(-30.5036196659581,8.,14.7086423781838));
#7514=CARTESIAN_POINT('Origin',(-31.4433106460409,8.,15.0506619243424));
#7515=CARTESIAN_POINT('',(-30.09291357131,8.,15.8370480992631));
#7516=CARTESIAN_POINT('',(-30.09291357131,8.,15.8370480992631));
#7517=CARTESIAN_POINT('',(-30.2124478580952,8.,16.0933902045118));
#7518=CARTESIAN_POINT('Origin',(-30.2808517673268,8.,15.9054520084949));
#7519=CARTESIAN_POINT('',(-30.7762624461446,8.,16.2986019322065));
#7520=CARTESIAN_POINT('',(-30.7762624461446,8.,16.2986019322065));
#7521=CARTESIAN_POINT('',(-31.290737875622,8.,16.0545080005817));
#7522=CARTESIAN_POINT('Origin',(-30.9130702646077,8.,15.9227255401736));
#7523=CARTESIAN_POINT('',(-31.3851547783758,8.,15.9874537902837));
#7524=CARTESIAN_POINT('Origin',(-31.3851547783758,8.,16.0874536156838));
#7525=CARTESIAN_POINT('',(-31.659677424397,8.,15.9874537902836));
#7526=CARTESIAN_POINT('',(-31.659677424397,8.,15.9874537902836));
#7527=CARTESIAN_POINT('',(-31.9768845951963,8.,16.1895370440798));
#7528=CARTESIAN_POINT('Origin',(-31.6596774243972,8.,16.3374531791838));
#7529=CARTESIAN_POINT('',(-32.8190542744108,8.,17.9955757493987));
#7530=CARTESIAN_POINT('',(-32.8190542744108,8.,17.9955757493987));
#7531=CARTESIAN_POINT('',(-30.9200709019921,8.,23.2129896850378));
#7532=CARTESIAN_POINT('',(-30.9200709019921,8.,23.2129896850378));
#7533=CARTESIAN_POINT('',(-29.5105344318685,8.,24.1999577467999));
#7534=CARTESIAN_POINT('Origin',(-29.5105344318685,8.,22.6999603658001));
#7535=CARTESIAN_POINT('',(-27.0359832228238,8.,24.1999577467998));
#7536=CARTESIAN_POINT('',(-21.6648275518885,8.,21.904117360446));
#7537=CARTESIAN_POINT('',(-21.6648275518885,8.,21.904117360446));
#7538=CARTESIAN_POINT('',(-20.6648379324373,8.,20.8999635085998));
#7539=CARTESIAN_POINT('Origin',(-20.6648379324373,8.,21.8999617626002));
#7540=CARTESIAN_POINT('',(-19.4640136457305,8.,20.8999635086002));
#7541=CARTESIAN_POINT('',(-19.4640136457305,8.,20.8999635086002));
#7542=CARTESIAN_POINT('Origin',(-19.4640136457303,8.,21.0999631594004));
#7543=CARTESIAN_POINT('',(-18.359091089328,8.,21.0999631593586));
#7544=CARTESIAN_POINT('',(-19.4640136457747,8.,19.995040602998));
#7545=CARTESIAN_POINT('Origin',(-19.4640136457303,8.,21.0999631594004));
#7546=CARTESIAN_POINT('',(-25.8640024713532,8.,19.9950406029981));
#7547=CARTESIAN_POINT('',(-19.887441623725,8.,19.995040602997));
#7548=CARTESIAN_POINT('',(-26.9689250277322,8.,21.0999631593586));
#7549=CARTESIAN_POINT('Origin',(-25.8640024713297,8.,21.0999631594003));
#7550=CARTESIAN_POINT('',(-26.9689250277327,8.,21.6999621117429));
#7551=CARTESIAN_POINT('',(-26.9689250277273,8.,15.1106503085947));
#7552=CARTESIAN_POINT('',(-26.6316724482749,8.,22.5754262502596));
#7553=CARTESIAN_POINT('Origin',(-25.6640028205307,8.,21.6999621118003));
#7554=CARTESIAN_POINT('',(-27.3332304105861,8.,23.2950348411686));
#7555=CARTESIAN_POINT('',(-20.4647064310658,8.,16.2497882214253));
#7556=CARTESIAN_POINT('',(-29.5105344319018,8.,23.2950348411976));
#7557=CARTESIAN_POINT('',(-21.2272197034136,8.,23.2950348410871));
#7558=CARTESIAN_POINT('',(-30.0697215252876,8.,22.9034878232051));
#7559=CARTESIAN_POINT('Origin',(-29.5105344318685,8.,22.6999603658001));
#7560=CARTESIAN_POINT('',(-31.8405050288857,8.,18.0383001321752));
#7561=CARTESIAN_POINT('',(-31.4101485043982,8.,19.2206949655563));
#7562=CARTESIAN_POINT('',(-31.4155669448519,8.,17.1270174701931));
#7563=CARTESIAN_POINT('',(-28.6397226772504,8.,11.1742002281722));
#7564=CARTESIAN_POINT('',(-30.4667605842405,8.,17.1489513089182));
#7565=CARTESIAN_POINT('Origin',(-30.9130702646077,8.,15.9227255401736));
#7566=CARTESIAN_POINT('',(-29.9029459962912,8.,16.9437395812565));
#7567=CARTESIAN_POINT('',(-22.4015163774822,8.,14.2134424855266));
#7568=CARTESIAN_POINT('',(-29.2425641947193,8.,15.52754623699));
#7569=CARTESIAN_POINT('Origin',(-30.2808517673268,8.,15.9054520084949));
#7570=CARTESIAN_POINT('',(-31.5218717433387,8.,9.26520021457691));
#7571=CARTESIAN_POINT('',(-29.4460797220253,8.,14.9683919211557));
#7572=CARTESIAN_POINT('',(-33.5560624206101,8.,9.03960947943432));
#7573=CARTESIAN_POINT('',(-23.4290487245837,8.,10.1626902653271));
#7574=CARTESIAN_POINT('',(-33.5560624206101,8.,9.93386049521032));
#7575=CARTESIAN_POINT('',(-33.5560624206101,8.,9.08047346863738));
#7576=CARTESIAN_POINT('',(-35.0388911079062,8.,9.26520021457691));
#7577=CARTESIAN_POINT('',(-26.0484528797905,8.,13.3193090945385));
#7578=CARTESIAN_POINT('',(-35.4481732161366,8.,8.14070686377818));
#7579=CARTESIAN_POINT('',(-33.8970463051968,8.,12.4023930272373));
#7580=CARTESIAN_POINT('',(-35.4843574857263,8.,7.9354956735915));
#7581=CARTESIAN_POINT('Origin',(-34.8843601047261,8.,7.93549567353714));
#7582=CARTESIAN_POINT('',(-35.4843574857262,8.,0.899999999999994));
#7583=CARTESIAN_POINT('',(-35.4843574857263,8.,8.52841656571593));
#7584=CARTESIAN_POINT('',(0.,8.,0.9));
#7585=CARTESIAN_POINT('',(-25.3027832410783,8.,0.900000000000041));
#7586=CARTESIAN_POINT('',(-6.15621645928181,8.,14.199683782189));
#7587=CARTESIAN_POINT('',(-2.90111583524153,8.,7.16747345214606));
#7588=CARTESIAN_POINT('',(-6.9978514476359,8.,13.8101040558686));
#7589=CARTESIAN_POINT('',(-10.8157051222554,8.,12.0428790589631));
#7590=CARTESIAN_POINT('',(-11.3905569017706,8.,23.2999577468));
#7591=CARTESIAN_POINT('',(-6.82085905323653,8.,13.4277356169202));
#7592=CARTESIAN_POINT('',(-17.9885503677951,8.,23.2999577467999));
#7593=CARTESIAN_POINT('',(-13.2558829491006,8.,23.2999577468));
#7594=CARTESIAN_POINT('',(-18.3590910893279,8.,22.9198832542735));
#7595=CARTESIAN_POINT('',(-20.8334331269878,8.,20.3818780104505));
#7596=CARTESIAN_POINT('',(-18.3590910893292,8.,15.4106497848206));
#7597=CARTESIAN_POINT('',(-9.47692111689355,8.,20.5576949110333));
#7598=CARTESIAN_POINT('',(-7.7607188013931,8.,17.077580881969));
#7599=CARTESIAN_POINT('',(-5.77741595781985,8.,22.3820889588097));
#7600=CARTESIAN_POINT('',(-2.71068568727108,8.,16.1633751501287));
#7601=CARTESIAN_POINT('',(-12.1655147926255,8.,19.2318272373894));
#7602=CARTESIAN_POINT('Origin',(-8.51970823528944,4.,23.2797834006412));
#7603=CARTESIAN_POINT('',(-10.6459660843984,4.,24.1999577468));
#7604=CARTESIAN_POINT('Origin',(-8.97348800524904,4.,24.1999577468001));
#7605=CARTESIAN_POINT('Origin',(-3.07636004772321,8.,16.9048893995763));
#7606=CARTESIAN_POINT('',(-5.77741595781985,0.,22.3820889588097));
#7607=CARTESIAN_POINT('',(-2.71068568727108,0.,16.1633751501287));
#7608=CARTESIAN_POINT('',(-5.77741595781985,8.,22.3820889588097));
#7609=CARTESIAN_POINT('Origin',(-9.47692111689355,8.,20.5576949110333));
#7610=CARTESIAN_POINT('',(-9.47692111689355,0.,20.5576949110333));
#7611=CARTESIAN_POINT('',(-7.7607188013931,5.55111512312578E-16,17.077580881969));
#7612=CARTESIAN_POINT('',(-9.47692111689355,8.,20.5576949110333));
#7613=CARTESIAN_POINT('Origin',(-5.77741595781985,8.,22.3820889588097));
#7614=CARTESIAN_POINT('',(-12.1655147926255,0.,19.2318272373894));
#7615=CARTESIAN_POINT('Origin',(-10.9623696926721,4.65,8.73673498732232));
#7616=CARTESIAN_POINT('',(-10.2123696926721,3.35,8.73673498732232));
#7617=CARTESIAN_POINT('',(-10.9623696926721,3.35,9.48673498732232));
#7618=CARTESIAN_POINT('Origin',(-10.9623696926721,3.35,8.73673498732232));
#7619=CARTESIAN_POINT('',(-10.2123696926721,4.65,8.73673498732232));
#7620=CARTESIAN_POINT('',(-10.9623696926721,4.65,9.48673498732232));
#7621=CARTESIAN_POINT('Origin',(-19.3744614668343,3.35,10.6425765715035));
#7622=CARTESIAN_POINT('',(-19.9148379324179,3.35,9.48673498732232));
#7623=CARTESIAN_POINT('',(-11.4491616823934,3.35,9.48673498732232));
#7624=CARTESIAN_POINT('',(-20.6648379324179,3.35,8.73673498732232));
#7625=CARTESIAN_POINT('Origin',(-19.9148379324179,3.35,8.73673498732232));
#7626=CARTESIAN_POINT('',(-20.6648379324179,3.35,0.899999999999996));
#7627=CARTESIAN_POINT('',(-20.6648379324179,3.35,15.4806207492855));
#7628=CARTESIAN_POINT('',(-10.2123696926721,3.35,0.899999999999997));
#7629=CARTESIAN_POINT('',(0.,3.35,0.899999999999999));
#7630=CARTESIAN_POINT('',(-10.2123696926721,3.35,5.59902740040796));
#7631=CARTESIAN_POINT('Origin',(-3.52386189795242,4.65,9.48673498732232));
#7632=CARTESIAN_POINT('',(-19.9148379324179,4.65,9.48673498732232));
#7633=CARTESIAN_POINT('Origin',(-8.46236969267213,4.65,8.73673498732232));
#7634=CARTESIAN_POINT('',(-8.46236969267213,3.35,9.48673498732232));
#7635=CARTESIAN_POINT('',(-9.21236969267213,3.35,8.73673498732232));
#7636=CARTESIAN_POINT('Origin',(-8.46236969267213,3.35,8.73673498732232));
#7637=CARTESIAN_POINT('',(-8.46236969267213,4.65,9.48673498732232));
#7638=CARTESIAN_POINT('',(-9.21236969267213,4.65,8.73673498732232));
#7639=CARTESIAN_POINT('Origin',(-9.21236969267213,4.65,20.7546415739737));
#7640=CARTESIAN_POINT('',(-9.21236969267213,3.35,0.899999999999997));
#7641=CARTESIAN_POINT('',(-9.21236969267213,2.325,0.899999999999997));
#7642=CARTESIAN_POINT('',(-9.21236969267213,3.35,15.6986090727386));
#7643=CARTESIAN_POINT('Origin',(-8.46236969267213,4.65,11.2367349873223));
#7644=CARTESIAN_POINT('',(-9.21236969267213,3.35,11.2367349873223));
#7645=CARTESIAN_POINT('',(-8.46236969267212,3.35,10.4867349873223));
#7646=CARTESIAN_POINT('Origin',(-8.46236969267213,3.35,11.2367349873223));
#7647=CARTESIAN_POINT('',(-9.21236969267213,4.65,11.2367349873223));
#7648=CARTESIAN_POINT('',(-8.46236969267213,4.65,10.4867349873223));
#7649=CARTESIAN_POINT('Origin',(-19.3744614668343,3.35,10.6425765715035));
#7650=CARTESIAN_POINT('',(-4.43755029715547,3.35,10.4867349873223));
#7651=CARTESIAN_POINT('',(-25.60748324786,3.35,10.4867349873223));
#7652=CARTESIAN_POINT('',(-6.15621645928181,3.35,14.199683782189));
#7653=CARTESIAN_POINT('',(-6.15621645928181,3.35,14.199683782189));
#7654=CARTESIAN_POINT('',(-6.9978514476359,3.35,13.8101040558686));
#7655=CARTESIAN_POINT('',(-6.9978514476359,3.35,13.8101040558686));
#7656=CARTESIAN_POINT('',(-9.21236969267213,3.35,18.5942750777409));
#7657=CARTESIAN_POINT('',(-11.3905569017706,3.35,23.2999577468));
#7658=CARTESIAN_POINT('',(-9.21236969267213,3.35,15.6986090727386));
#7659=CARTESIAN_POINT('Origin',(-31.8405050288857,4.65,10.4867349873223));
#7660=CARTESIAN_POINT('',(-4.43755029715547,2.325,10.4867349873223));
#7661=CARTESIAN_POINT('Origin',(-10.9623696926721,4.65,11.2367349873223));
#7662=CARTESIAN_POINT('',(-10.9623696926721,3.35,10.4867349873223));
#7663=CARTESIAN_POINT('',(-10.2123696926721,3.35,11.2367349873223));
#7664=CARTESIAN_POINT('Origin',(-10.9623696926721,3.35,11.2367349873223));
#7665=CARTESIAN_POINT('',(-10.9623696926721,4.65,10.4867349873223));
#7666=CARTESIAN_POINT('',(-10.2123696926721,4.65,11.2367349873223));
#7667=CARTESIAN_POINT('Origin',(-10.2123696926721,4.65,0.555478229312443));
#7668=CARTESIAN_POINT('',(-10.2123696926721,3.35,20.0046415739737));
#7669=CARTESIAN_POINT('',(-10.2123696926721,4.65,20.0046415739737));
#7670=CARTESIAN_POINT('',(-10.2123696926721,3.35,5.59902740040796));
#7671=CARTESIAN_POINT('Origin',(-19.9148379324179,4.65,8.73673498732232));
#7672=CARTESIAN_POINT('',(-20.6648379324179,4.65,8.73673498732232));
#7673=CARTESIAN_POINT('Origin',(-20.6648379324179,4.65,20.3186649270676));
#7674=CARTESIAN_POINT('',(-20.6648379324179,2.325,0.899999999999996));
#7675=CARTESIAN_POINT('Origin',(-19.9148379324179,4.65,11.2367349873223));
#7676=CARTESIAN_POINT('',(-20.6648379324179,3.35,11.2367349873223));
#7677=CARTESIAN_POINT('',(-19.9148379324179,3.35,10.4867349873223));
#7678=CARTESIAN_POINT('Origin',(-19.9148379324179,3.35,11.2367349873223));
#7679=CARTESIAN_POINT('',(-20.6648379324179,4.65,11.2367349873223));
#7680=CARTESIAN_POINT('',(-19.9148379324179,4.65,10.4867349873223));
#7681=CARTESIAN_POINT('Origin',(-31.8405050288857,4.65,10.4867349873223));
#7682=CARTESIAN_POINT('',(-25.60748324786,3.35,10.4867349873223));
#7683=CARTESIAN_POINT('Origin',(-22.4148379324179,4.65,8.73673498732232));
#7684=CARTESIAN_POINT('',(-21.6648379324179,3.35,8.73673498732232));
#7685=CARTESIAN_POINT('',(-22.4148379324179,3.35,9.48673498732232));
#7686=CARTESIAN_POINT('Origin',(-22.4148379324179,3.35,8.73673498732232));
#7687=CARTESIAN_POINT('',(-21.6648379324179,4.65,8.73673498732232));
#7688=CARTESIAN_POINT('',(-22.4148379324179,4.65,9.48673498732232));
#7689=CARTESIAN_POINT('Origin',(-19.3744614668343,3.35,10.6425765715035));
#7690=CARTESIAN_POINT('',(-31.441239680212,3.35,9.48673498732232));
#7691=CARTESIAN_POINT('',(-11.4491616823934,3.35,9.48673498732232));
#7692=CARTESIAN_POINT('',(-31.5218717433387,3.35,9.26520021457691));
#7693=CARTESIAN_POINT('',(-31.5218717433387,3.35,9.26520021457691));
#7694=CARTESIAN_POINT('',(-33.5560624206101,3.35,9.03960947943432));
#7695=CARTESIAN_POINT('',(-33.5560624206101,3.35,9.03960947943432));
#7696=CARTESIAN_POINT('',(-33.5560624206101,3.35,9.93386049521032));
#7697=CARTESIAN_POINT('',(-33.5560624206101,3.35,9.93386049521032));
#7698=CARTESIAN_POINT('',(-35.0388911079062,3.35,9.26520021457691));
#7699=CARTESIAN_POINT('',(-35.0388911079062,3.35,9.26520021457691));
#7700=CARTESIAN_POINT('',(-35.4481732161366,3.35,8.14070686377818));
#7701=CARTESIAN_POINT('',(-35.4481732161366,3.35,8.14070686377818));
#7702=CARTESIAN_POINT('',(-35.4843574857263,3.35,7.9354956735915));
#7703=CARTESIAN_POINT('Origin',(-34.8843601047261,3.35,7.93549567353714));
#7704=CARTESIAN_POINT('',(-35.4843574857262,3.35,0.899999999999994));
#7705=CARTESIAN_POINT('',(-35.4843574857262,3.35,0.899999999999994));
#7706=CARTESIAN_POINT('',(-21.6648379324179,3.35,0.899999999999996));
#7707=CARTESIAN_POINT('',(0.,3.35,0.899999999999999));
#7708=CARTESIAN_POINT('',(-21.6648379324179,3.35,5.59902740040796));
#7709=CARTESIAN_POINT('Origin',(-3.52386189795242,4.65,9.48673498732232));
#7710=CARTESIAN_POINT('',(-31.441239680212,2.325,9.48673498732232));
#7711=CARTESIAN_POINT('Origin',(-22.4148379324179,4.65,11.2367349873223));
#7712=CARTESIAN_POINT('',(-22.4148379324179,4.65,10.4867349873223));
#7713=CARTESIAN_POINT('Origin',(-10.9623696926721,4.65,19.2546415739737));
#7714=CARTESIAN_POINT('',(-10.9623696926721,4.65,20.0046415739737));
#7715=CARTESIAN_POINT('',(-10.2123696926721,4.65,19.2546415739737));
#7716=CARTESIAN_POINT('Origin',(-10.9623696926721,4.65,19.2546415739737));
#7717=CARTESIAN_POINT('',(-10.9623696926721,5.65,20.0046415739737));
#7718=CARTESIAN_POINT('',(-10.9623696926721,4.65,20.0046415739737));
#7719=CARTESIAN_POINT('',(-10.2123696926721,5.65,19.2546415739737));
#7720=CARTESIAN_POINT('Origin',(-10.9623696926721,5.65,19.2546415739737));
#7721=CARTESIAN_POINT('',(-10.2123696926721,4.65,19.2546415739737));
#7722=CARTESIAN_POINT('Origin',(-8.37591243640946,4.65,20.0046415739737));
#7723=CARTESIAN_POINT('',(-19.3186710155601,4.65,20.0046415739737));
#7724=CARTESIAN_POINT('',(-13.8751869516219,4.65,20.0046415739737));
#7725=CARTESIAN_POINT('',(-19.3186710155601,5.65,20.0046415739737));
#7726=CARTESIAN_POINT('',(-19.3186710155601,8.,20.0046415739737));
#7727=CARTESIAN_POINT('',(-8.37591243640946,5.65,20.0046415739737));
#7728=CARTESIAN_POINT('Origin',(-22.4148379324179,4.65,8.73673498732232));
#7729=CARTESIAN_POINT('',(-22.4148379324179,4.65,9.48673498732232));
#7730=CARTESIAN_POINT('',(-21.6648379324179,4.65,8.73673498732232));
#7731=CARTESIAN_POINT('Origin',(-22.4148379324179,4.65,8.73673498732232));
#7732=CARTESIAN_POINT('',(-22.4148379324179,5.65,9.48673498732232));
#7733=CARTESIAN_POINT('',(-22.4148379324179,4.65,9.48673498732232));
#7734=CARTESIAN_POINT('',(-21.6648379324179,5.65,8.73673498732232));
#7735=CARTESIAN_POINT('Origin',(-22.4148379324179,5.65,8.73673498732232));
#7736=CARTESIAN_POINT('',(-21.6648379324179,4.65,8.73673498732232));
#7737=CARTESIAN_POINT('Origin',(-19.3744614668343,4.65,10.6425765715035));
#7738=CARTESIAN_POINT('',(-21.6648379324179,4.65,0.900000000000058));
#7739=CARTESIAN_POINT('',(-21.6648379324179,4.65,5.59902740040796));
#7740=CARTESIAN_POINT('',(-35.4843574857262,4.65,0.899999999999994));
#7741=CARTESIAN_POINT('',(-35.4843574857262,4.65,0.899999999999994));
#7742=CARTESIAN_POINT('',(-35.4843574857263,4.65,7.9354956735915));
#7743=CARTESIAN_POINT('',(-35.4843574857263,4.65,7.9354956735915));
#7744=CARTESIAN_POINT('',(-35.4481732161366,4.65,8.14070686377818));
#7745=CARTESIAN_POINT('Origin',(-34.8843601047261,4.65,7.93549567353714));
#7746=CARTESIAN_POINT('',(-35.0388911079062,4.65,9.26520021457691));
#7747=CARTESIAN_POINT('',(-35.0388911079062,4.65,9.26520021457691));
#7748=CARTESIAN_POINT('',(-33.5560624206101,4.65,9.93386049521032));
#7749=CARTESIAN_POINT('',(-33.5560624206101,4.65,9.93386049521032));
#7750=CARTESIAN_POINT('',(-33.5560624206101,4.65,9.03960947943432));
#7751=CARTESIAN_POINT('',(-33.5560624206101,4.65,9.03960947943432));
#7752=CARTESIAN_POINT('',(-31.5218717433387,4.65,9.26520021457691));
#7753=CARTESIAN_POINT('',(-31.5218717433387,4.65,9.26520021457691));
#7754=CARTESIAN_POINT('',(-31.441239680212,4.65,9.48673498732232));
#7755=CARTESIAN_POINT('',(-29.2425641947193,4.65,15.52754623699));
#7756=CARTESIAN_POINT('',(-11.4491616823934,4.65,9.48673498732232));
#7757=CARTESIAN_POINT('Origin',(-21.6648379324179,4.65,0.555478229312443));
#7758=CARTESIAN_POINT('',(-21.6648379324179,5.65,0.900000000000059));
#7759=CARTESIAN_POINT('',(-21.6648379324179,5.65,20.3186649270676));
#7760=CARTESIAN_POINT('',(-21.6648379324179,6.325,0.900000000000058));
#7761=CARTESIAN_POINT('Origin',(-19.9148379324179,4.65,8.73673498732232));
#7762=CARTESIAN_POINT('',(-20.6648379324179,4.65,8.73673498732232));
#7763=CARTESIAN_POINT('',(-19.9148379324179,4.65,9.48673498732232));
#7764=CARTESIAN_POINT('Origin',(-19.9148379324179,4.65,8.73673498732232));
#7765=CARTESIAN_POINT('',(-20.6648379324179,5.65,8.73673498732232));
#7766=CARTESIAN_POINT('',(-20.6648379324179,4.65,8.73673498732232));
#7767=CARTESIAN_POINT('',(-19.9148379324179,5.65,9.48673498732232));
#7768=CARTESIAN_POINT('Origin',(-19.9148379324179,5.65,8.73673498732232));
#7769=CARTESIAN_POINT('',(-19.9148379324179,4.65,9.48673498732232));
#7770=CARTESIAN_POINT('Origin',(-3.52386189795242,4.65,9.48673498732232));
#7771=CARTESIAN_POINT('',(-10.9623696926721,5.65,9.48673498732232));
#7772=CARTESIAN_POINT('',(-31.8405050288857,5.65,9.48673498732232));
#7773=CARTESIAN_POINT('',(-10.9623696926721,4.65,9.48673498732232));
#7774=CARTESIAN_POINT('',(-10.9623696926721,4.65,9.48673498732232));
#7775=CARTESIAN_POINT('',(-11.4491616823934,4.65,9.48673498732232));
#7776=CARTESIAN_POINT('Origin',(-22.4148379324179,4.65,11.2367349873223));
#7777=CARTESIAN_POINT('',(-21.6648379324179,4.65,11.2367349873223));
#7778=CARTESIAN_POINT('',(-22.4148379324179,4.65,10.4867349873223));
#7779=CARTESIAN_POINT('Origin',(-22.4148379324179,4.65,11.2367349873223));
#7780=CARTESIAN_POINT('',(-21.6648379324179,5.65,11.2367349873223));
#7781=CARTESIAN_POINT('',(-21.6648379324179,4.65,11.2367349873223));
#7782=CARTESIAN_POINT('',(-22.4148379324179,5.65,10.4867349873223));
#7783=CARTESIAN_POINT('Origin',(-22.4148379324179,5.65,11.2367349873223));
#7784=CARTESIAN_POINT('',(-22.4148379324179,4.65,10.4867349873223));
#7785=CARTESIAN_POINT('Origin',(-19.3744614668343,4.65,10.6425765715035));
#7786=CARTESIAN_POINT('',(-31.07726944598,4.65,10.4867349873223));
#7787=CARTESIAN_POINT('',(-25.60748324786,4.65,10.4867349873223));
#7788=CARTESIAN_POINT('',(-29.2425641947193,4.65,15.52754623699));
#7789=CARTESIAN_POINT('',(-29.2425641947193,4.65,15.52754623699));
#7790=CARTESIAN_POINT('',(-29.9029459962912,4.65,16.9437395812565));
#7791=CARTESIAN_POINT('Origin',(-30.2808517673268,4.65,15.9054520084949));
#7792=CARTESIAN_POINT('',(-30.4667605842405,4.65,17.1489513089182));
#7793=CARTESIAN_POINT('',(-30.4667605842405,4.65,17.1489513089182));
#7794=CARTESIAN_POINT('',(-31.4155669448519,4.65,17.1270174701931));
#7795=CARTESIAN_POINT('Origin',(-30.9130702646077,4.65,15.9227255401736));
#7796=CARTESIAN_POINT('',(-31.8405050288857,4.65,18.0383001321752));
#7797=CARTESIAN_POINT('',(-31.8405050288857,4.65,18.0383001321752));
#7798=CARTESIAN_POINT('',(-31.1248152736892,4.65,20.0046415739737));
#7799=CARTESIAN_POINT('',(-30.0697215252876,4.65,22.9034878232051));
#7800=CARTESIAN_POINT('',(-26.0093451015003,4.65,20.0046415739737));
#7801=CARTESIAN_POINT('',(-13.8751869516219,4.65,20.0046415739737));
#7802=CARTESIAN_POINT('',(-25.8640024713532,4.65,19.9950406029981));
#7803=CARTESIAN_POINT('Origin',(-25.8640024713297,4.65,21.0999631594003));
#7804=CARTESIAN_POINT('',(-21.6648379324179,4.65,19.9950406029976));
#7805=CARTESIAN_POINT('',(-24.6536742510216,4.65,19.9950406029979));
#7806=CARTESIAN_POINT('',(-21.6648379324179,4.65,5.59902740040796));
#7807=CARTESIAN_POINT('Origin',(-31.8405050288857,4.65,10.4867349873223));
#7808=CARTESIAN_POINT('',(-31.07726944598,5.65,10.4867349873223));
#7809=CARTESIAN_POINT('',(-3.52386189795242,5.65,10.4867349873223));
#7810=CARTESIAN_POINT('',(-31.07726944598,6.325,10.4867349873223));
#7811=CARTESIAN_POINT('Origin',(-19.9148379324179,4.65,11.2367349873223));
#7812=CARTESIAN_POINT('',(-19.9148379324179,4.65,10.4867349873223));
#7813=CARTESIAN_POINT('',(-20.6648379324179,4.65,11.2367349873223));
#7814=CARTESIAN_POINT('Origin',(-19.9148379324179,4.65,11.2367349873223));
#7815=CARTESIAN_POINT('',(-19.9148379324179,5.65,10.4867349873223));
#7816=CARTESIAN_POINT('',(-19.9148379324179,4.65,10.4867349873223));
#7817=CARTESIAN_POINT('',(-20.6648379324179,5.65,11.2367349873223));
#7818=CARTESIAN_POINT('Origin',(-19.9148379324179,5.65,11.2367349873223));
#7819=CARTESIAN_POINT('',(-20.6648379324179,4.65,11.2367349873223));
#7820=CARTESIAN_POINT('Origin',(-31.8405050288857,4.65,10.4867349873223));
#7821=CARTESIAN_POINT('',(-10.9623696926721,4.65,10.4867349873223));
#7822=CARTESIAN_POINT('',(-25.60748324786,4.65,10.4867349873223));
#7823=CARTESIAN_POINT('',(-10.9623696926721,5.65,10.4867349873223));
#7824=CARTESIAN_POINT('',(-10.9623696926721,4.65,10.4867349873223));
#7825=CARTESIAN_POINT('',(-3.52386189795242,5.65,10.4867349873223));
#7826=CARTESIAN_POINT('Origin',(-10.9623696926721,4.65,8.73673498732232));
#7827=CARTESIAN_POINT('',(-10.2123696926721,4.65,8.73673498732232));
#7828=CARTESIAN_POINT('Origin',(-10.9623696926721,4.65,8.73673498732232));
#7829=CARTESIAN_POINT('',(-10.2123696926721,5.65,8.73673498732232));
#7830=CARTESIAN_POINT('Origin',(-10.9623696926721,5.65,8.73673498732232));
#7831=CARTESIAN_POINT('',(-10.2123696926721,4.65,8.73673498732232));
#7832=CARTESIAN_POINT('Origin',(-10.2123696926721,4.65,0.555478229312443));
#7833=CARTESIAN_POINT('',(-10.2123696926721,5.65,0.90000000000011));
#7834=CARTESIAN_POINT('',(-10.2123696926721,5.65,0.555478229312443));
#7835=CARTESIAN_POINT('',(-10.2123696926721,4.65,0.90000000000011));
#7836=CARTESIAN_POINT('',(-10.2123696926721,6.325,0.90000000000011));
#7837=CARTESIAN_POINT('',(-10.2123696926721,4.65,5.59902740040796));
#7838=CARTESIAN_POINT('Origin',(-10.9623696926721,4.65,11.2367349873223));
#7839=CARTESIAN_POINT('',(-10.2123696926721,4.65,11.2367349873223));
#7840=CARTESIAN_POINT('Origin',(-10.9623696926721,4.65,11.2367349873223));
#7841=CARTESIAN_POINT('',(-10.2123696926721,5.65,11.2367349873223));
#7842=CARTESIAN_POINT('',(-10.2123696926721,4.65,11.2367349873223));
#7843=CARTESIAN_POINT('Origin',(-10.9623696926721,5.65,11.2367349873223));
#7844=CARTESIAN_POINT('Origin',(-19.3744614668343,4.65,10.6425765715035));
#7845=CARTESIAN_POINT('',(-10.2123696926721,4.65,5.59902740040796));
#7846=CARTESIAN_POINT('',(-20.6648379324179,4.65,19.9950406029976));
#7847=CARTESIAN_POINT('',(-20.6648379324179,4.65,15.4806207492855));
#7848=CARTESIAN_POINT('',(-19.4640136457747,4.65,19.995040602998));
#7849=CARTESIAN_POINT('',(-19.4640136457747,4.65,19.995040602998));
#7850=CARTESIAN_POINT('Origin',(-19.4640136457303,4.65,21.0999631594004));
#7851=CARTESIAN_POINT('Origin',(-8.46236969267213,4.65,8.73673498732232));
#7852=CARTESIAN_POINT('',(-9.21236969267213,4.65,8.73673498732232));
#7853=CARTESIAN_POINT('',(-8.46236969267213,4.65,9.48673498732232));
#7854=CARTESIAN_POINT('Origin',(-8.46236969267213,4.65,8.73673498732232));
#7855=CARTESIAN_POINT('',(-9.21236969267213,5.65,8.73673498732232));
#7856=CARTESIAN_POINT('',(-9.21236969267213,4.65,8.73673498732232));
#7857=CARTESIAN_POINT('',(-8.46236969267213,5.65,9.48673498732232));
#7858=CARTESIAN_POINT('Origin',(-8.46236969267213,5.65,8.73673498732232));
#7859=CARTESIAN_POINT('',(-8.46236969267213,4.65,9.48673498732232));
#7860=CARTESIAN_POINT('Origin',(-3.52386189795242,4.65,9.48673498732232));
#7861=CARTESIAN_POINT('',(-3.97466587372833,5.65,9.48673498732232));
#7862=CARTESIAN_POINT('',(-31.8405050288857,5.65,9.48673498732232));
#7863=CARTESIAN_POINT('',(-3.97466587372833,4.65,9.48673498732232));
#7864=CARTESIAN_POINT('',(-3.97466587372833,6.325,9.48673498732232));
#7865=CARTESIAN_POINT('',(-11.4491616823934,4.65,9.48673498732232));
#7866=CARTESIAN_POINT('Origin',(-8.46236969267213,4.65,11.2367349873223));
#7867=CARTESIAN_POINT('',(-8.46236969267212,4.65,10.4867349873223));
#7868=CARTESIAN_POINT('',(-9.21236969267213,4.65,11.2367349873223));
#7869=CARTESIAN_POINT('Origin',(-8.46236969267213,4.65,11.2367349873223));
#7870=CARTESIAN_POINT('',(-8.46236969267213,5.65,10.4867349873223));
#7871=CARTESIAN_POINT('',(-8.46236969267213,4.65,10.4867349873223));
#7872=CARTESIAN_POINT('',(-9.21236969267213,5.65,11.2367349873223));
#7873=CARTESIAN_POINT('Origin',(-8.46236969267213,5.65,11.2367349873223));
#7874=CARTESIAN_POINT('',(-9.21236969267213,4.65,11.2367349873223));
#7875=CARTESIAN_POINT('Origin',(-9.21236969267213,4.65,20.7546415739737));
#7876=CARTESIAN_POINT('',(-9.21236969267213,5.65,18.5942750777409));
#7877=CARTESIAN_POINT('',(-9.21236969267213,5.65,20.7546415739737));
#7878=CARTESIAN_POINT('',(-9.21236969267213,4.65,18.5942750777409));
#7879=CARTESIAN_POINT('',(-9.21236969267213,6.325,18.5942750777409));
#7880=CARTESIAN_POINT('',(-9.21236969267213,4.65,15.6986090727386));
#7881=CARTESIAN_POINT('Origin',(-20.1082087326476,5.65,20.3796415739737));
#7882=CARTESIAN_POINT('',(-21.6648379324179,5.65,19.9950406029976));
#7883=CARTESIAN_POINT('',(-20.6648379324179,5.65,19.9950406029976));
#7884=CARTESIAN_POINT('',(-22.3809414918346,5.65,19.9950406029977));
#7885=CARTESIAN_POINT('',(-20.6648379324179,5.65,0.555478229312443));
#7886=CARTESIAN_POINT('',(-10.2123696926721,5.65,0.555478229312443));
#7887=CARTESIAN_POINT('',(-18.4144390374794,5.65,20.7546415739737));
#7888=CARTESIAN_POINT('Origin',(-19.4640136457303,5.65,21.0999631594004));
#7889=CARTESIAN_POINT('',(-10.2123696926721,5.65,20.7546415739737));
#7890=CARTESIAN_POINT('',(-31.8405050288857,5.65,20.7546415739737));
#7891=CARTESIAN_POINT('',(-9.40671702663666,5.65,19.0141365466701));
#7892=CARTESIAN_POINT('',(-4.43755029715547,5.65,10.4867349873223));
#7893=CARTESIAN_POINT('',(-3.52386189795242,5.65,10.4867349873223));
#7894=CARTESIAN_POINT('',(-5.48697380864166,5.65,12.753874381896));
#7895=CARTESIAN_POINT('',(-9.21236969267213,5.65,0.900000000000114));
#7896=CARTESIAN_POINT('',(-9.21236969267213,5.65,20.7546415739737));
#7897=CARTESIAN_POINT('',(-27.7962831091868,5.65,0.90000000000003));
#7898=CARTESIAN_POINT('',(-20.6648379324179,5.65,0.900000000000062));
#7899=CARTESIAN_POINT('',(-20.6648379324179,5.65,0.555478229312443));
#7900=CARTESIAN_POINT('',(-27.7962831091868,5.65,0.90000000000003));
#7901=CARTESIAN_POINT('',(-31.441239680212,5.65,9.48673498732232));
#7902=CARTESIAN_POINT('',(-31.8405050288857,5.65,9.48673498732232));
#7903=CARTESIAN_POINT('',(-27.9285891992369,5.65,19.1376628671454));
#7904=CARTESIAN_POINT('',(-21.6648379324179,5.65,20.3186649270676));
#7905=CARTESIAN_POINT('Origin',(-20.1082087326476,2.35,20.3796415739737));
#7906=CARTESIAN_POINT('',(-26.9135770795805,2.35,20.7546415739737));
#7907=CARTESIAN_POINT('',(-26.0093451015003,2.35,20.0046415739737));
#7908=CARTESIAN_POINT('Origin',(-25.8640024713297,2.35,21.0999631594003));
#7909=CARTESIAN_POINT('',(-30.8518375979981,2.35,20.7546415739737));
#7910=CARTESIAN_POINT('',(-31.8405050288857,2.35,20.7546415739737));
#7911=CARTESIAN_POINT('',(-31.1248152736892,2.35,20.0046415739737));
#7912=CARTESIAN_POINT('',(-30.7780497333541,2.35,20.9573720659192));
#7913=CARTESIAN_POINT('',(-8.37591243640946,2.35,20.0046415739737));
#7914=CARTESIAN_POINT('Origin',(-3.52386189795242,4.65,9.48673498732232));
#7915=CARTESIAN_POINT('',(-31.441239680212,6.325,9.48673498732232));
#7916=CARTESIAN_POINT('Origin',(-20.6648379324179,4.65,20.3186649270676));
#7917=CARTESIAN_POINT('',(-20.6648379324179,4.65,0.900000000000062));
#7918=CARTESIAN_POINT('',(-20.6648379324179,4.65,15.4806207492855));
#7919=CARTESIAN_POINT('',(-20.6648379324179,6.325,0.900000000000062));
#7920=CARTESIAN_POINT('Origin',(-21.6648379324179,4.65,0.555478229312443));
#7921=CARTESIAN_POINT('',(-21.6648379324179,6.325,19.9950406029976));
#7922=CARTESIAN_POINT('Origin',(-8.37591243640946,4.65,20.0046415739737));
#7923=CARTESIAN_POINT('',(-31.1248152736892,5.65,20.0046415739737));
#7924=CARTESIAN_POINT('',(-31.1248152736892,6.325,20.0046415739737));
#7925=CARTESIAN_POINT('',(-26.0093451015003,5.65,20.0046415739737));
#7926=CARTESIAN_POINT('',(-8.37591243640946,5.65,20.0046415739737));
#7927=CARTESIAN_POINT('',(-26.0093451015003,8.,20.0046415739737));
#7928=CARTESIAN_POINT('Origin',(-8.37591243640946,4.65,20.0046415739737));
#7929=CARTESIAN_POINT('',(-26.0093451015003,0.,20.0046415739737));
#7930=CARTESIAN_POINT('',(-31.1248152736892,2.325,20.0046415739737));
#7931=CARTESIAN_POINT('Origin',(-9.21236969267213,4.65,20.7546415739737));
#7932=CARTESIAN_POINT('',(-9.21236969267213,4.65,0.900000000000115));
#7933=CARTESIAN_POINT('',(-9.21236969267213,4.65,15.6986090727386));
#7934=CARTESIAN_POINT('',(-9.21236969267213,6.325,0.900000000000115));
#7935=CARTESIAN_POINT('Origin',(-20.6648379324179,4.65,20.3186649270676));
#7936=CARTESIAN_POINT('',(-20.6648379324179,8.,19.9950406029976));
#7937=CARTESIAN_POINT('Origin',(-20.6648379324179,4.65,20.3186649270676));
#7938=CARTESIAN_POINT('',(-20.6648379324179,3.35,19.9950406029976));
#7939=CARTESIAN_POINT('',(-20.6648379324179,3.35,15.4806207492855));
#7940=CARTESIAN_POINT('',(-20.6648379324179,0.,19.9950406029976));
#7941=CARTESIAN_POINT('Origin',(-31.8405050288857,4.65,10.4867349873223));
#7942=CARTESIAN_POINT('',(-4.43755029715547,4.65,10.4867349873223));
#7943=CARTESIAN_POINT('',(-25.60748324786,4.65,10.4867349873223));
#7944=CARTESIAN_POINT('',(-4.43755029715547,6.325,10.4867349873223));
#7945=CARTESIAN_POINT('Origin',(-9.21236969267213,4.65,20.7546415739737));
#7946=CARTESIAN_POINT('',(-9.21236969267213,2.325,18.5942750777409));
#7947=CARTESIAN_POINT('Origin',(-10.2123696926721,4.65,0.555478229312443));
#7948=CARTESIAN_POINT('Origin',(-8.37591243640946,4.65,20.0046415739737));
#7949=CARTESIAN_POINT('',(-19.3186710155601,3.35,20.0046415739737));
#7950=CARTESIAN_POINT('',(-19.3186710155601,0.,20.0046415739737));
#7951=CARTESIAN_POINT('',(-13.8751869516219,3.35,20.0046415739737));
#7952=CARTESIAN_POINT('Origin',(-31.8405050288857,4.65,20.7546415739737));
#7953=CARTESIAN_POINT('',(-26.9135770795805,3.35,20.7546415739737));
#7954=CARTESIAN_POINT('',(-26.9135770795805,0.,20.7546415739737));
#7955=CARTESIAN_POINT('',(-30.8518375979981,3.35,20.7546415739737));
#7956=CARTESIAN_POINT('',(-25.60748324786,3.35,20.7546415739737));
#7957=CARTESIAN_POINT('',(-30.8518375979981,2.325,20.7546415739737));
#7958=CARTESIAN_POINT('Origin',(-31.8405050288857,4.65,20.7546415739737));
#7959=CARTESIAN_POINT('',(-30.8518375979981,4.65,20.7546415739737));
#7960=CARTESIAN_POINT('',(-30.8518375979981,5.65,20.7546415739737));
#7961=CARTESIAN_POINT('',(-30.8518375979981,6.325,20.7546415739737));
#7962=CARTESIAN_POINT('',(-26.9135770795805,4.65,20.7546415739737));
#7963=CARTESIAN_POINT('',(-25.60748324786,4.65,20.7546415739737));
#7964=CARTESIAN_POINT('',(-26.9135770795805,5.65,20.7546415739737));
#7965=CARTESIAN_POINT('',(-26.9135770795805,8.,20.7546415739737));
#7966=CARTESIAN_POINT('',(-31.8405050288857,5.65,20.7546415739737));
#7967=CARTESIAN_POINT('Origin',(-31.8405050288857,4.65,20.7546415739737));
#7968=CARTESIAN_POINT('',(-10.2123696926721,4.65,20.7546415739737));
#7969=CARTESIAN_POINT('',(-10.2123696926721,6.325,20.7546415739737));
#7970=CARTESIAN_POINT('',(-18.4144390374794,4.65,20.7546415739737));
#7971=CARTESIAN_POINT('',(-18.4144390374794,8.,20.7546415739737));
#7972=CARTESIAN_POINT('',(-25.60748324786,4.65,20.7546415739737));
#7973=CARTESIAN_POINT('Origin',(-31.8405050288857,4.65,20.7546415739737));
#7974=CARTESIAN_POINT('',(-10.2123696926721,3.35,20.7546415739737));
#7975=CARTESIAN_POINT('',(-10.2123696926721,2.325,20.7546415739737));
#7976=CARTESIAN_POINT('',(-18.4144390374794,3.35,20.7546415739737));
#7977=CARTESIAN_POINT('',(-25.60748324786,3.35,20.7546415739737));
#7978=CARTESIAN_POINT('',(-18.4144390374794,0.,20.7546415739737));
#7979=CARTESIAN_POINT('Origin',(-20.1082087326476,5.65,20.3796415739737));
#7980=CARTESIAN_POINT('',(-29.892657981555,5.65,23.3899659114341));
#7981=CARTESIAN_POINT('Origin',(-25.8640024713297,5.65,21.0999631594003));
#7982=CARTESIAN_POINT('Origin',(-31.8405050288857,4.65,10.4867349873223));
#7983=CARTESIAN_POINT('',(-31.07726944598,2.325,10.4867349873223));
#7984=CARTESIAN_POINT('Origin',(-3.52386189795242,4.65,9.48673498732232));
#7985=CARTESIAN_POINT('',(-3.97466587372833,3.35,9.48673498732232));
#7986=CARTESIAN_POINT('',(-11.4491616823934,3.35,9.48673498732232));
#7987=CARTESIAN_POINT('',(-3.97466587372833,2.325,9.48673498732232));
#7988=CARTESIAN_POINT('Origin',(-21.6648379324179,4.65,0.555478229312443));
#7989=CARTESIAN_POINT('',(-21.6648379324179,2.325,0.899999999999996));
#7990=CARTESIAN_POINT('Origin',(-10.2123696926721,4.65,0.555478229312443));
#7991=CARTESIAN_POINT('',(-10.2123696926721,2.325,0.899999999999997));
#7992=CARTESIAN_POINT('Origin',(0.,0.,0.899999999999999));
#7993=CARTESIAN_POINT('',(-35.4843574857262,0.,0.899999999999994));
#7994=CARTESIAN_POINT('',(-35.4843574857262,0.,0.899999999999994));
#7995=CARTESIAN_POINT('',(0.,0.,0.899999999999999));
#7996=CARTESIAN_POINT('',(-7.56060449821516,0.,0.899999999999997));
#7997=CARTESIAN_POINT('',(0.,3.35,0.899999999999999));
#7998=CARTESIAN_POINT('',(0.,0.,0.899999999999999));
#7999=CARTESIAN_POINT('',(0.,3.35,0.899999999999999));
#8000=CARTESIAN_POINT('Origin',(-31.5218717433387,0.,9.26520021457691));
#8001=CARTESIAN_POINT('',(-29.2425641947193,0.,15.52754623699));
#8002=CARTESIAN_POINT('',(-29.2425641947193,0.,15.52754623699));
#8003=CARTESIAN_POINT('',(-31.5218717433387,0.,9.26520021457691));
#8004=CARTESIAN_POINT('',(-30.585733496335,0.,11.8372189099492));
#8005=CARTESIAN_POINT('',(-31.5218717433387,0.,9.26520021457691));
#8006=CARTESIAN_POINT('Origin',(-25.8640024713297,0.,21.0999631594003));
#8007=CARTESIAN_POINT('',(-26.9689250277322,0.,21.0999631593586));
#8008=CARTESIAN_POINT('',(-25.8640024713532,0.,19.9950406029981));
#8009=CARTESIAN_POINT('Origin',(-25.8640024713297,0.,21.0999631594003));
#8010=CARTESIAN_POINT('',(-26.9689250277322,3.35,21.0999631593586));
#8011=CARTESIAN_POINT('',(-26.9689250277322,0.,21.0999631593586));
#8012=CARTESIAN_POINT('Origin',(-25.8640024713297,3.35,21.0999631594003));
#8013=CARTESIAN_POINT('',(-25.8640024713532,0.,19.9950406029981));
#8014=CARTESIAN_POINT('Origin',(-19.3744614668343,3.35,10.6425765715035));
#8015=CARTESIAN_POINT('',(-26.9689250277327,3.35,21.6999621117429));
#8016=CARTESIAN_POINT('',(-26.9689250277327,3.35,21.6999621117429));
#8017=CARTESIAN_POINT('',(-26.6316724482749,3.35,22.5754262502596));
#8018=CARTESIAN_POINT('Origin',(-25.6640028205307,3.35,21.6999621118003));
#8019=CARTESIAN_POINT('',(-27.3332304105861,3.35,23.2950348411686));
#8020=CARTESIAN_POINT('',(-27.3332304105861,3.35,23.2950348411686));
#8021=CARTESIAN_POINT('',(-29.5105344319018,3.35,23.2950348411976));
#8022=CARTESIAN_POINT('',(-29.5105344319018,3.35,23.2950348411976));
#8023=CARTESIAN_POINT('',(-30.0697215252876,3.35,22.9034878232051));
#8024=CARTESIAN_POINT('Origin',(-29.5105344318685,3.35,22.6999603658001));
#8025=CARTESIAN_POINT('',(-31.8405050288857,3.35,18.0383001321752));
#8026=CARTESIAN_POINT('Origin',(-19.3744614668343,3.35,10.6425765715035));
#8027=CARTESIAN_POINT('',(-19.4640136457747,3.35,19.995040602998));
#8028=CARTESIAN_POINT('Origin',(-19.4640136457303,3.35,21.0999631594004));
#8029=CARTESIAN_POINT('',(-20.6648379324179,3.35,19.9950406029976));
#8030=CARTESIAN_POINT('Origin',(-19.3744614668343,3.35,10.6425765715035));
#8031=CARTESIAN_POINT('',(-11.3905569017706,3.35,23.2999577468));
#8032=CARTESIAN_POINT('',(-11.3905569017706,3.35,23.2999577468));
#8033=CARTESIAN_POINT('',(-17.9885503677951,3.35,23.2999577467999));
#8034=CARTESIAN_POINT('',(-17.9885503677951,3.35,23.2999577467999));
#8035=CARTESIAN_POINT('',(-18.3590910893279,3.35,22.9198832542735));
#8036=CARTESIAN_POINT('',(-18.3590910893279,3.35,22.9198832542735));
#8037=CARTESIAN_POINT('',(-18.359091089328,3.35,21.0999631593586));
#8038=CARTESIAN_POINT('',(-18.359091089328,3.35,21.0999631593586));
#8039=CARTESIAN_POINT('Origin',(-19.4640136457303,3.35,21.0999631594004));
#8040=CARTESIAN_POINT('Origin',(-19.3744614668343,3.35,10.6425765715035));
#8041=CARTESIAN_POINT('',(-6.15621645928181,3.35,14.199683782189));
#8042=CARTESIAN_POINT('Origin',(-25.8640024713297,8.,21.0999631594003));
#8043=CARTESIAN_POINT('',(-26.9689250277322,4.65,21.0999631593586));
#8044=CARTESIAN_POINT('Origin',(-25.8640024713297,4.65,21.0999631594003));
#8045=CARTESIAN_POINT('',(-26.9689250277322,8.,21.0999631593586));
#8046=CARTESIAN_POINT('',(-25.8640024713532,8.,19.9950406029981));
#8047=CARTESIAN_POINT('Origin',(-35.4843574857262,8.,0.899999999999994));
#8048=CARTESIAN_POINT('',(-35.4843574857262,4.65,0.899999999999994));
#8049=CARTESIAN_POINT('',(0.,4.65,0.899999999999999));
#8050=CARTESIAN_POINT('',(-35.4843574857262,4.65,0.899999999999994));
#8051=CARTESIAN_POINT('',(0.,8.,0.9));
#8052=CARTESIAN_POINT('',(-35.4843574857262,8.,0.899999999999994));
#8053=CARTESIAN_POINT('Origin',(0.,8.,0.9));
#8054=CARTESIAN_POINT('',(-6.15621645928181,4.65,14.199683782189));
#8055=CARTESIAN_POINT('',(0.,4.65,0.9));
#8056=CARTESIAN_POINT('',(-6.15621645928181,8.,14.199683782189));
#8057=CARTESIAN_POINT('',(0.,4.65,0.9));
#8058=CARTESIAN_POINT('Origin',(-6.9978514476359,8.,13.8101040558686));
#8059=CARTESIAN_POINT('',(-11.3905569017706,4.65,23.2999577468));
#8060=CARTESIAN_POINT('',(-6.9978514476359,4.65,13.8101040558686));
#8061=CARTESIAN_POINT('',(-11.3905569017706,8.,23.2999577468));
#8062=CARTESIAN_POINT('',(-6.9978514476359,4.65,13.8101040558686));
#8063=CARTESIAN_POINT('',(-6.9978514476359,8.,13.8101040558686));
#8064=CARTESIAN_POINT('',(-6.9978514476359,4.65,13.8101040558686));
#8065=CARTESIAN_POINT('Origin',(-19.3744614668343,4.65,10.6425765715035));
#8066=CARTESIAN_POINT('',(-18.359091089328,4.65,21.0999631593586));
#8067=CARTESIAN_POINT('Origin',(-19.4640136457303,4.65,21.0999631594004));
#8068=CARTESIAN_POINT('',(-18.3590910893279,4.65,22.9198832542735));
#8069=CARTESIAN_POINT('',(-18.3590910893279,4.65,22.9198832542735));
#8070=CARTESIAN_POINT('',(-17.9885503677951,4.65,23.2999577467999));
#8071=CARTESIAN_POINT('',(-17.9885503677951,4.65,23.2999577467999));
#8072=CARTESIAN_POINT('',(-11.3905569017706,4.65,23.2999577468));
#8073=CARTESIAN_POINT('Origin',(-19.3744614668343,4.65,10.6425765715035));
#8074=CARTESIAN_POINT('',(-6.15621645928181,4.65,14.199683782189));
#8075=CARTESIAN_POINT('Origin',(-19.3744614668343,4.65,10.6425765715035));
#8076=CARTESIAN_POINT('Origin',(-19.3744614668343,4.65,10.6425765715035));
#8077=CARTESIAN_POINT('Origin',(-19.3744614668343,4.65,10.6425765715035));
#8078=CARTESIAN_POINT('',(-30.0697215252876,4.65,22.9034878232051));
#8079=CARTESIAN_POINT('',(-30.0697215252876,4.65,22.9034878232051));
#8080=CARTESIAN_POINT('',(-29.5105344319018,4.65,23.2950348411976));
#8081=CARTESIAN_POINT('Origin',(-29.5105344318685,4.65,22.6999603658001));
#8082=CARTESIAN_POINT('',(-27.3332304105861,4.65,23.2950348411686));
#8083=CARTESIAN_POINT('',(-27.3332304105861,4.65,23.2950348411686));
#8084=CARTESIAN_POINT('',(-26.6316724482749,4.65,22.5754262502596));
#8085=CARTESIAN_POINT('',(-26.6316724482749,4.65,22.5754262502596));
#8086=CARTESIAN_POINT('',(-26.9689250277327,4.65,21.6999621117429));
#8087=CARTESIAN_POINT('Origin',(-25.6640028205307,4.65,21.6999621118003));
#8088=CARTESIAN_POINT('',(-26.9689250277322,4.65,21.0999631593586));
#8089=CARTESIAN_POINT('Origin',(-35.6779363540407,0.,9.96430484766441));
#8090=CARTESIAN_POINT('',(-32.8190542744108,0.,17.9955757493987));
#8091=CARTESIAN_POINT('',(-35.6779363540407,0.,9.96430484766441));
#8092=CARTESIAN_POINT('',(-32.8190542744108,0.,17.9955757493987));
#8093=CARTESIAN_POINT('',(-32.8190542744108,0.8,17.9955757493987));
#8094=CARTESIAN_POINT('',(-32.8190542744108,0.,17.9955757493987));
#8095=CARTESIAN_POINT('',(-35.6779363540407,0.8,9.96430484766441));
#8096=CARTESIAN_POINT('',(-32.8190542744108,0.8,17.9955757493987));
#8097=CARTESIAN_POINT('',(-35.6779363540407,0.,9.96430484766441));
#8098=CARTESIAN_POINT('Origin',(-33.0346241588512,0.8,13.5353670255756));
#8099=CARTESIAN_POINT('',(-31.9768845951963,0.8,16.1895370440798));
#8100=CARTESIAN_POINT('',(-31.5630409662199,0.8,15.3020465177309));
#8101=CARTESIAN_POINT('',(-31.659677424397,0.8,15.9874537902836));
#8102=CARTESIAN_POINT('Origin',(-31.6596774243972,0.8,16.3374531791838));
#8103=CARTESIAN_POINT('',(-31.3851547783758,0.8,15.9874537902837));
#8104=CARTESIAN_POINT('',(-32.2098894686137,0.8,15.9874537902835));
#8105=CARTESIAN_POINT('',(-31.290737875622,0.8,16.0545080005817));
#8106=CARTESIAN_POINT('Origin',(-31.3851547783758,0.8,16.0874536156838));
#8107=CARTESIAN_POINT('',(-30.7762624461446,0.8,16.2986019322065));
#8108=CARTESIAN_POINT('Origin',(-30.9130702646077,0.8,15.9227255401736));
#8109=CARTESIAN_POINT('',(-30.2124478580952,0.8,16.0933902045118));
#8110=CARTESIAN_POINT('',(-31.0474036502813,0.8,16.3972892597952));
#8111=CARTESIAN_POINT('',(-30.09291357131,0.8,15.8370480992631));
#8112=CARTESIAN_POINT('Origin',(-30.2808517673268,0.8,15.9054520084949));
#8113=CARTESIAN_POINT('',(-30.5036196659581,0.8,14.7086423781838));
#8114=CARTESIAN_POINT('',(-30.8401970222102,0.8,13.7839036919803));
#8115=CARTESIAN_POINT('',(-31.7892322236407,0.8,14.1124003562527));
#8116=CARTESIAN_POINT('Origin',(-31.4433106460409,0.8,15.0506619243424));
#8117=CARTESIAN_POINT('',(-31.9719157943446,0.8,14.1797527781452));
#8118=CARTESIAN_POINT('',(-32.3351141188291,0.8,14.3136580148727));
#8119=CARTESIAN_POINT('',(-32.5627051936778,0.8,12.2719365401784));
#8120=CARTESIAN_POINT('Origin',(-32.3178373719494,0.8,13.2414912100574));
#8121=CARTESIAN_POINT('',(-31.8678820353237,0.8,10.9603623241403));
#8122=CARTESIAN_POINT('Origin',(-32.8075730154064,0.8,11.3023818702989));
#8123=CARTESIAN_POINT('',(-32.2818386667243,0.8,9.82302582673484));
#8124=CARTESIAN_POINT('',(-31.7293065225936,0.8,11.3410954162551));
#8125=CARTESIAN_POINT('',(-32.5381807719724,0.8,9.70349153994975));
#8126=CARTESIAN_POINT('Origin',(-32.4697768627408,0.8,9.89142973596623));
#8127=CARTESIAN_POINT('',(-33.1019953600215,0.8,9.90870326764491));
#8128=CARTESIAN_POINT('',(-33.655043858183,0.8,10.1099964590816));
#8129=CARTESIAN_POINT('',(-33.3368156631772,0.8,10.4325390476958));
#8130=CARTESIAN_POINT('Origin',(-32.9651875415588,0.8,10.2845796596778));
#8131=CARTESIAN_POINT('',(-33.3940594131627,0.8,10.5629531715765));
#8132=CARTESIAN_POINT('Origin',(-33.4297226935819,0.8,10.4695288947005));
#8133=CARTESIAN_POINT('',(-33.5537910298062,0.8,10.7004784013756));
#8134=CARTESIAN_POINT('',(-34.1055705787587,0.8,11.1755478388652));
#8135=CARTESIAN_POINT('',(-33.9260288766409,0.8,10.7543023404449));
#8136=CARTESIAN_POINT('Origin',(-33.782153283836,0.8,10.4352421799337));
#8137=CARTESIAN_POINT('',(-33.910513611843,0.8,10.7612987260693));
#8138=CARTESIAN_POINT('Origin',(-35.6779363540407,0.,9.96430484766441));
#8139=CARTESIAN_POINT('',(-33.9260288766409,0.,10.7543023404449));
#8140=CARTESIAN_POINT('',(-35.6779363540407,0.,9.96430484766441));
#8141=CARTESIAN_POINT('Origin',(-33.782153283836,0.,10.4352421799337));
#8142=CARTESIAN_POINT('',(-33.5537910298062,0.,10.7004784013756));
#8143=CARTESIAN_POINT('Origin',(-33.5537910298062,0.,10.7004784013756));
#8144=CARTESIAN_POINT('',(-33.3940594131627,0.,10.5629531715765));
#8145=CARTESIAN_POINT('Origin',(-33.4297226935819,0.,10.4695288947005));
#8146=CARTESIAN_POINT('',(-33.3368156631772,0.,10.4325390476958));
#8147=CARTESIAN_POINT('Origin',(-32.9651875415588,0.,10.2845796596778));
#8148=CARTESIAN_POINT('',(-33.1019953600215,0.,9.90870326764491));
#8149=CARTESIAN_POINT('Origin',(-33.1019953600215,0.,9.90870326764491));
#8150=CARTESIAN_POINT('',(-32.5381807719724,0.,9.70349153994975));
#8151=CARTESIAN_POINT('Origin',(-32.4697768627408,0.,9.89142973596623));
#8152=CARTESIAN_POINT('',(-32.2818386667243,0.,9.82302582673484));
#8153=CARTESIAN_POINT('Origin',(-32.2818386667243,0.,9.82302582673484));
#8154=CARTESIAN_POINT('',(-31.8678820353237,0.,10.9603623241403));
#8155=CARTESIAN_POINT('Origin',(-32.8075730154064,0.,11.3023818702989));
#8156=CARTESIAN_POINT('',(-32.5627051936778,0.,12.2719365401784));
#8157=CARTESIAN_POINT('Origin',(-32.3178373719494,0.,13.2414912100574));
#8158=CARTESIAN_POINT('',(-31.9719157943446,0.,14.1797527781452));
#8159=CARTESIAN_POINT('Origin',(-31.9719157943446,0.,14.1797527781452));
#8160=CARTESIAN_POINT('',(-31.7892322236407,0.,14.1124003562527));
#8161=CARTESIAN_POINT('Origin',(-31.4433106460409,0.,15.0506619243424));
#8162=CARTESIAN_POINT('',(-30.5036196659581,0.,14.7086423781838));
#8163=CARTESIAN_POINT('Origin',(-30.5036196659581,0.,14.7086423781838));
#8164=CARTESIAN_POINT('',(-30.09291357131,0.,15.8370480992631));
#8165=CARTESIAN_POINT('Origin',(-30.2808517673268,0.,15.9054520084949));
#8166=CARTESIAN_POINT('',(-30.2124478580952,0.,16.0933902045118));
#8167=CARTESIAN_POINT('Origin',(-30.2124478580952,0.,16.0933902045118));
#8168=CARTESIAN_POINT('',(-30.7762624461446,0.,16.2986019322065));
#8169=CARTESIAN_POINT('Origin',(-30.9130702646077,0.,15.9227255401736));
#8170=CARTESIAN_POINT('',(-31.290737875622,0.,16.0545080005817));
#8171=CARTESIAN_POINT('Origin',(-31.3851547783758,0.,16.0874536156838));
#8172=CARTESIAN_POINT('',(-31.3851547783758,0.,15.9874537902837));
#8173=CARTESIAN_POINT('Origin',(-31.3851547783758,0.,15.9874537902837));
#8174=CARTESIAN_POINT('',(-31.659677424397,0.,15.9874537902836));
#8175=CARTESIAN_POINT('Origin',(-31.6596774243972,0.,16.3374531791838));
#8176=CARTESIAN_POINT('',(-31.9768845951963,0.,16.1895370440798));
#8177=CARTESIAN_POINT('Origin',(-31.9768845951963,0.,16.1895370440798));
#8178=CARTESIAN_POINT('',(-32.8190542744108,0.,17.9955757493987));
#8179=CARTESIAN_POINT('Origin',(-19.4640136457303,0.,21.0999631594004));
#8180=CARTESIAN_POINT('',(-18.359091089328,0.,21.0999631593586));
#8181=CARTESIAN_POINT('',(-18.359091089328,0.,21.0999631593586));
#8182=CARTESIAN_POINT('',(-19.4640136457747,0.,19.995040602998));
#8183=CARTESIAN_POINT('Origin',(-19.4640136457303,0.,21.0999631594004));
#8184=CARTESIAN_POINT('',(-19.4640136457747,0.,19.995040602998));
#8185=CARTESIAN_POINT('Origin',(-20.6648379324179,0.,19.9950406029976));
#8186=CARTESIAN_POINT('',(-17.8930234644261,0.,19.9950406029986));
#8187=CARTESIAN_POINT('Origin',(-26.9689250277327,0.,21.6999621117429));
#8188=CARTESIAN_POINT('',(-26.9689250277327,0.,21.6999621117429));
#8189=CARTESIAN_POINT('',(-26.9689250277276,0.,15.4106497847869));
#8190=CARTESIAN_POINT('',(-26.9689250277327,0.,21.6999621117429));
#8191=CARTESIAN_POINT('Origin',(-25.6640028205307,0.,21.6999621118003));
#8192=CARTESIAN_POINT('',(-26.6316724482749,0.,22.5754262502596));
#8193=CARTESIAN_POINT('Origin',(-25.6640028205307,0.,21.6999621118003));
#8194=CARTESIAN_POINT('',(-26.6316724482749,0.,22.5754262502596));
#8195=CARTESIAN_POINT('Origin',(-27.3332304105861,0.,23.2950348411686));
#8196=CARTESIAN_POINT('',(-27.3332304105861,0.,23.2950348411686));
#8197=CARTESIAN_POINT('',(-20.8154854122214,0.,16.6095925168798));
#8198=CARTESIAN_POINT('',(-27.3332304105861,0.,23.2950348411686));
#8199=CARTESIAN_POINT('Origin',(-29.5105344319018,0.,23.2950348411976));
#8200=CARTESIAN_POINT('',(-29.5105344319018,0.,23.2950348411976));
#8201=CARTESIAN_POINT('',(-22.3158717140714,0.,23.2950348411016));
#8202=CARTESIAN_POINT('',(-29.5105344319018,0.,23.2950348411976));
#8203=CARTESIAN_POINT('Origin',(-29.5105344318685,0.,22.6999603658001));
#8204=CARTESIAN_POINT('',(-30.0697215252876,0.,22.9034878232051));
#8205=CARTESIAN_POINT('Origin',(-29.5105344318685,0.,22.6999603658001));
#8206=CARTESIAN_POINT('',(-30.0697215252876,0.,22.9034878232051));
#8207=CARTESIAN_POINT('Origin',(-31.8405050288857,0.,18.0383001321752));
#8208=CARTESIAN_POINT('',(-31.8405050288857,0.,18.0383001321752));
#8209=CARTESIAN_POINT('',(-32.2955402561973,0.,16.7881011200413));
#8210=CARTESIAN_POINT('',(-31.8405050288857,0.,18.0383001321752));
#8211=CARTESIAN_POINT('Origin',(-31.4155669448519,0.,17.1270174701931));
#8212=CARTESIAN_POINT('',(-31.4155669448519,0.,17.1270174701931));
#8213=CARTESIAN_POINT('',(-28.4272536352335,0.,10.7185588971811));
#8214=CARTESIAN_POINT('',(-31.4155669448519,0.,17.1270174701931));
#8215=CARTESIAN_POINT('Origin',(-30.9130702646077,0.,15.9227255401736));
#8216=CARTESIAN_POINT('',(-30.4667605842405,0.,17.1489513089182));
#8217=CARTESIAN_POINT('Origin',(-30.9130702646077,0.,15.9227255401736));
#8218=CARTESIAN_POINT('',(-30.4667605842405,0.,17.1489513089182));
#8219=CARTESIAN_POINT('Origin',(-29.9029459962912,0.,16.9437395812565));
#8220=CARTESIAN_POINT('',(-29.9029459962912,0.,16.9437395812565));
#8221=CARTESIAN_POINT('',(-22.1196090835076,0.,14.1108366216958));
#8222=CARTESIAN_POINT('',(-29.9029459962912,0.,16.9437395812565));
#8223=CARTESIAN_POINT('Origin',(-30.2808517673268,0.,15.9054520084949));
#8224=CARTESIAN_POINT('Origin',(-30.2808517673268,0.,15.9054520084949));
#8225=CARTESIAN_POINT('Origin',(-33.5560624206101,0.,9.03960947943432));
#8226=CARTESIAN_POINT('',(-33.5560624206101,0.,9.03960947943432));
#8227=CARTESIAN_POINT('',(-24.4461440632194,0.,10.0498948977558));
#8228=CARTESIAN_POINT('',(-33.5560624206101,0.,9.03960947943432));
#8229=CARTESIAN_POINT('Origin',(-33.5560624206101,0.,9.93386049521032));
#8230=CARTESIAN_POINT('',(-33.5560624206101,0.,9.93386049521032));
#8231=CARTESIAN_POINT('',(-33.5560624206101,0.,9.52759897652538));
#8232=CARTESIAN_POINT('',(-33.5560624206101,0.,9.93386049521032));
#8233=CARTESIAN_POINT('Origin',(-35.0388911079062,0.,9.26520021457691));
#8234=CARTESIAN_POINT('',(-35.0388911079062,0.,9.26520021457691));
#8235=CARTESIAN_POINT('',(-26.7898672234386,0.,12.9849789542218));
#8236=CARTESIAN_POINT('',(-35.0388911079062,0.,9.26520021457691));
#8237=CARTESIAN_POINT('Origin',(-35.4481732161366,0.,8.14070686377818));
#8238=CARTESIAN_POINT('',(-35.4481732161366,0.,8.14070686377818));
#8239=CARTESIAN_POINT('',(-34.101687359312,0.,11.8401463518379));
#8240=CARTESIAN_POINT('',(-35.4481732161366,0.,8.14070686377818));
#8241=CARTESIAN_POINT('Origin',(-34.8843601047261,0.,7.93549567353714));
#8242=CARTESIAN_POINT('',(-35.4843574857263,0.,7.9354956735915));
#8243=CARTESIAN_POINT('Origin',(-34.8843601047261,0.,7.93549567353714));
#8244=CARTESIAN_POINT('',(-35.4843574857263,0.,7.9354956735915));
#8245=CARTESIAN_POINT('Origin',(-35.4843574857262,0.,0.899999999999994));
#8246=CARTESIAN_POINT('',(-35.4843574857262,0.,5.01066872892017));
#8247=CARTESIAN_POINT('Origin',(-6.15621645928181,0.,14.199683782189));
#8248=CARTESIAN_POINT('',(-6.15621645928181,0.,14.199683782189));
#8249=CARTESIAN_POINT('',(-5.97922406488243,0.,13.8173153432405));
#8250=CARTESIAN_POINT('',(-6.15621645928181,0.,14.199683782189));
#8251=CARTESIAN_POINT('Origin',(-6.9978514476359,0.,13.8101040558686));
#8252=CARTESIAN_POINT('',(-6.9978514476359,0.,13.8101040558686));
#8253=CARTESIAN_POINT('',(-11.2365226164325,0.,11.8480891958029));
#8254=CARTESIAN_POINT('',(-6.9978514476359,0.,13.8101040558686));
#8255=CARTESIAN_POINT('Origin',(-11.3905569017706,0.,23.2999577468));
#8256=CARTESIAN_POINT('',(-11.3905569017706,0.,23.2999577468));
#8257=CARTESIAN_POINT('',(-9.01721178030389,0.,18.1726624623859));
#8258=CARTESIAN_POINT('',(-11.3905569017706,0.,23.2999577468));
#8259=CARTESIAN_POINT('Origin',(-17.9885503677951,0.,23.2999577467999));
#8260=CARTESIAN_POINT('',(-17.9885503677951,0.,23.2999577467999));
#8261=CARTESIAN_POINT('',(-16.5548796821128,0.,23.2999577467999));
#8262=CARTESIAN_POINT('',(-17.9885503677951,0.,23.2999577467999));
#8263=CARTESIAN_POINT('Origin',(-18.3590910893279,0.,22.9198832542735));
#8264=CARTESIAN_POINT('',(-18.3590910893279,0.,22.9198832542735));
#8265=CARTESIAN_POINT('',(-21.0187034877542,0.,20.1918407641873));
#8266=CARTESIAN_POINT('',(-18.3590910893279,0.,22.9198832542735));
#8267=CARTESIAN_POINT('Origin',(-18.359091089328,0.,21.0999631593586));
#8268=CARTESIAN_POINT('',(-18.3590910893284,0.,15.1106503085996));
#8269=CARTESIAN_POINT('Origin',(-17.9885503677951,8.,23.2999577467999));
#8270=CARTESIAN_POINT('',(-17.9885503677951,8.,23.2999577467999));
#8271=CARTESIAN_POINT('',(-18.3590910893279,8.,22.9198832542735));
#8272=CARTESIAN_POINT('Origin',(-11.3905569017706,8.,23.2999577468));
#8273=CARTESIAN_POINT('Origin',(-6.15621645928181,8.,14.199683782189));
#8274=CARTESIAN_POINT('Origin',(-35.4843574857263,8.,7.9354956735915));
#8275=CARTESIAN_POINT('',(-35.4843574857263,8.,7.9354956735915));
#8276=CARTESIAN_POINT('Origin',(-34.8843601047261,8.,7.93549567353714));
#8277=CARTESIAN_POINT('',(-35.4481732161366,8.,8.14070686377818));
#8278=CARTESIAN_POINT('Origin',(-35.0388911079062,8.,9.26520021457691));
#8279=CARTESIAN_POINT('',(-35.0388911079062,8.,9.26520021457691));
#8280=CARTESIAN_POINT('Origin',(-33.5560624206101,8.,9.93386049521032));
#8281=CARTESIAN_POINT('',(-33.5560624206101,8.,9.93386049521032));
#8282=CARTESIAN_POINT('Origin',(-33.5560624206101,8.,9.03960947943432));
#8283=CARTESIAN_POINT('',(-33.5560624206101,8.,9.03960947943432));
#8284=CARTESIAN_POINT('Origin',(-31.5218717433387,8.,9.26520021457691));
#8285=CARTESIAN_POINT('',(-31.5218717433387,8.,9.26520021457691));
#8286=CARTESIAN_POINT('Origin',(-29.2425641947193,8.,15.52754623699));
#8287=CARTESIAN_POINT('',(-29.2425641947193,8.,15.52754623699));
#8288=CARTESIAN_POINT('Origin',(-30.2808517673268,8.,15.9054520084949));
#8289=CARTESIAN_POINT('',(-29.9029459962912,8.,16.9437395812565));
#8290=CARTESIAN_POINT('Origin',(-30.4667605842405,8.,17.1489513089182));
#8291=CARTESIAN_POINT('',(-30.4667605842405,8.,17.1489513089182));
#8292=CARTESIAN_POINT('Origin',(-30.9130702646077,8.,15.9227255401736));
#8293=CARTESIAN_POINT('',(-31.4155669448519,8.,17.1270174701931));
#8294=CARTESIAN_POINT('Origin',(-31.8405050288857,8.,18.0383001321752));
#8295=CARTESIAN_POINT('',(-31.8405050288857,8.,18.0383001321752));
#8296=CARTESIAN_POINT('Origin',(-30.0697215252876,8.,22.9034878232051));
#8297=CARTESIAN_POINT('',(-30.0697215252876,8.,22.9034878232051));
#8298=CARTESIAN_POINT('Origin',(-29.5105344318685,8.,22.6999603658001));
#8299=CARTESIAN_POINT('',(-29.5105344319018,8.,23.2950348411976));
#8300=CARTESIAN_POINT('Origin',(-27.3332304105861,8.,23.2950348411686));
#8301=CARTESIAN_POINT('',(-27.3332304105861,8.,23.2950348411686));
#8302=CARTESIAN_POINT('Origin',(-26.6316724482749,8.,22.5754262502596));
#8303=CARTESIAN_POINT('',(-26.6316724482749,8.,22.5754262502596));
#8304=CARTESIAN_POINT('Origin',(-25.6640028205307,8.,21.6999621118003));
#8305=CARTESIAN_POINT('',(-26.9689250277327,8.,21.6999621117429));
#8306=CARTESIAN_POINT('Origin',(-26.9689250277322,8.,21.0999631593586));
#8307=CARTESIAN_POINT('Origin',(-19.4640136457747,8.,19.995040602998));
#8308=CARTESIAN_POINT('',(-19.4640136457747,8.,19.995040602998));
#8309=CARTESIAN_POINT('Origin',(-19.4640136457303,8.,21.0999631594004));
#8310=CARTESIAN_POINT('',(-18.359091089328,8.,21.0999631593586));
#8311=CARTESIAN_POINT('Origin',(-18.3590910893279,8.,21.6999621118001));
#8312=CARTESIAN_POINT('Origin',(-35.3843592317262,0.,-1.79999685719989));
#8313=CARTESIAN_POINT('',(-36.3843574857262,0.,-1.79999685719988));
#8314=CARTESIAN_POINT('',(-35.3843592317262,0.,-2.79999511119987));
#8315=CARTESIAN_POINT('Origin',(-35.3843592317262,0.,-1.79999685719989));
#8316=CARTESIAN_POINT('',(-36.3843574857262,0.,-1.79999685719988));
#8317=CARTESIAN_POINT('',(-35.3843592317262,0.,-2.79999511119987));
#8318=CARTESIAN_POINT('Origin',(-34.3843609777264,0.,-2.79999511119988));
#8319=CARTESIAN_POINT('',(-34.3843609777264,0.,-2.79999511119988));
#8320=CARTESIAN_POINT('',(-35.3843592317262,0.,-2.79999511119987));
#8321=CARTESIAN_POINT('',(-34.3843609777264,0.,-2.79999511119988));
#8322=CARTESIAN_POINT('Origin',(-34.3843609777263,0.,-1.7999968572));
#8323=CARTESIAN_POINT('',(-33.3843627237262,0.,-1.79999685720012));
#8324=CARTESIAN_POINT('Origin',(-34.3843609777263,0.,-1.7999968572));
#8325=CARTESIAN_POINT('',(-33.3843627237262,0.,-1.79999685720012));
#8326=CARTESIAN_POINT('Origin',(-33.3843627237264,0.,-1.49905746556146));
#8327=CARTESIAN_POINT('',(-33.3843627237264,0.,-1.49905746556146));
#8328=CARTESIAN_POINT('',(-33.3843627237262,0.,-1.79999685720012));
#8329=CARTESIAN_POINT('',(-33.3843627237264,0.,-1.49905746556146));
#8330=CARTESIAN_POINT('Origin',(-33.5843623745262,0.,-1.49905746556145));
#8331=CARTESIAN_POINT('',(-33.5526069844503,0.,-1.30159492349025));
#8332=CARTESIAN_POINT('Origin',(-33.5843623745262,0.,-1.49905746556145));
#8333=CARTESIAN_POINT('',(-33.5526069844503,0.,-1.30159492349025));
#8334=CARTESIAN_POINT('Origin',(-34.1843613269261,0.,-1.19999790479985));
#8335=CARTESIAN_POINT('',(-34.1843613269261,0.,-1.19999790479985));
#8336=CARTESIAN_POINT('',(-33.5526069844503,0.,-1.30159492349025));
#8337=CARTESIAN_POINT('',(-34.1843613269261,0.,-1.19999790479985));
#8338=CARTESIAN_POINT('Origin',(-34.1843613269261,0.,0.));
#8339=CARTESIAN_POINT('',(-34.1843613269261,0.,-5.04105371336844E-30));
#8340=CARTESIAN_POINT('',(-34.1843613269261,0.,-1.19999790479985));
#8341=CARTESIAN_POINT('',(-34.1843613269261,0.,-5.04105371336844E-30));
#8342=CARTESIAN_POINT('Origin',(0.,0.,0.));
#8343=CARTESIAN_POINT('',(0.,0.,0.));
#8344=CARTESIAN_POINT('',(-34.1843613269261,0.,-5.04105371336844E-30));
#8345=CARTESIAN_POINT('',(0.,0.,0.));
#8346=CARTESIAN_POINT('Origin',(4.44089209850063E-15,0.,0.499999127000024));
#8347=CARTESIAN_POINT('',(0.249999563500101,0.,0.0669871811480037));
#8348=CARTESIAN_POINT('Origin',(4.44089209850063E-15,0.,0.499999127000024));
#8349=CARTESIAN_POINT('',(0.249999563500101,0.,0.0669871811480037));
#8350=CARTESIAN_POINT('Origin',(1.07827040851731,0.,0.545189576480498));
#8351=CARTESIAN_POINT('',(0.249999563500101,0.,0.0669871811480037));
#8352=CARTESIAN_POINT('Origin',(4.01338923581916,0.,-5.43858378725909));
#8353=CARTESIAN_POINT('',(3.2772689278708,0.,-5.86358304520911));
#8354=CARTESIAN_POINT('Origin',(4.01338923581916,0.,-5.43858378725909));
#8355=CARTESIAN_POINT('',(3.2772689278708,0.,-5.86358304520911));
#8356=CARTESIAN_POINT('Origin',(3.45243323830125,0.,-6.16697653054802));
#8357=CARTESIAN_POINT('',(3.45243323830125,0.,-6.16697653054802));
#8358=CARTESIAN_POINT('',(3.2772689278708,0.,-5.86358304520911));
#8359=CARTESIAN_POINT('',(3.45243323830125,0.,-6.16697653054802));
#8360=CARTESIAN_POINT('Origin',(3.88544518415345,0.,-5.91697696704796));
#8361=CARTESIAN_POINT('',(4.13544474765355,0.,-6.34998891290012));
#8362=CARTESIAN_POINT('Origin',(3.88544518415345,0.,-5.91697696704796));
#8363=CARTESIAN_POINT('',(4.13544474765355,0.,-6.34998891290012));
#8364=CARTESIAN_POINT('Origin',(8.46556420617353,0.,-3.84999327790008));
#8365=CARTESIAN_POINT('',(8.46556420617353,0.,-3.84999327790008));
#8366=CARTESIAN_POINT('',(4.13544474765355,0.,-6.34998891290012));
#8367=CARTESIAN_POINT('',(8.46556420617353,0.,-3.84999327790008));
#8368=CARTESIAN_POINT('Origin',(7.71556551567378,0.,-2.55095744034381));
#8369=CARTESIAN_POINT('',(9.01460135323,0.,-1.80095874984419));
#8370=CARTESIAN_POINT('Origin',(7.71556551567378,0.,-2.55095744034381));
#8371=CARTESIAN_POINT('',(9.01460135323,0.,-1.80095874984419));
#8372=CARTESIAN_POINT('Origin',(5.30283083413019,0.,4.62801637527284));
#8373=CARTESIAN_POINT('',(5.30283083413019,0.,4.62801637527284));
#8374=CARTESIAN_POINT('',(9.01460135323,0.,-1.80095874984419));
#8375=CARTESIAN_POINT('',(5.30283083413019,0.,4.62801637527284));
#8376=CARTESIAN_POINT('Origin',(5.73584277998259,0.,4.87801593877251));
#8377=CARTESIAN_POINT('',(5.30283083413059,0.,5.12801550227286));
#8378=CARTESIAN_POINT('Origin',(5.73584277998259,0.,4.87801593877251));
#8379=CARTESIAN_POINT('',(5.30283083413059,0.,5.12801550227286));
#8380=CARTESIAN_POINT('Origin',(5.5915054646983,0.,5.62801462927258));
#8381=CARTESIAN_POINT('',(5.5915054646983,0.,5.62801462927258));
#8382=CARTESIAN_POINT('',(5.30283083413059,0.,5.12801550227286));
#8383=CARTESIAN_POINT('',(5.5915054646983,0.,5.62801462927258));
#8384=CARTESIAN_POINT('Origin',(5.1584935188463,0.,5.87801419277262));
#8385=CARTESIAN_POINT('',(5.5915054646985,0.,6.12801375627263));
#8386=CARTESIAN_POINT('Origin',(5.1584935188463,0.,5.87801419277262));
#8387=CARTESIAN_POINT('',(5.5915054646985,0.,6.12801375627263));
#8388=CARTESIAN_POINT('Origin',(4.35287990485802,0.,8.27337615747042));
#8389=CARTESIAN_POINT('',(4.35287990485802,0.,8.27337615747042));
#8390=CARTESIAN_POINT('',(5.5915054646985,0.,6.12801375627263));
#8391=CARTESIAN_POINT('',(4.35287990485802,0.,8.27337615747042));
#8392=CARTESIAN_POINT('Origin',(4.17967512651736,0.,8.17337633207047));
#8393=CARTESIAN_POINT('Origin',(4.17967512651736,0.,8.17337633207047));
#8394=CARTESIAN_POINT('',(4.23143884325223,0.,8.36656116053751));
#8395=CARTESIAN_POINT('Origin',(2.3866164716219,0.,8.86087982519496));
#8396=CARTESIAN_POINT('',(2.3866164716219,0.,8.86087982519496));
#8397=CARTESIAN_POINT('Origin',(2.29602996587256,0.,8.52280637576934));
#8398=CARTESIAN_POINT('',(2.02791487891067,0.,8.74778164635231));
#8399=CARTESIAN_POINT('Origin',(1.85145512346931,0.,8.53748509885723));
#8400=CARTESIAN_POINT('',(1.85145512346931,0.,8.53748509885723));
#8401=CARTESIAN_POINT('Origin',(1.92805943403017,0.,8.47320645011958));
#8402=CARTESIAN_POINT('',(1.84213161342126,0.,8.42205593960928));
#8403=CARTESIAN_POINT('Origin',(1.49842033098541,0.,8.21745389757019));
#8404=CARTESIAN_POINT('',(1.69841998178496,0.,7.87104434088877));
#8405=CARTESIAN_POINT('Origin',(1.17880564676236,0.,7.57104486468884));
#8406=CARTESIAN_POINT('',(1.17880564676236,0.,7.57104486468884));
#8407=CARTESIAN_POINT('Origin',(1.07880582136231,0.,7.74424964302986));
#8408=CARTESIAN_POINT('',(0.905601043021154,0.,7.64424981762976));
#8409=CARTESIAN_POINT('Origin',(0.305188899668516,0.,8.68419415539902));
#8410=CARTESIAN_POINT('',(0.305188899668516,0.,8.68419415539902));
#8411=CARTESIAN_POINT('Origin',(1.17121279137222,0.,9.18419328239946));
#8412=CARTESIAN_POINT('',(0.67481683494917,0.,10.0522874952875));
#8413=CARTESIAN_POINT('Origin',(0.843838519211428,0.,10.1489379271993));
#8414=CARTESIAN_POINT('',(0.843838519211428,0.,10.1489379271993));
#8415=CARTESIAN_POINT('Origin',(0.347442562793727,0.,11.0170321400903));
#8416=CARTESIAN_POINT('Origin',(-1.23390338091232,0.,17.9499686593002));
#8417=CARTESIAN_POINT('',(-1.23390338091232,0.,17.9499686593002));
#8418=CARTESIAN_POINT('',(-0.0217589485152381,0.,15.8504729162773));
#8419=CARTESIAN_POINT('',(-1.23390338091232,0.,17.9499686593002));
#8420=CARTESIAN_POINT('Origin',(-1.66691532676417,0.,17.6999690958002));
#8421=CARTESIAN_POINT('',(-1.66691532676372,0.,18.1999682228001));
#8422=CARTESIAN_POINT('Origin',(-1.66691532676417,0.,17.6999690958002));
#8423=CARTESIAN_POINT('',(-1.66691532676372,0.,18.1999682228001));
#8424=CARTESIAN_POINT('Origin',(-2.24426458789982,0.,18.1999682228002));
#8425=CARTESIAN_POINT('',(-2.24426458789982,0.,18.1999682228002));
#8426=CARTESIAN_POINT('',(-1.66691532676372,0.,18.1999682228001));
#8427=CARTESIAN_POINT('',(-2.24426458789982,0.,18.1999682228002));
#8428=CARTESIAN_POINT('Origin',(-2.24426458789982,0.,18.6999673497999));
#8429=CARTESIAN_POINT('',(-2.67727653375176,0.,18.4499677863001));
#8430=CARTESIAN_POINT('Origin',(-2.24426458789982,0.,18.6999673497999));
#8431=CARTESIAN_POINT('',(-2.67727653375176,0.,18.4499677863001));
#8432=CARTESIAN_POINT('Origin',(-5.41968552414773,0.,23.1999594928));
#8433=CARTESIAN_POINT('',(-5.41968552414773,0.,23.1999594928));
#8434=CARTESIAN_POINT('',(-2.67727653375176,0.,18.4499677863001));
#8435=CARTESIAN_POINT('',(-5.41968552414773,0.,23.1999594928));
#8436=CARTESIAN_POINT('Origin',(-7.15173330755594,0.,22.1999612387999));
#8437=CARTESIAN_POINT('',(-7.15173330755617,0.,24.1999577468001));
#8438=CARTESIAN_POINT('Origin',(-7.15173330755594,0.,22.1999612387999));
#8439=CARTESIAN_POINT('',(-7.15173330755617,0.,24.1999577468001));
#8440=CARTESIAN_POINT('Origin',(-18.2837216985299,0.,24.1999577467999));
#8441=CARTESIAN_POINT('',(-29.5105344318685,0.,24.1999577467999));
#8442=CARTESIAN_POINT('',(-7.15173330755617,0.,24.1999577468001));
#8443=CARTESIAN_POINT('',(-18.2837216985299,0.,24.1999577467999));
#8444=CARTESIAN_POINT('',(-29.5105344318685,0.,24.1999577467999));
#8445=CARTESIAN_POINT('Origin',(-18.2837216985299,0.,23.9999580959999));
#8446=CARTESIAN_POINT('',(-18.4269274856997,0.,24.1395717158271));
#8447=CARTESIAN_POINT('Origin',(-19.7706424168844,0.,22.761283876214));
#8448=CARTESIAN_POINT('',(-19.7706424168844,0.,22.761283876214));
#8449=CARTESIAN_POINT('Origin',(-19.5200322893377,0.,22.5169600415159));
#8450=CARTESIAN_POINT('',(-19.8489241323668,0.,22.3972532003608));
#8451=CARTESIAN_POINT('Origin',(-19.7646510506061,0.,22.1657148111548));
#8452=CARTESIAN_POINT('',(-19.7646510506061,0.,22.1657148111548));
#8453=CARTESIAN_POINT('Origin',(-19.6706819525978,0.,22.1999167657709));
#8454=CARTESIAN_POINT('',(-19.6693482213839,0.,22.0999258349767));
#8455=CARTESIAN_POINT('Origin',(-19.66401329653,0.,21.6999621118001));
#8456=CARTESIAN_POINT('',(-19.2640139949301,0.,21.6999621118002));
#8457=CARTESIAN_POINT('Origin',(-19.2640139949302,0.,21.0999631594004));
#8458=CARTESIAN_POINT('',(-19.2640139949302,0.,21.0999631594004));
#8459=CARTESIAN_POINT('Origin',(-19.4640136457303,0.,21.0999631594004));
#8460=CARTESIAN_POINT('',(-19.4640136457305,0.,20.8999635086002));
#8461=CARTESIAN_POINT('Origin',(-20.6648379324373,0.,20.8999635085998));
#8462=CARTESIAN_POINT('',(-20.6648379324373,0.,20.8999635085998));
#8463=CARTESIAN_POINT('Origin',(-20.6648379324373,0.,21.8999617626002));
#8464=CARTESIAN_POINT('',(-21.6648275518885,0.,21.904117360446));
#8465=CARTESIAN_POINT('Origin',(-21.6640184390796,0.,22.098819648764));
#8466=CARTESIAN_POINT('Origin',(-29.5105344318685,0.,22.6999603658001));
#8467=CARTESIAN_POINT('',(-30.9200709019921,0.,23.2129896850378));
#8468=CARTESIAN_POINT('Origin',(-29.5105344318685,0.,22.6999603658001));
#8469=CARTESIAN_POINT('',(-30.9200709019921,0.,23.2129896850378));
#8470=CARTESIAN_POINT('Origin',(-32.8190542744108,0.,17.9955757493987));
#8471=CARTESIAN_POINT('',(-30.9200709019921,0.,23.2129896850378));
#8472=CARTESIAN_POINT('Origin',(-35.5957217295805,0.,9.78198475594351));
#8473=CARTESIAN_POINT('',(-35.7836599255973,0.,9.8503886651753));
#8474=CARTESIAN_POINT('Origin',(-35.5957217295805,0.,9.78198475594351));
#8475=CARTESIAN_POINT('',(-35.7836599255973,0.,9.8503886651753));
#8476=CARTESIAN_POINT('Origin',(-36.2938965748501,0.,8.44852499277492));
#8477=CARTESIAN_POINT('',(-36.2938965748501,0.,8.44852499277492));
#8478=CARTESIAN_POINT('',(-35.7836599255973,0.,9.8503886651753));
#8479=CARTESIAN_POINT('',(-36.2938965748501,0.,8.44852499277492));
#8480=CARTESIAN_POINT('Origin',(-34.8843601047261,0.,7.93549567353714));
#8481=CARTESIAN_POINT('',(-36.3843574857262,0.,7.93549567353759));
#8482=CARTESIAN_POINT('Origin',(-34.8843601047261,0.,7.93549567353714));
#8483=CARTESIAN_POINT('',(-36.3843574857262,0.,7.93549567353759));
#8484=CARTESIAN_POINT('Origin',(-36.3843574857262,0.,-1.79999685719988));
#8485=CARTESIAN_POINT('',(-36.3843574857262,0.,7.93549567353759));
#8486=CARTESIAN_POINT('Origin',(-15.1212089964303,0.,9.12133745784044));
#8487=UNCERTAINTY_MEASURE_WITH_UNIT(LENGTH_MEASURE(0.01),#8491,
'DISTANCE_ACCURACY_VALUE',
'Maximum model space distance between geometric entities at asserted c
onnectivities');
#8488=UNCERTAINTY_MEASURE_WITH_UNIT(LENGTH_MEASURE(1.E-6),#8491,
'DISTANCE_ACCURACY_VALUE',
'Maximum model space distance between geometric entities at asserted c
onnectivities');
#8489=(
GEOMETRIC_REPRESENTATION_CONTEXT(3)
GLOBAL_UNCERTAINTY_ASSIGNED_CONTEXT((#8487))
GLOBAL_UNIT_ASSIGNED_CONTEXT((#8491,#8494,#8492))
REPRESENTATION_CONTEXT('','3D')
);
#8490=(
GEOMETRIC_REPRESENTATION_CONTEXT(3)
GLOBAL_UNCERTAINTY_ASSIGNED_CONTEXT((#8488))
GLOBAL_UNIT_ASSIGNED_CONTEXT((#8491,#8494,#8492))
REPRESENTATION_CONTEXT('','3D')
);
#8491=(
LENGTH_UNIT()
NAMED_UNIT(*)
SI_UNIT(.MILLI.,.METRE.)
);
#8492=(
NAMED_UNIT(*)
SI_UNIT($,.STERADIAN.)
SOLID_ANGLE_UNIT()
);
#8493=DIMENSIONAL_EXPONENTS(0.,0.,0.,0.,0.,0.,0.);
#8494=(
CONVERSION_BASED_UNIT('degree',#8496)
NAMED_UNIT(#8493)
PLANE_ANGLE_UNIT()
);
#8495=(
NAMED_UNIT(*)
PLANE_ANGLE_UNIT()
SI_UNIT($,.RADIAN.)
);
#8496=PLANE_ANGLE_MEASURE_WITH_UNIT(PLANE_ANGLE_MEASURE(0.01745329252),
#8495);
#8497=SHAPE_DEFINITION_REPRESENTATION(#8498,#8499);
#8498=PRODUCT_DEFINITION_SHAPE('',$,#8501);
#8499=SHAPE_REPRESENTATION('',(#5079),#8489);
#8500=PRODUCT_DEFINITION_CONTEXT('part definition',#8505,'design');
#8501=PRODUCT_DEFINITION('CA802','CA802',#8502,#8500);
#8502=PRODUCT_DEFINITION_FORMATION('',$,#8507);
#8503=PRODUCT_RELATED_PRODUCT_CATEGORY('CA802','CA802',(#8507));
#8504=APPLICATION_PROTOCOL_DEFINITION('international standard',
'automotive_design',2009,#8505);
#8505=APPLICATION_CONTEXT(
'Core Data for Automotive Mechanical Design Process');
#8506=PRODUCT_CONTEXT('part definition',#8505,'mechanical');
#8507=PRODUCT('CA802','CA802',$,(#8506));
#8508=PRESENTATION_STYLE_ASSIGNMENT((#8510));
#8509=PRESENTATION_STYLE_ASSIGNMENT((#8511));
#8510=SURFACE_STYLE_USAGE(.BOTH.,#8512);
#8511=SURFACE_STYLE_USAGE(.BOTH.,#8513);
#8512=SURFACE_SIDE_STYLE('',(#8514));
#8513=SURFACE_SIDE_STYLE('',(#8515));
#8514=SURFACE_STYLE_FILL_AREA(#8516);
#8515=SURFACE_STYLE_FILL_AREA(#8517);
#8516=FILL_AREA_STYLE('',(#8518));
#8517=FILL_AREA_STYLE('',(#8519));
#8518=FILL_AREA_STYLE_COLOUR('',#8520);
#8519=FILL_AREA_STYLE_COLOUR('',#8521);
#8520=COLOUR_RGB('',0.749019607843137,0.749019607843137,0.749019607843137);
#8521=COLOUR_RGB('',1.,0.996078431372549,0.964705882352941);
ENDSEC;
END-ISO-10303-21;
