ISO-10303-21;
HEADER;
FILE_DESCRIPTION(('Creo Elements/Direct Modeling STEP Export'),'2;1');
FILE_NAME(
'C:/Temp/JobServerData/JobServer Files/35017e95-7652-478c-b2ae-ae9c2418c
139/work/output/model.stp','2023-11-23T 7:34:33',(''),(''),
'Creo Elements/Direct Modeling STEP processor for AP214 (Solid Model)',
'Creo Elements/Direct Modeling 20.1D  10-Oct-2020 (C) Parametric Technol
ogy GmbH','');
FILE_SCHEMA(('AUTOMOTIVE_DESIGN { 1 0 10303 214 1 1 1 1 }'));
ENDSEC;
DATA;
#10=CARTESIAN_POINT('',(0.,29.0435934795858,8.8));
#20=DIRECTION('',(0.,0.,1.));
#30=DIRECTION('',(1.,0.,0.));
#40=AXIS2_PLACEMENT_3D('',#10,#20,#30);
#50=PLANE('',#40);
#60=CARTESIAN_POINT('',(-48.,52.9,8.8));
#70=DIRECTION('',(0.,-1.,0.));
#80=VECTOR('',#70,1.);
#90=LINE('',#60,#80);
#100=CARTESIAN_POINT('',(-48.,52.9,8.8));
#110=VERTEX_POINT('',#100);
#120=CARTESIAN_POINT('',(-48.,5.18718695917165,8.8));
#130=VERTEX_POINT('',#120);
#140=EDGE_CURVE('',#110,#130,#90,.T.);
#150=ORIENTED_EDGE('',*,*,#140,.T.);
#160=CARTESIAN_POINT('',(-22.5,52.9,8.8));
#170=DIRECTION('',(-1.,0.,0.));
#180=VECTOR('',#170,1.);
#190=LINE('',#160,#180);
#200=CARTESIAN_POINT('',(-22.5,52.9,8.8));
#210=VERTEX_POINT('',#200);
#220=EDGE_CURVE('',#210,#110,#190,.T.);
#230=ORIENTED_EDGE('',*,*,#220,.T.);
#240=CARTESIAN_POINT('',(-22.5,52.9,8.8));
#250=DIRECTION('',(0.,1.,0.));
#260=VECTOR('',#250,1.);
#270=LINE('',#240,#260);
#280=CARTESIAN_POINT('',(-22.5,64.2,8.8));
#290=VERTEX_POINT('',#280);
#300=EDGE_CURVE('',#210,#290,#270,.T.);
#310=ORIENTED_EDGE('',*,*,#300,.F.);
#320=CARTESIAN_POINT('',(-21.,64.2,8.8));
#330=DIRECTION('',(0.,0.,-1.));
#340=DIRECTION('',(-1.,0.,0.));
#350=AXIS2_PLACEMENT_3D('',#320,#330,#340);
#360=CIRCLE('',#350,1.5);
#370=CARTESIAN_POINT('',(-21.,65.7,8.8));
#380=VERTEX_POINT('',#370);
#390=EDGE_CURVE('',#290,#380,#360,.T.);
#400=ORIENTED_EDGE('',*,*,#390,.F.);
#410=CARTESIAN_POINT('',(-21.,65.7,8.8));
#420=DIRECTION('',(1.,0.,0.));
#430=VECTOR('',#420,1.);
#440=LINE('',#410,#430);
#450=CARTESIAN_POINT('',(-1.599009852456,65.7,8.8));
#460=VERTEX_POINT('',#450);
#470=EDGE_CURVE('',#380,#460,#440,.T.);
#480=ORIENTED_EDGE('',*,*,#470,.F.);
#490=CARTESIAN_POINT('',(-1.599009852456,75.7,8.8));
#500=DIRECTION('',(0.,0.,1.));
#510=DIRECTION('',(4.44089209850063E-16,-1.,0.));
#520=AXIS2_PLACEMENT_3D('',#490,#500,#510);
#530=CIRCLE('',#520,10.);
#540=CARTESIAN_POINT('',(4.01155117612227,67.42222222184,8.8));
#550=VERTEX_POINT('',#540);
#560=EDGE_CURVE('',#460,#550,#530,.T.);
#570=ORIENTED_EDGE('',*,*,#560,.F.);
#580=CARTESIAN_POINT('',(8.5,60.8,8.8));
#590=DIRECTION('',(0.,0.,-1.));
#600=DIRECTION('',(-0.561056103055051,0.82777777768232,0.));
#610=AXIS2_PLACEMENT_3D('',#580,#590,#600);
#620=CIRCLE('',#610,8.);
#630=CARTESIAN_POINT('',(12.988448828586,67.4222222186487,8.8));
#640=VERTEX_POINT('',#630);
#650=EDGE_CURVE('',#550,#640,#620,.T.);
#660=ORIENTED_EDGE('',*,*,#650,.F.);
#670=CARTESIAN_POINT('',(18.59900985246,75.7,8.8));
#680=DIRECTION('',(0.,0.,1.));
#690=DIRECTION('',(-0.56105610185969,-0.827777778492519,0.));
#700=AXIS2_PLACEMENT_3D('',#670,#680,#690);
#710=CIRCLE('',#700,10.);
#720=CARTESIAN_POINT('',(18.59900985246,65.7,8.8));
#730=VERTEX_POINT('',#720);
#740=EDGE_CURVE('',#640,#730,#710,.T.);
#750=ORIENTED_EDGE('',*,*,#740,.F.);
#760=CARTESIAN_POINT('',(18.59900985246,65.7,8.8));
#770=DIRECTION('',(1.,0.,0.));
#780=VECTOR('',#770,1.);
#790=LINE('',#760,#780);
#800=CARTESIAN_POINT('',(21.,65.7,8.8));
#810=VERTEX_POINT('',#800);
#820=EDGE_CURVE('',#730,#810,#790,.T.);
#830=ORIENTED_EDGE('',*,*,#820,.F.);
#840=CARTESIAN_POINT('',(21.,64.2,8.8));
#850=DIRECTION('',(0.,0.,-1.));
#860=DIRECTION('',(0.,1.,0.));
#870=AXIS2_PLACEMENT_3D('',#840,#850,#860);
#880=CIRCLE('',#870,1.5);
#890=CARTESIAN_POINT('',(22.5,64.2,8.8));
#900=VERTEX_POINT('',#890);
#910=EDGE_CURVE('',#810,#900,#880,.T.);
#920=ORIENTED_EDGE('',*,*,#910,.F.);
#930=CARTESIAN_POINT('',(22.5,64.2,8.8));
#940=DIRECTION('',(0.,-1.,0.));
#950=VECTOR('',#940,1.);
#960=LINE('',#930,#950);
#970=CARTESIAN_POINT('',(22.5,52.9,8.8));
#980=VERTEX_POINT('',#970);
#990=EDGE_CURVE('',#900,#980,#960,.T.);
#1000=ORIENTED_EDGE('',*,*,#990,.F.);
#1010=CARTESIAN_POINT('',(48.,52.9,8.8));
#1020=DIRECTION('',(-1.,0.,0.));
#1030=VECTOR('',#1020,1.);
#1040=LINE('',#1010,#1030);
#1050=CARTESIAN_POINT('',(48.,52.9,8.8));
#1060=VERTEX_POINT('',#1050);
#1070=EDGE_CURVE('',#1060,#980,#1040,.T.);
#1080=ORIENTED_EDGE('',*,*,#1070,.T.);
#1090=CARTESIAN_POINT('',(48.,52.9,8.8));
#1100=DIRECTION('',(0.,-1.,0.));
#1110=VECTOR('',#1100,1.);
#1120=LINE('',#1090,#1110);
#1130=CARTESIAN_POINT('',(48.,5.18718695917158,8.8));
#1140=VERTEX_POINT('',#1130);
#1150=EDGE_CURVE('',#1060,#1140,#1120,.T.);
#1160=ORIENTED_EDGE('',*,*,#1150,.F.);
#1170=CARTESIAN_POINT('',(48.,5.18718695917158,8.8));
#1180=DIRECTION('',(-0.984807753012213,-0.173648177666902,0.));
#1190=VECTOR('',#1180,1.);
#1200=LINE('',#1170,#1190);
#1210=CARTESIAN_POINT('',(40.7,3.90000000000001,8.8));
#1220=VERTEX_POINT('',#1210);
#1230=EDGE_CURVE('',#1140,#1220,#1200,.T.);
#1240=ORIENTED_EDGE('',*,*,#1230,.F.);
#1250=CARTESIAN_POINT('',(40.7,29.0435934795858,8.8));
#1260=DIRECTION('',(0.,1.,0.));
#1270=VECTOR('',#1260,1.);
#1280=LINE('',#1250,#1270);
#1290=CARTESIAN_POINT('',(40.7,0.,8.8));
#1300=VERTEX_POINT('',#1290);
#1310=EDGE_CURVE('',#1300,#1220,#1280,.T.);
#1320=ORIENTED_EDGE('',*,*,#1310,.T.);
#1330=CARTESIAN_POINT('',(0.,2.73558953267639E-13,8.8));
#1340=DIRECTION('',(1.,0.,0.));
#1350=VECTOR('',#1340,1.);
#1360=LINE('',#1330,#1350);
#1370=CARTESIAN_POINT('',(20.4,0.,8.8));
#1380=VERTEX_POINT('',#1370);
#1390=EDGE_CURVE('',#1380,#1300,#1360,.T.);
#1400=ORIENTED_EDGE('',*,*,#1390,.T.);
#1410=CARTESIAN_POINT('',(-8.64359347958546,29.0435934795858,8.8));
#1420=DIRECTION('',(0.707106781186547,-0.707106781186548,0.));
#1430=VECTOR('',#1420,1.);
#1440=LINE('',#1410,#1430);
#1450=CARTESIAN_POINT('',(18.9,1.49999999999999,8.8));
#1460=VERTEX_POINT('',#1450);
#1470=EDGE_CURVE('',#1460,#1380,#1440,.T.);
#1480=ORIENTED_EDGE('',*,*,#1470,.T.);
#1490=CARTESIAN_POINT('',(18.9,29.0435934795858,8.8));
#1500=DIRECTION('',(0.,-1.,0.));
#1510=VECTOR('',#1500,1.);
#1520=LINE('',#1490,#1510);
#1530=CARTESIAN_POINT('',(18.9,2.1,8.8));
#1540=VERTEX_POINT('',#1530);
#1550=EDGE_CURVE('',#1540,#1460,#1520,.T.);
#1560=ORIENTED_EDGE('',*,*,#1550,.T.);
#1570=CARTESIAN_POINT('',(0.,2.1,8.79999999999999));
#1580=DIRECTION('',(-1.,0.,1.38777878078145E-17));
#1590=VECTOR('',#1580,1.);
#1600=LINE('',#1570,#1590);
#1610=CARTESIAN_POINT('',(21.2,2.1,8.8));
#1620=VERTEX_POINT('',#1610);
#1630=EDGE_CURVE('',#1620,#1540,#1600,.T.);
#1640=ORIENTED_EDGE('',*,*,#1630,.T.);
#1650=CARTESIAN_POINT('',(21.2,29.0435934795858,8.8));
#1660=DIRECTION('',(0.,-1.,0.));
#1670=VECTOR('',#1660,1.);
#1680=LINE('',#1650,#1670);
#1690=CARTESIAN_POINT('',(21.2,3.9,8.8));
#1700=VERTEX_POINT('',#1690);
#1710=EDGE_CURVE('',#1700,#1620,#1680,.T.);
#1720=ORIENTED_EDGE('',*,*,#1710,.T.);
#1730=CARTESIAN_POINT('',(0.,3.9,8.79999999999999));
#1740=DIRECTION('',(1.,0.,-1.38777878078145E-17));
#1750=VECTOR('',#1740,1.);
#1760=LINE('',#1730,#1750);
#1770=CARTESIAN_POINT('',(18.9,3.9,8.8));
#1780=VERTEX_POINT('',#1770);
#1790=EDGE_CURVE('',#1780,#1700,#1760,.T.);
#1800=ORIENTED_EDGE('',*,*,#1790,.T.);
#1810=CARTESIAN_POINT('',(18.9,29.0435934795858,8.79999999999999));
#1820=DIRECTION('',(0.,-1.,1.11022302462516E-16));
#1830=VECTOR('',#1820,1.);
#1840=LINE('',#1810,#1830);
#1850=CARTESIAN_POINT('',(18.9,5.5,8.8));
#1860=VERTEX_POINT('',#1850);
#1870=EDGE_CURVE('',#1860,#1780,#1840,.T.);
#1880=ORIENTED_EDGE('',*,*,#1870,.T.);
#1890=CARTESIAN_POINT('',(18.9,5.5,8.8));
#1900=DIRECTION('',(-1.,0.,0.));
#1910=VECTOR('',#1900,1.);
#1920=LINE('',#1890,#1910);
#1930=CARTESIAN_POINT('',(-17.9,5.5,8.8));
#1940=VERTEX_POINT('',#1930);
#1950=EDGE_CURVE('',#1860,#1940,#1920,.T.);
#1960=ORIENTED_EDGE('',*,*,#1950,.F.);
#1970=CARTESIAN_POINT('',(-17.9,4.5,8.8));
#1980=DIRECTION('',(0.,1.,0.));
#1990=VECTOR('',#1980,1.);
#2000=LINE('',#1970,#1990);
#2010=CARTESIAN_POINT('',(-17.9,4.5,8.8));
#2020=VERTEX_POINT('',#2010);
#2030=EDGE_CURVE('',#2020,#1940,#2000,.T.);
#2040=ORIENTED_EDGE('',*,*,#2030,.T.);
#2050=CARTESIAN_POINT('',(-17.9,4.5,8.8));
#2060=DIRECTION('',(0.866025403784429,-0.500000000000017,0.));
#2070=VECTOR('',#2060,1.);
#2080=LINE('',#2050,#2070);
#2090=CARTESIAN_POINT('',(-15.2,2.94115427318797,8.8));
#2100=VERTEX_POINT('',#2090);
#2110=EDGE_CURVE('',#2020,#2100,#2080,.T.);
#2120=ORIENTED_EDGE('',*,*,#2110,.F.);
#2130=CARTESIAN_POINT('',(-15.2,2.94115427318794,8.8));
#2140=DIRECTION('',(0.,-1.,0.));
#2150=VECTOR('',#2140,1.);
#2160=LINE('',#2130,#2150);
#2170=CARTESIAN_POINT('',(-15.2,1.763269807085,8.8));
#2180=VERTEX_POINT('',#2170);
#2190=EDGE_CURVE('',#2100,#2180,#2160,.T.);
#2200=ORIENTED_EDGE('',*,*,#2190,.F.);
#2210=CARTESIAN_POINT('',(-15.2,1.763269807085,8.8));
#2220=DIRECTION('',(-0.984807753012213,-0.173648177666902,0.));
#2230=VECTOR('',#2220,1.);
#2240=LINE('',#2210,#2230);
#2250=CARTESIAN_POINT('',(-25.2000000000018,0.,8.8));
#2260=VERTEX_POINT('',#2250);
#2270=EDGE_CURVE('',#2180,#2260,#2240,.T.);
#2280=ORIENTED_EDGE('',*,*,#2270,.F.);
#2290=CARTESIAN_POINT('',(-25.2000000000037,0.,8.8));
#2300=DIRECTION('',(-1.,0.,0.));
#2310=VECTOR('',#2300,1.);
#2320=LINE('',#2290,#2310);
#2330=CARTESIAN_POINT('',(-33.2,0.,8.8));
#2340=VERTEX_POINT('',#2330);
#2350=EDGE_CURVE('',#2260,#2340,#2320,.T.);
#2360=ORIENTED_EDGE('',*,*,#2350,.F.);
#2370=CARTESIAN_POINT('',(-33.2,0.,8.8));
#2380=DIRECTION('',(-0.984807753012213,0.173648177666902,0.));
#2390=VECTOR('',#2380,1.);
#2400=LINE('',#2370,#2390);
#2410=CARTESIAN_POINT('',(-40.7,1.32245235531326,8.8));
#2420=VERTEX_POINT('',#2410);
#2430=EDGE_CURVE('',#2340,#2420,#2400,.T.);
#2440=ORIENTED_EDGE('',*,*,#2430,.F.);
#2450=CARTESIAN_POINT('',(-40.7,1.32245235531327,8.8));
#2460=DIRECTION('',(0.,1.,0.));
#2470=VECTOR('',#2460,1.);
#2480=LINE('',#2450,#2470);
#2490=CARTESIAN_POINT('',(-40.7,3.90000000000041,8.8));
#2500=VERTEX_POINT('',#2490);
#2510=EDGE_CURVE('',#2420,#2500,#2480,.T.);
#2520=ORIENTED_EDGE('',*,*,#2510,.F.);
#2530=CARTESIAN_POINT('',(-40.7,3.90000000000042,8.8));
#2540=DIRECTION('',(-0.984807753012213,0.173648177666902,0.));
#2550=VECTOR('',#2540,1.);
#2560=LINE('',#2530,#2550);
#2570=EDGE_CURVE('',#2500,#130,#2560,.T.);
#2580=ORIENTED_EDGE('',*,*,#2570,.F.);
#2590=EDGE_LOOP('',(#2580,#2520,#2440,#2360,#2280,#2200,#2120,#2040,
#1960,#1880,#1800,#1720,#1640,#1560,#1480,#1400,#1320,#1240,#1160,#1080,
#1000,#920,#830,#750,#660,#570,#480,#400,#310,#230,#150));
#2600=FACE_OUTER_BOUND('',#2590,.T.);
#2610=ADVANCED_FACE('',(#2600),#50,.T.);
#2620=CARTESIAN_POINT('',(42.,49.7377635082183,6.94176803837712));
#2630=DIRECTION('',(1.,0.,0.));
#2640=DIRECTION('',(0.,-1.,0.));
#2650=AXIS2_PLACEMENT_3D('',#2620,#2630,#2640);
#2660=PLANE('',#2650);
#2670=CARTESIAN_POINT('',(42.,29.0435934795858,-4.5));
#2680=DIRECTION('',(0.,-1.,0.));
#2690=VECTOR('',#2680,1.);
#2700=LINE('',#2670,#2690);
#2710=CARTESIAN_POINT('',(42.,27.3,-4.5));
#2720=VERTEX_POINT('',#2710);
#2730=CARTESIAN_POINT('',(42.,23.3,-4.5));
#2740=VERTEX_POINT('',#2730);
#2750=EDGE_CURVE('',#2720,#2740,#2700,.T.);
#2760=ORIENTED_EDGE('',*,*,#2750,.T.);
#2770=CARTESIAN_POINT('',(42.,27.3,8.8));
#2780=DIRECTION('',(0.,0.,-1.));
#2790=VECTOR('',#2780,1.);
#2800=LINE('',#2770,#2790);
#2810=CARTESIAN_POINT('',(42.,27.3,4.5));
#2820=VERTEX_POINT('',#2810);
#2830=EDGE_CURVE('',#2820,#2720,#2800,.T.);
#2840=ORIENTED_EDGE('',*,*,#2830,.T.);
#2850=CARTESIAN_POINT('',(42.,29.0435934795858,4.5));
#2860=DIRECTION('',(0.,1.,0.));
#2870=VECTOR('',#2860,1.);
#2880=LINE('',#2850,#2870);
#2890=CARTESIAN_POINT('',(42.,23.3,4.5));
#2900=VERTEX_POINT('',#2890);
#2910=EDGE_CURVE('',#2900,#2820,#2880,.T.);
#2920=ORIENTED_EDGE('',*,*,#2910,.T.);
#2930=CARTESIAN_POINT('',(42.,23.3,0.));
#2940=DIRECTION('',(-1.,0.,0.));
#2950=DIRECTION('',(0.,0.,-1.));
#2960=AXIS2_PLACEMENT_3D('',#2930,#2940,#2950);
#2970=CIRCLE('',#2960,4.5);
#2980=EDGE_CURVE('',#2740,#2900,#2970,.T.);
#2990=ORIENTED_EDGE('',*,*,#2980,.T.);
#3000=EDGE_LOOP('',(#2990,#2920,#2840,#2760));
#3010=FACE_BOUND('',#3000,.T.);
#3020=CARTESIAN_POINT('',(42.,29.0435934795858,-3.19999999999999));
#3030=DIRECTION('',(0.,1.,-1.11022302462516E-16));
#3040=VECTOR('',#3030,1.);
#3050=LINE('',#3020,#3040);
#3060=CARTESIAN_POINT('',(42.,4.12922507492097,-3.19999999999999));
#3070=VERTEX_POINT('',#3060);
#3080=CARTESIAN_POINT('',(42.,5.20000000000023,-3.19999999999999));
#3090=VERTEX_POINT('',#3080);
#3100=EDGE_CURVE('',#3070,#3090,#3050,.T.);
#3110=ORIENTED_EDGE('',*,*,#3100,.F.);
#3120=CARTESIAN_POINT('',(42.,5.20000000000023,8.8));
#3130=DIRECTION('',(0.,-1.11022302462516E-16,-1.));
#3140=VECTOR('',#3130,1.);
#3150=LINE('',#3120,#3140);
#3160=CARTESIAN_POINT('',(42.,5.20000000000023,3.20000000000001));
#3170=VERTEX_POINT('',#3160);
#3180=EDGE_CURVE('',#3170,#3090,#3150,.T.);
#3190=ORIENTED_EDGE('',*,*,#3180,.T.);
#3200=CARTESIAN_POINT('',(42.,29.0435934795858,3.20000000000001));
#3210=DIRECTION('',(0.,-1.,1.11022302462516E-16));
#3220=VECTOR('',#3210,1.);
#3230=LINE('',#3200,#3220);
#3240=CARTESIAN_POINT('',(42.,4.12922507492097,3.20000000000001));
#3250=VERTEX_POINT('',#3240);
#3260=EDGE_CURVE('',#3170,#3250,#3230,.T.);
#3270=ORIENTED_EDGE('',*,*,#3260,.F.);
#3280=CARTESIAN_POINT('',(42.,4.12922507492097,8.8));
#3290=DIRECTION('',(0.,0.,-1.));
#3300=VECTOR('',#3290,1.);
#3310=LINE('',#3280,#3300);
#3320=CARTESIAN_POINT('',(42.,4.12922507492097,5.8));
#3330=VERTEX_POINT('',#3320);
#3340=EDGE_CURVE('',#3330,#3250,#3310,.T.);
#3350=ORIENTED_EDGE('',*,*,#3340,.T.);
#3360=CARTESIAN_POINT('',(42.,29.0435934795858,5.8));
#3370=DIRECTION('',(0.,-1.,0.));
#3380=VECTOR('',#3370,1.);
#3390=LINE('',#3360,#3380);
#3400=CARTESIAN_POINT('',(42.,48.1,5.8));
#3410=VERTEX_POINT('',#3400);
#3420=EDGE_CURVE('',#3410,#3330,#3390,.T.);
#3430=ORIENTED_EDGE('',*,*,#3420,.T.);
#3440=CARTESIAN_POINT('',(42.,48.1,8.8));
#3450=DIRECTION('',(0.,0.,1.));
#3460=VECTOR('',#3450,1.);
#3470=LINE('',#3440,#3460);
#3480=CARTESIAN_POINT('',(42.,48.1,-5.8));
#3490=VERTEX_POINT('',#3480);
#3500=EDGE_CURVE('',#3490,#3410,#3470,.T.);
#3510=ORIENTED_EDGE('',*,*,#3500,.T.);
#3520=CARTESIAN_POINT('',(42.,29.0435934795858,-5.8));
#3530=DIRECTION('',(0.,-1.,0.));
#3540=VECTOR('',#3530,1.);
#3550=LINE('',#3520,#3540);
#3560=CARTESIAN_POINT('',(42.,4.12922507492097,-5.8));
#3570=VERTEX_POINT('',#3560);
#3580=EDGE_CURVE('',#3490,#3570,#3550,.T.);
#3590=ORIENTED_EDGE('',*,*,#3580,.F.);
#3600=CARTESIAN_POINT('',(42.,4.12922507492097,8.8));
#3610=DIRECTION('',(0.,0.,-1.));
#3620=VECTOR('',#3610,1.);
#3630=LINE('',#3600,#3620);
#3640=EDGE_CURVE('',#3070,#3570,#3630,.T.);
#3650=ORIENTED_EDGE('',*,*,#3640,.T.);
#3660=EDGE_LOOP('',(#3650,#3590,#3510,#3430,#3350,#3270,#3190,#3110));
#3670=FACE_OUTER_BOUND('',#3660,.T.);
#3680=ADVANCED_FACE('',(#3010,#3670),#2660,.T.);
#3690=CARTESIAN_POINT('',(-50.,28.55,-5.8));
#3700=DIRECTION('',(0.,0.,1.));
#3710=DIRECTION('',(1.,0.,0.));
#3720=AXIS2_PLACEMENT_3D('',#3690,#3700,#3710);
#3730=PLANE('',#3720);
#3740=CARTESIAN_POINT('',(-43.,45.1,-5.8));
#3750=DIRECTION('',(0.,0.,-1.));
#3760=DIRECTION('',(-1.,0.,0.));
#3770=AXIS2_PLACEMENT_3D('',#3740,#3750,#3760);
#3780=CIRCLE('',#3770,15.);
#3790=CARTESIAN_POINT('',(-58.,45.1,-5.8));
#3800=VERTEX_POINT('',#3790);
#3810=CARTESIAN_POINT('',(-43.,60.1,-5.8));
#3820=VERTEX_POINT('',#3810);
#3830=EDGE_CURVE('',#3800,#3820,#3780,.T.);
#3840=ORIENTED_EDGE('',*,*,#3830,.F.);
#3850=CARTESIAN_POINT('',(-22.5,60.1,-5.8));
#3860=DIRECTION('',(-1.,0.,0.));
#3870=VECTOR('',#3860,1.);
#3880=LINE('',#3850,#3870);
#3890=CARTESIAN_POINT('',(-22.5,60.1,-5.8));
#3900=VERTEX_POINT('',#3890);
#3910=EDGE_CURVE('',#3900,#3820,#3880,.T.);
#3920=ORIENTED_EDGE('',*,*,#3910,.T.);
#3930=CARTESIAN_POINT('',(-22.5,29.0435934795858,-5.8));
#3940=DIRECTION('',(0.,-1.,0.));
#3950=VECTOR('',#3940,1.);
#3960=LINE('',#3930,#3950);
#3970=CARTESIAN_POINT('',(-22.5,52.9,-5.8));
#3980=VERTEX_POINT('',#3970);
#3990=EDGE_CURVE('',#3900,#3980,#3960,.T.);
#4000=ORIENTED_EDGE('',*,*,#3990,.F.);
#4010=CARTESIAN_POINT('',(0.,52.9,-5.8));
#4020=DIRECTION('',(-1.,0.,0.));
#4030=VECTOR('',#4020,1.);
#4040=LINE('',#4010,#4030);
#4050=CARTESIAN_POINT('',(-48.,52.9,-5.8));
#4060=VERTEX_POINT('',#4050);
#4070=EDGE_CURVE('',#3980,#4060,#4040,.T.);
#4080=ORIENTED_EDGE('',*,*,#4070,.F.);
#4090=CARTESIAN_POINT('',(-48.,29.0435934795858,-5.8));
#4100=DIRECTION('',(0.,-1.,0.));
#4110=VECTOR('',#4100,1.);
#4120=LINE('',#4090,#4110);
#4130=CARTESIAN_POINT('',(-48.,48.1,-5.8));
#4140=VERTEX_POINT('',#4130);
#4150=EDGE_CURVE('',#4060,#4140,#4120,.T.);
#4160=ORIENTED_EDGE('',*,*,#4150,.F.);
#4170=CARTESIAN_POINT('',(0.,48.1,-5.8));
#4180=DIRECTION('',(-1.,0.,0.));
#4190=VECTOR('',#4180,1.);
#4200=LINE('',#4170,#4190);
#4210=CARTESIAN_POINT('',(-42.,48.1,-5.8));
#4220=VERTEX_POINT('',#4210);
#4230=EDGE_CURVE('',#4220,#4140,#4200,.T.);
#4240=ORIENTED_EDGE('',*,*,#4230,.T.);
#4250=CARTESIAN_POINT('',(-42.,29.0435934795858,-5.8));
#4260=DIRECTION('',(0.,1.,0.));
#4270=VECTOR('',#4260,1.);
#4280=LINE('',#4250,#4270);
#4290=CARTESIAN_POINT('',(-42.,4.12922507492138,-5.8));
#4300=VERTEX_POINT('',#4290);
#4310=EDGE_CURVE('',#4300,#4220,#4280,.T.);
#4320=ORIENTED_EDGE('',*,*,#4310,.T.);
#4330=CARTESIAN_POINT('',(0.,-3.27650811483291,-5.8));
#4340=DIRECTION('',(0.984807753012213,-0.173648177666902,0.));
#4350=VECTOR('',#4340,1.);
#4360=LINE('',#4330,#4350);
#4370=CARTESIAN_POINT('',(-51.3891854213609,5.78479179158162,-5.8));
#4380=VERTEX_POINT('',#4370);
#4390=EDGE_CURVE('',#4380,#4300,#4360,.T.);
#4400=ORIENTED_EDGE('',*,*,#4390,.T.);
#4410=CARTESIAN_POINT('',(-50.,13.66325381567,-5.8));
#4420=DIRECTION('',(0.,0.,-1.));
#4430=DIRECTION('',(-0.173648177672856,-0.984807753011163,0.));
#4440=AXIS2_PLACEMENT_3D('',#4410,#4420,#4430);
#4450=CIRCLE('',#4440,8.);
#4460=CARTESIAN_POINT('',(-58.,13.66325381567,-5.8));
#4470=VERTEX_POINT('',#4460);
#4480=EDGE_CURVE('',#4380,#4470,#4450,.T.);
#4490=ORIENTED_EDGE('',*,*,#4480,.F.);
#4500=CARTESIAN_POINT('',(-58.,29.0435934795858,-5.8));
#4510=DIRECTION('',(0.,-1.,0.));
#4520=VECTOR('',#4510,1.);
#4530=LINE('',#4500,#4520);
#4540=EDGE_CURVE('',#3800,#4470,#4530,.T.);
#4550=ORIENTED_EDGE('',*,*,#4540,.T.);
#4560=EDGE_LOOP('',(#4550,#4490,#4400,#4320,#4240,#4160,#4080,#4000,
#3920,#3840));
#4570=FACE_OUTER_BOUND('',#4560,.T.);
#4580=ADVANCED_FACE('',(#4570),#3730,.T.);
#4590=CARTESIAN_POINT('',(-41.3212195079028,48.1,3.73173008093383));
#4600=DIRECTION('',(-0.,1.,0.));
#4610=DIRECTION('',(1.,0.,0.));
#4620=AXIS2_PLACEMENT_3D('',#4590,#4600,#4610);
#4630=PLANE('',#4620);
#4640=CARTESIAN_POINT('',(48.,48.1,8.8));
#4650=DIRECTION('',(0.,0.,-1.));
#4660=VECTOR('',#4650,1.);
#4670=LINE('',#4640,#4660);
#4680=CARTESIAN_POINT('',(48.,48.1,5.8));
#4690=VERTEX_POINT('',#4680);
#4700=CARTESIAN_POINT('',(48.,48.1,-5.8));
#4710=VERTEX_POINT('',#4700);
#4720=EDGE_CURVE('',#4690,#4710,#4670,.T.);
#4730=ORIENTED_EDGE('',*,*,#4720,.F.);
#4740=CARTESIAN_POINT('',(0.,48.1,-5.8));
#4750=DIRECTION('',(1.,0.,0.));
#4760=VECTOR('',#4750,1.);
#4770=LINE('',#4740,#4760);
#4780=EDGE_CURVE('',#3490,#4710,#4770,.T.);
#4790=ORIENTED_EDGE('',*,*,#4780,.T.);
#4800=ORIENTED_EDGE('',*,*,#3500,.F.);
#4810=CARTESIAN_POINT('',(0.,48.1,5.8));
#4820=DIRECTION('',(1.,0.,0.));
#4830=VECTOR('',#4820,1.);
#4840=LINE('',#4810,#4830);
#4850=EDGE_CURVE('',#3410,#4690,#4840,.T.);
#4860=ORIENTED_EDGE('',*,*,#4850,.F.);
#4870=EDGE_LOOP('',(#4860,#4800,#4790,#4730));
#4880=FACE_OUTER_BOUND('',#4870,.T.);
#4890=ADVANCED_FACE('',(#4880),#4630,.F.);
#4900=CARTESIAN_POINT('',(-48.,52.9,8.8));
#4910=DIRECTION('',(-0.,-1.,-0.));
#4920=DIRECTION('',(-1.,0.,0.));
#4930=AXIS2_PLACEMENT_3D('',#4900,#4910,#4920);
#4940=PLANE('',#4930);
#4950=CARTESIAN_POINT('',(-22.5,52.9,8.8));
#4960=DIRECTION('',(0.,0.,-1.));
#4970=VECTOR('',#4960,1.);
#4980=LINE('',#4950,#4970);
#4990=CARTESIAN_POINT('',(-22.5,52.9,5.8));
#5000=VERTEX_POINT('',#4990);
#5010=EDGE_CURVE('',#5000,#3980,#4980,.T.);
#5020=ORIENTED_EDGE('',*,*,#5010,.T.);
#5030=CARTESIAN_POINT('',(0.,52.9,5.8));
#5040=DIRECTION('',(-1.,0.,0.));
#5050=VECTOR('',#5040,1.);
#5060=LINE('',#5030,#5050);
#5070=CARTESIAN_POINT('',(-48.,52.9,5.8));
#5080=VERTEX_POINT('',#5070);
#5090=EDGE_CURVE('',#5000,#5080,#5060,.T.);
#5100=ORIENTED_EDGE('',*,*,#5090,.F.);
#5110=CARTESIAN_POINT('',(-48.,52.9,8.8));
#5120=DIRECTION('',(0.,0.,-1.));
#5130=VECTOR('',#5120,1.);
#5140=LINE('',#5110,#5130);
#5150=EDGE_CURVE('',#5080,#4060,#5140,.T.);
#5160=ORIENTED_EDGE('',*,*,#5150,.F.);
#5170=ORIENTED_EDGE('',*,*,#4070,.T.);
#5180=EDGE_LOOP('',(#5170,#5160,#5100,#5020));
#5190=FACE_OUTER_BOUND('',#5180,.T.);
#5200=CARTESIAN_POINT('',(-33.9,52.9,-3.5527136788005E-15));
#5210=DIRECTION('',(1.11022302462516E-16,1.,-1.11022302462516E-16));
#5220=DIRECTION('',(-1.,1.11022302462516E-16,1.38777878078144E-17));
#5230=AXIS2_PLACEMENT_3D('',#5200,#5210,#5220);
#5240=CIRCLE('',#5230,3.5);
#5250=CARTESIAN_POINT('',(-37.4,52.9,-3.50414142147315E-15));
#5260=VERTEX_POINT('',#5250);
#5270=CARTESIAN_POINT('',(-30.4,52.9,-3.17265955642628E-15));
#5280=VERTEX_POINT('',#5270);
#5290=EDGE_CURVE('',#5260,#5280,#5240,.T.);
#5300=ORIENTED_EDGE('',*,*,#5290,.F.);
#5310=EDGE_CURVE('',#5280,#5260,#5240,.T.);
#5320=ORIENTED_EDGE('',*,*,#5310,.F.);
#5330=EDGE_LOOP('',(#5320,#5300));
#5340=FACE_BOUND('',#5330,.T.);
#5350=ADVANCED_FACE('',(#5190,#5340),#4940,.F.);
#5360=CARTESIAN_POINT('',(-22.5,52.9,8.8));
#5370=DIRECTION('',(1.,0.,0.));
#5380=DIRECTION('',(0.,-1.,0.));
#5390=AXIS2_PLACEMENT_3D('',#5360,#5370,#5380);
#5400=PLANE('',#5390);
#5410=ORIENTED_EDGE('',*,*,#300,.T.);
#5420=CARTESIAN_POINT('',(-22.5,52.9,7.3));
#5430=VERTEX_POINT('',#5420);
#5440=EDGE_CURVE('',#210,#5430,#4980,.T.);
#5450=ORIENTED_EDGE('',*,*,#5440,.F.);
#5460=CARTESIAN_POINT('',(-22.5,29.0435934795858,7.3));
#5470=DIRECTION('',(0.,-1.,0.));
#5480=VECTOR('',#5470,1.);
#5490=LINE('',#5460,#5480);
#5500=CARTESIAN_POINT('',(-22.5,60.1,7.3));
#5510=VERTEX_POINT('',#5500);
#5520=EDGE_CURVE('',#5510,#5430,#5490,.T.);
#5530=ORIENTED_EDGE('',*,*,#5520,.T.);
#5540=CARTESIAN_POINT('',(-22.5,60.1,8.8));
#5550=DIRECTION('',(0.,0.,-1.));
#5560=VECTOR('',#5550,1.);
#5570=LINE('',#5540,#5560);
#5580=CARTESIAN_POINT('',(-22.5,60.1,5.8));
#5590=VERTEX_POINT('',#5580);
#5600=EDGE_CURVE('',#5510,#5590,#5570,.T.);
#5610=ORIENTED_EDGE('',*,*,#5600,.F.);
#5620=CARTESIAN_POINT('',(-22.5,29.0435934795858,5.8));
#5630=DIRECTION('',(0.,-1.,0.));
#5640=VECTOR('',#5630,1.);
#5650=LINE('',#5620,#5640);
#5660=EDGE_CURVE('',#5590,#5000,#5650,.T.);
#5670=ORIENTED_EDGE('',*,*,#5660,.F.);
#5680=ORIENTED_EDGE('',*,*,#5010,.F.);
#5690=ORIENTED_EDGE('',*,*,#3990,.T.);
#5700=CARTESIAN_POINT('',(-22.5,60.1,8.8));
#5710=DIRECTION('',(0.,0.,-1.));
#5720=VECTOR('',#5710,1.);
#5730=LINE('',#5700,#5720);
#5740=CARTESIAN_POINT('',(-22.5,60.1,-7.3));
#5750=VERTEX_POINT('',#5740);
#5760=EDGE_CURVE('',#3900,#5750,#5730,.T.);
#5770=ORIENTED_EDGE('',*,*,#5760,.F.);
#5780=CARTESIAN_POINT('',(-22.5,29.0435934795858,-7.3));
#5790=DIRECTION('',(0.,-1.,0.));
#5800=VECTOR('',#5790,1.);
#5810=LINE('',#5780,#5800);
#5820=CARTESIAN_POINT('',(-22.5,52.9,-7.3));
#5830=VERTEX_POINT('',#5820);
#5840=EDGE_CURVE('',#5750,#5830,#5810,.T.);
#5850=ORIENTED_EDGE('',*,*,#5840,.F.);
#5860=CARTESIAN_POINT('',(-22.5,52.9,-8.8));
#5870=VERTEX_POINT('',#5860);
#5880=EDGE_CURVE('',#5830,#5870,#4980,.T.);
#5890=ORIENTED_EDGE('',*,*,#5880,.F.);
#5900=CARTESIAN_POINT('',(-22.5,52.9,-8.8));
#5910=DIRECTION('',(0.,1.,0.));
#5920=VECTOR('',#5910,1.);
#5930=LINE('',#5900,#5920);
#5940=CARTESIAN_POINT('',(-22.5,64.2,-8.8));
#5950=VERTEX_POINT('',#5940);
#5960=EDGE_CURVE('',#5870,#5950,#5930,.T.);
#5970=ORIENTED_EDGE('',*,*,#5960,.F.);
#5980=CARTESIAN_POINT('',(-22.5,64.2,8.8));
#5990=DIRECTION('',(0.,0.,-1.));
#6000=VECTOR('',#5990,1.);
#6010=LINE('',#5980,#6000);
#6020=EDGE_CURVE('',#290,#5950,#6010,.T.);
#6030=ORIENTED_EDGE('',*,*,#6020,.T.);
#6040=EDGE_LOOP('',(#6030,#5970,#5890,#5850,#5770,#5690,#5680,#5670,
#5610,#5530,#5450,#5410));
#6050=FACE_OUTER_BOUND('',#6040,.T.);
#6060=ADVANCED_FACE('',(#6050),#5400,.F.);
#6070=CARTESIAN_POINT('',(34.6071067958911,44.2308617462872,
2.62576840270867E-8));
#6080=DIRECTION('',(-0.707106775659533,1.10067438162868E-14,
0.707106786713562));
#6090=DIRECTION('',(-0.707106786713562,-1.9778512463614E-15,
-0.707106775659533));
#6100=AXIS2_PLACEMENT_3D('',#6070,#6080,#6090);
#6110=PLANE('',#6100);
#6120=CARTESIAN_POINT('',(36.7030431424517,52.9,2.09593634005297));
#6130=DIRECTION('',(1.11022302462516E-16,1.,-1.11022302462516E-16));
#6140=VECTOR('',#6130,1.);
#6150=LINE('',#6120,#6140);
#6160=CARTESIAN_POINT('',(36.7030431424516,43.2308617462872,
2.09593634005301));
#6170=VERTEX_POINT('',#6160);
#6180=CARTESIAN_POINT('',(36.7030431424517,44.2308617462872,
2.09593634005297));
#6190=VERTEX_POINT('',#6180);
#6200=EDGE_CURVE('',#6170,#6190,#6150,.T.);
#6210=ORIENTED_EDGE('',*,*,#6200,.T.);
#6220=CARTESIAN_POINT('',(0.,43.2308617462875,-34.6071062286288));
#6230=DIRECTION('',(0.707106786713562,-6.27276008913213E-15,
0.707106775659533));
#6240=VECTOR('',#6230,1.);
#6250=LINE('',#6220,#6240);
#6260=CARTESIAN_POINT('',(34.6071067958911,43.2308617462872,
2.62576840270867E-8));
#6270=VERTEX_POINT('',#6260);
#6280=EDGE_CURVE('',#6270,#6170,#6250,.T.);
#6290=ORIENTED_EDGE('',*,*,#6280,.T.);
#6300=CARTESIAN_POINT('',(34.6071067958908,3.09999999999999,
2.62580606147367E-8));
#6310=DIRECTION('',(6.38439109103302E-15,1.,-9.1814952696627E-15));
#6320=VECTOR('',#6310,1.);
#6330=LINE('',#6300,#6320);
#6340=CARTESIAN_POINT('',(34.6071067958911,44.2308617462872,
2.62576840270867E-8));
#6350=VERTEX_POINT('',#6340);
#6360=EDGE_CURVE('',#6270,#6350,#6330,.T.);
#6370=ORIENTED_EDGE('',*,*,#6360,.F.);
#6380=CARTESIAN_POINT('',(-1.4210854715202E-14,44.2308617462875,
-34.6071062286289));
#6390=DIRECTION('',(0.707106786713563,-6.25552129465575E-15,
0.707106775659533));
#6400=VECTOR('',#6390,1.);
#6410=LINE('',#6380,#6400);
#6420=EDGE_CURVE('',#6350,#6190,#6410,.T.);
#6430=ORIENTED_EDGE('',*,*,#6420,.F.);
#6440=EDGE_LOOP('',(#6430,#6370,#6290,#6210));
#6450=FACE_OUTER_BOUND('',#6440,.T.);
#6460=ADVANCED_FACE('',(#6450),#6110,.T.);
#6470=COLOUR_RGB('',0.823529481887817,0.823529481887817,
0.784313797950745);
#6480=FILL_AREA_STYLE_COLOUR('',#6470);
#6490=FILL_AREA_STYLE('',(#6480));
#6500=SURFACE_STYLE_FILL_AREA(#6490);
#6510=SURFACE_SIDE_STYLE('',(#6500));
#6520=SURFACE_STYLE_USAGE(.BOTH.,#6510);
#6530=PRESENTATION_STYLE_ASSIGNMENT((#6520));
#6540=CARTESIAN_POINT('',(-48.,52.9,8.8));
#6550=DIRECTION('',(-0.,-1.,-0.));
#6560=DIRECTION('',(-1.,0.,0.));
#6570=AXIS2_PLACEMENT_3D('',#6540,#6550,#6560);
#6580=PLANE('',#6570);
#6590=CARTESIAN_POINT('',(0.,52.9,-7.3));
#6600=DIRECTION('',(-1.,0.,0.));
#6610=VECTOR('',#6600,1.);
#6620=LINE('',#6590,#6610);
#6630=CARTESIAN_POINT('',(-48.,52.9,-7.3));
#6640=VERTEX_POINT('',#6630);
#6650=EDGE_CURVE('',#5830,#6640,#6620,.T.);
#6660=ORIENTED_EDGE('',*,*,#6650,.F.);
#6670=CARTESIAN_POINT('',(-48.,52.9,8.8));
#6680=DIRECTION('',(0.,0.,-1.));
#6690=VECTOR('',#6680,1.);
#6700=LINE('',#6670,#6690);
#6710=CARTESIAN_POINT('',(-48.,52.9,-8.8));
#6720=VERTEX_POINT('',#6710);
#6730=EDGE_CURVE('',#6640,#6720,#6700,.T.);
#6740=ORIENTED_EDGE('',*,*,#6730,.F.);
#6750=CARTESIAN_POINT('',(-22.5,52.9,-8.8));
#6760=DIRECTION('',(-1.,0.,0.));
#6770=VECTOR('',#6760,1.);
#6780=LINE('',#6750,#6770);
#6790=EDGE_CURVE('',#5870,#6720,#6780,.T.);
#6800=ORIENTED_EDGE('',*,*,#6790,.T.);
#6810=ORIENTED_EDGE('',*,*,#5880,.T.);
#6820=EDGE_LOOP('',(#6810,#6800,#6740,#6660));
#6830=FACE_OUTER_BOUND('',#6820,.T.);
#6840=ADVANCED_FACE('',(#6830),#6580,.F.);
#6850=CARTESIAN_POINT('',(-50.,28.55,-7.3));
#6860=DIRECTION('',(0.,0.,1.));
#6870=DIRECTION('',(1.,0.,0.));
#6880=AXIS2_PLACEMENT_3D('',#6850,#6860,#6870);
#6890=PLANE('',#6880);
#6900=CARTESIAN_POINT('',(-58.,45.1,-7.3));
#6910=DIRECTION('',(0.,-1.,0.));
#6920=VECTOR('',#6910,1.);
#6930=LINE('',#6900,#6920);
#6940=CARTESIAN_POINT('',(-58.,45.1,-7.3));
#6950=VERTEX_POINT('',#6940);
#6960=CARTESIAN_POINT('',(-58.,13.66325381567,-7.3));
#6970=VERTEX_POINT('',#6960);
#6980=EDGE_CURVE('',#6950,#6970,#6930,.T.);
#6990=ORIENTED_EDGE('',*,*,#6980,.F.);
#7000=CARTESIAN_POINT('',(-50.,13.66325381567,-7.3));
#7010=DIRECTION('',(0.,0.,-1.));
#7020=DIRECTION('',(-0.173648177672856,-0.984807753011163,0.));
#7030=AXIS2_PLACEMENT_3D('',#7000,#7010,#7020);
#7040=CIRCLE('',#7030,8.);
#7050=CARTESIAN_POINT('',(-51.3891854213618,5.78479179157698,-7.3));
#7060=VERTEX_POINT('',#7050);
#7070=EDGE_CURVE('',#7060,#6970,#7040,.T.);
#7080=ORIENTED_EDGE('',*,*,#7070,.T.);
#7090=CARTESIAN_POINT('',(-40.7,3.9,-7.3));
#7100=DIRECTION('',(-0.984807753012213,0.173648177666902,0.));
#7110=VECTOR('',#7100,1.);
#7120=LINE('',#7090,#7110);
#7130=CARTESIAN_POINT('',(-47.9999999999999,5.18718695917199,-7.3));
#7140=VERTEX_POINT('',#7130);
#7150=EDGE_CURVE('',#7140,#7060,#7120,.T.);
#7160=ORIENTED_EDGE('',*,*,#7150,.T.);
#7170=CARTESIAN_POINT('',(-48.,29.0435934795858,-7.3));
#7180=DIRECTION('',(0.,-1.,0.));
#7190=VECTOR('',#7180,1.);
#7200=LINE('',#7170,#7190);
#7210=EDGE_CURVE('',#6640,#7140,#7200,.T.);
#7220=ORIENTED_EDGE('',*,*,#7210,.T.);
#7230=ORIENTED_EDGE('',*,*,#6650,.T.);
#7240=ORIENTED_EDGE('',*,*,#5840,.T.);
#7250=CARTESIAN_POINT('',(-22.5,60.1,-7.3));
#7260=DIRECTION('',(-1.,0.,0.));
#7270=VECTOR('',#7260,1.);
#7280=LINE('',#7250,#7270);
#7290=CARTESIAN_POINT('',(-43.,60.1,-7.3));
#7300=VERTEX_POINT('',#7290);
#7310=EDGE_CURVE('',#5750,#7300,#7280,.T.);
#7320=ORIENTED_EDGE('',*,*,#7310,.F.);
#7330=CARTESIAN_POINT('',(-43.,45.1,-7.3));
#7340=DIRECTION('',(0.,0.,-1.));
#7350=DIRECTION('',(-1.,0.,0.));
#7360=AXIS2_PLACEMENT_3D('',#7330,#7340,#7350);
#7370=CIRCLE('',#7360,15.);
#7380=EDGE_CURVE('',#6950,#7300,#7370,.T.);
#7390=ORIENTED_EDGE('',*,*,#7380,.T.);
#7400=EDGE_LOOP('',(#7390,#7320,#7240,#7230,#7220,#7160,#7080,#6990));
#7410=FACE_OUTER_BOUND('',#7400,.T.);
#7420=ADVANCED_FACE('',(#7410),#6890,.F.);
#7430=CARTESIAN_POINT('',(-43.,60.1,-5.8));
#7440=DIRECTION('',(-0.,-1.,-0.));
#7450=DIRECTION('',(-1.,0.,0.));
#7460=AXIS2_PLACEMENT_3D('',#7430,#7440,#7450);
#7470=PLANE('',#7460);
#7480=ORIENTED_EDGE('',*,*,#3910,.F.);
#7490=CARTESIAN_POINT('',(-43.,60.1,-5.8));
#7500=DIRECTION('',(0.,0.,-1.));
#7510=VECTOR('',#7500,1.);
#7520=LINE('',#7490,#7510);
#7530=EDGE_CURVE('',#3820,#7300,#7520,.T.);
#7540=ORIENTED_EDGE('',*,*,#7530,.F.);
#7550=ORIENTED_EDGE('',*,*,#7310,.T.);
#7560=ORIENTED_EDGE('',*,*,#5760,.T.);
#7570=EDGE_LOOP('',(#7560,#7550,#7540,#7480));
#7580=FACE_OUTER_BOUND('',#7570,.T.);
#7590=ADVANCED_FACE('',(#7580),#7470,.F.);
#7600=CARTESIAN_POINT('',(-43.,45.1,-5.8));
#7610=DIRECTION('',(0.,0.,-1.));
#7620=DIRECTION('',(-1.,0.,0.));
#7630=AXIS2_PLACEMENT_3D('',#7600,#7610,#7620);
#7640=CYLINDRICAL_SURFACE('',#7630,15.);
#7650=ORIENTED_EDGE('',*,*,#3830,.T.);
#7660=CARTESIAN_POINT('',(-58.,45.1,-5.8));
#7670=DIRECTION('',(0.,0.,-1.));
#7680=VECTOR('',#7670,1.);
#7690=LINE('',#7660,#7680);
#7700=EDGE_CURVE('',#3800,#6950,#7690,.T.);
#7710=ORIENTED_EDGE('',*,*,#7700,.F.);
#7720=ORIENTED_EDGE('',*,*,#7380,.F.);
#7730=ORIENTED_EDGE('',*,*,#7530,.T.);
#7740=EDGE_LOOP('',(#7730,#7720,#7710,#7650));
#7750=FACE_OUTER_BOUND('',#7740,.T.);
#7760=ADVANCED_FACE('',(#7750),#7640,.T.);
#7770=CARTESIAN_POINT('',(-48.,5.18718695917165,8.8));
#7780=DIRECTION('',(1.,0.,0.));
#7790=DIRECTION('',(0.,-1.,0.));
#7800=AXIS2_PLACEMENT_3D('',#7770,#7780,#7790);
#7810=PLANE('',#7800);
#7820=ORIENTED_EDGE('',*,*,#7210,.F.);
#7830=CARTESIAN_POINT('',(-48.,5.18718695917165,8.8));
#7840=DIRECTION('',(0.,0.,-1.));
#7850=VECTOR('',#7840,1.);
#7860=LINE('',#7830,#7850);
#7870=CARTESIAN_POINT('',(-48.,5.18718695917165,-8.8));
#7880=VERTEX_POINT('',#7870);
#7890=EDGE_CURVE('',#7140,#7880,#7860,.T.);
#7900=ORIENTED_EDGE('',*,*,#7890,.F.);
#7910=CARTESIAN_POINT('',(-48.,52.9,-8.8));
#7920=DIRECTION('',(0.,-1.,0.));
#7930=VECTOR('',#7920,1.);
#7940=LINE('',#7910,#7930);
#7950=EDGE_CURVE('',#6720,#7880,#7940,.T.);
#7960=ORIENTED_EDGE('',*,*,#7950,.T.);
#7970=ORIENTED_EDGE('',*,*,#6730,.T.);
#7980=EDGE_LOOP('',(#7970,#7960,#7900,#7820));
#7990=FACE_OUTER_BOUND('',#7980,.T.);
#8000=ADVANCED_FACE('',(#7990),#7810,.F.);
#8010=CARTESIAN_POINT('',(48.,52.9,8.8));
#8020=DIRECTION('',(-1.,0.,0.));
#8030=DIRECTION('',(0.,1.,0.));
#8040=AXIS2_PLACEMENT_3D('',#8010,#8020,#8030);
#8050=PLANE('',#8040);
#8060=CARTESIAN_POINT('',(48.,29.0435934795858,-7.3));
#8070=DIRECTION('',(0.,1.,0.));
#8080=VECTOR('',#8070,1.);
#8090=LINE('',#8060,#8080);
#8100=CARTESIAN_POINT('',(48.,5.18718695917158,-7.3));
#8110=VERTEX_POINT('',#8100);
#8120=CARTESIAN_POINT('',(48.,52.9,-7.3));
#8130=VERTEX_POINT('',#8120);
#8140=EDGE_CURVE('',#8110,#8130,#8090,.T.);
#8150=ORIENTED_EDGE('',*,*,#8140,.F.);
#8160=CARTESIAN_POINT('',(48.,52.9,8.8));
#8170=DIRECTION('',(0.,0.,-1.));
#8180=VECTOR('',#8170,1.);
#8190=LINE('',#8160,#8180);
#8200=CARTESIAN_POINT('',(48.,52.9,-8.8));
#8210=VERTEX_POINT('',#8200);
#8220=EDGE_CURVE('',#8130,#8210,#8190,.T.);
#8230=ORIENTED_EDGE('',*,*,#8220,.F.);
#8240=CARTESIAN_POINT('',(48.,52.9,-8.8));
#8250=DIRECTION('',(0.,-1.,0.));
#8260=VECTOR('',#8250,1.);
#8270=LINE('',#8240,#8260);
#8280=CARTESIAN_POINT('',(48.,5.18718695917158,-8.8));
#8290=VERTEX_POINT('',#8280);
#8300=EDGE_CURVE('',#8210,#8290,#8270,.T.);
#8310=ORIENTED_EDGE('',*,*,#8300,.F.);
#8320=CARTESIAN_POINT('',(48.,5.18718695917158,8.8));
#8330=DIRECTION('',(0.,0.,-1.));
#8340=VECTOR('',#8330,1.);
#8350=LINE('',#8320,#8340);
#8360=EDGE_CURVE('',#8110,#8290,#8350,.T.);
#8370=ORIENTED_EDGE('',*,*,#8360,.T.);
#8380=EDGE_LOOP('',(#8370,#8310,#8230,#8150));
#8390=FACE_OUTER_BOUND('',#8380,.T.);
#8400=ADVANCED_FACE('',(#8390),#8050,.F.);
#8410=CARTESIAN_POINT('',(43.,45.1,-5.8));
#8420=DIRECTION('',(0.,0.,-1.));
#8430=DIRECTION('',(0.,1.,0.));
#8440=AXIS2_PLACEMENT_3D('',#8410,#8420,#8430);
#8450=CYLINDRICAL_SURFACE('',#8440,15.);
#8460=CARTESIAN_POINT('',(43.,45.1,-5.8));
#8470=DIRECTION('',(0.,0.,-1.));
#8480=DIRECTION('',(0.,1.,0.));
#8490=AXIS2_PLACEMENT_3D('',#8460,#8470,#8480);
#8500=CIRCLE('',#8490,15.);
#8510=CARTESIAN_POINT('',(43.,60.1,-5.8));
#8520=VERTEX_POINT('',#8510);
#8530=CARTESIAN_POINT('',(58.,45.1,-5.8));
#8540=VERTEX_POINT('',#8530);
#8550=EDGE_CURVE('',#8520,#8540,#8500,.T.);
#8560=ORIENTED_EDGE('',*,*,#8550,.T.);
#8570=CARTESIAN_POINT('',(43.,60.1,-5.799997));
#8580=DIRECTION('',(0.,0.,-1.));
#8590=VECTOR('',#8580,1.);
#8600=LINE('',#8570,#8590);
#8610=CARTESIAN_POINT('',(43.,60.1,-7.3));
#8620=VERTEX_POINT('',#8610);
#8630=EDGE_CURVE('',#8520,#8620,#8600,.T.);
#8640=ORIENTED_EDGE('',*,*,#8630,.F.);
#8650=CARTESIAN_POINT('',(43.,45.1,-7.3));
#8660=DIRECTION('',(0.,0.,-1.));
#8670=DIRECTION('',(0.,1.,0.));
#8680=AXIS2_PLACEMENT_3D('',#8650,#8660,#8670);
#8690=CIRCLE('',#8680,15.);
#8700=CARTESIAN_POINT('',(58.,45.1,-7.3));
#8710=VERTEX_POINT('',#8700);
#8720=EDGE_CURVE('',#8620,#8710,#8690,.T.);
#8730=ORIENTED_EDGE('',*,*,#8720,.F.);
#8740=CARTESIAN_POINT('',(58.,45.1,-5.799997));
#8750=DIRECTION('',(0.,0.,-1.));
#8760=VECTOR('',#8750,1.);
#8770=LINE('',#8740,#8760);
#8780=EDGE_CURVE('',#8540,#8710,#8770,.T.);
#8790=ORIENTED_EDGE('',*,*,#8780,.T.);
#8800=EDGE_LOOP('',(#8790,#8730,#8640,#8560));
#8810=FACE_OUTER_BOUND('',#8800,.T.);
#8820=ADVANCED_FACE('',(#8810),#8450,.T.);
#8830=CARTESIAN_POINT('',(-50.,28.55,-5.8));
#8840=DIRECTION('',(0.,0.,1.));
#8850=DIRECTION('',(1.,0.,0.));
#8860=AXIS2_PLACEMENT_3D('',#8830,#8840,#8850);
#8870=PLANE('',#8860);
#8880=CARTESIAN_POINT('',(0.,52.9,-5.8));
#8890=DIRECTION('',(-1.,0.,0.));
#8900=VECTOR('',#8890,1.);
#8910=LINE('',#8880,#8900);
#8920=CARTESIAN_POINT('',(48.,52.9,-5.8));
#8930=VERTEX_POINT('',#8920);
#8940=CARTESIAN_POINT('',(22.5,52.9,-5.8));
#8950=VERTEX_POINT('',#8940);
#8960=EDGE_CURVE('',#8930,#8950,#8910,.T.);
#8970=ORIENTED_EDGE('',*,*,#8960,.F.);
#8980=CARTESIAN_POINT('',(22.5,29.0435934795858,-5.8));
#8990=DIRECTION('',(0.,1.,0.));
#9000=VECTOR('',#8990,1.);
#9010=LINE('',#8980,#9000);
#9020=CARTESIAN_POINT('',(22.5,60.1,-5.8));
#9030=VERTEX_POINT('',#9020);
#9040=EDGE_CURVE('',#8950,#9030,#9010,.T.);
#9050=ORIENTED_EDGE('',*,*,#9040,.F.);
#9060=CARTESIAN_POINT('',(0.,60.1,-5.8));
#9070=DIRECTION('',(-1.,0.,0.));
#9080=VECTOR('',#9070,1.);
#9090=LINE('',#9060,#9080);
#9100=EDGE_CURVE('',#8520,#9030,#9090,.T.);
#9110=ORIENTED_EDGE('',*,*,#9100,.T.);
#9120=ORIENTED_EDGE('',*,*,#8550,.F.);
#9130=CARTESIAN_POINT('',(58.,29.0435934795858,-5.8));
#9140=DIRECTION('',(0.,1.,0.));
#9150=VECTOR('',#9140,1.);
#9160=LINE('',#9130,#9150);
#9170=CARTESIAN_POINT('',(58.,13.66325381567,-5.8));
#9180=VERTEX_POINT('',#9170);
#9190=EDGE_CURVE('',#9180,#8540,#9160,.T.);
#9200=ORIENTED_EDGE('',*,*,#9190,.T.);
#9210=CARTESIAN_POINT('',(50.,13.66325381567,-5.8));
#9220=DIRECTION('',(0.,0.,-1.));
#9230=DIRECTION('',(1.,4.44089209850063E-16,0.));
#9240=AXIS2_PLACEMENT_3D('',#9210,#9220,#9230);
#9250=CIRCLE('',#9240,8.);
#9260=CARTESIAN_POINT('',(51.3891854213558,5.7847917915803,-5.8));
#9270=VERTEX_POINT('',#9260);
#9280=EDGE_CURVE('',#9180,#9270,#9250,.T.);
#9290=ORIENTED_EDGE('',*,*,#9280,.F.);
#9300=CARTESIAN_POINT('',(0.,-3.27650811483333,-5.8));
#9310=DIRECTION('',(0.984807753012213,0.173648177666902,0.));
#9320=VECTOR('',#9310,1.);
#9330=LINE('',#9300,#9320);
#9340=EDGE_CURVE('',#3570,#9270,#9330,.T.);
#9350=ORIENTED_EDGE('',*,*,#9340,.T.);
#9360=ORIENTED_EDGE('',*,*,#3580,.T.);
#9370=ORIENTED_EDGE('',*,*,#4780,.F.);
#9380=CARTESIAN_POINT('',(48.,29.0435934795858,-5.8));
#9390=DIRECTION('',(0.,1.,0.));
#9400=VECTOR('',#9390,1.);
#9410=LINE('',#9380,#9400);
#9420=EDGE_CURVE('',#4710,#8930,#9410,.T.);
#9430=ORIENTED_EDGE('',*,*,#9420,.F.);
#9440=EDGE_LOOP('',(#9430,#9370,#9360,#9350,#9290,#9200,#9120,#9110,
#9050,#8970));
#9450=FACE_OUTER_BOUND('',#9440,.T.);
#9460=ADVANCED_FACE('',(#9450),#8870,.T.);
#9470=CARTESIAN_POINT('',(-53.,29.0435934795858,5.8));
#9480=DIRECTION('',(0.,0.,1.));
#9490=DIRECTION('',(1.,0.,0.));
#9500=AXIS2_PLACEMENT_3D('',#9470,#9480,#9490);
#9510=PLANE('',#9500);
#9520=CARTESIAN_POINT('',(0.,52.9,5.8));
#9530=DIRECTION('',(-1.,0.,0.));
#9540=VECTOR('',#9530,1.);
#9550=LINE('',#9520,#9540);
#9560=CARTESIAN_POINT('',(48.,52.9,5.8));
#9570=VERTEX_POINT('',#9560);
#9580=CARTESIAN_POINT('',(22.5,52.9,5.8));
#9590=VERTEX_POINT('',#9580);
#9600=EDGE_CURVE('',#9570,#9590,#9550,.T.);
#9610=ORIENTED_EDGE('',*,*,#9600,.T.);
#9620=CARTESIAN_POINT('',(48.,29.0435934795858,5.8));
#9630=DIRECTION('',(0.,1.,0.));
#9640=VECTOR('',#9630,1.);
#9650=LINE('',#9620,#9640);
#9660=EDGE_CURVE('',#4690,#9570,#9650,.T.);
#9670=ORIENTED_EDGE('',*,*,#9660,.T.);
#9680=ORIENTED_EDGE('',*,*,#4850,.T.);
#9690=ORIENTED_EDGE('',*,*,#3420,.F.);
#9700=CARTESIAN_POINT('',(0.,-3.27650811483333,5.8));
#9710=DIRECTION('',(-0.984807753012213,-0.173648177666902,0.));
#9720=VECTOR('',#9710,1.);
#9730=LINE('',#9700,#9720);
#9740=CARTESIAN_POINT('',(51.389185421363,5.78479179158158,5.8));
#9750=VERTEX_POINT('',#9740);
#9760=EDGE_CURVE('',#9750,#3330,#9730,.T.);
#9770=ORIENTED_EDGE('',*,*,#9760,.T.);
#9780=CARTESIAN_POINT('',(50.,13.66325381567,5.8));
#9790=DIRECTION('',(0.,0.,-1.));
#9800=DIRECTION('',(1.,0.,0.));
#9810=AXIS2_PLACEMENT_3D('',#9780,#9790,#9800);
#9820=CIRCLE('',#9810,8.);
#9830=CARTESIAN_POINT('',(58.,13.66325381567,5.8));
#9840=VERTEX_POINT('',#9830);
#9850=EDGE_CURVE('',#9840,#9750,#9820,.T.);
#9860=ORIENTED_EDGE('',*,*,#9850,.T.);
#9870=CARTESIAN_POINT('',(58.,29.0435934795858,5.8));
#9880=DIRECTION('',(0.,-1.,0.));
#9890=VECTOR('',#9880,1.);
#9900=LINE('',#9870,#9890);
#9910=CARTESIAN_POINT('',(58.,45.1,5.8));
#9920=VERTEX_POINT('',#9910);
#9930=EDGE_CURVE('',#9920,#9840,#9900,.T.);
#9940=ORIENTED_EDGE('',*,*,#9930,.T.);
#9950=CARTESIAN_POINT('',(43.,45.1,5.8));
#9960=DIRECTION('',(0.,0.,-1.));
#9970=DIRECTION('',(0.,1.,0.));
#9980=AXIS2_PLACEMENT_3D('',#9950,#9960,#9970);
#9990=CIRCLE('',#9980,15.);
#10000=CARTESIAN_POINT('',(43.,60.1,5.8));
#10010=VERTEX_POINT('',#10000);
#10020=EDGE_CURVE('',#10010,#9920,#9990,.T.);
#10030=ORIENTED_EDGE('',*,*,#10020,.T.);
#10040=CARTESIAN_POINT('',(22.5,60.1,5.8));
#10050=DIRECTION('',(1.,0.,0.));
#10060=VECTOR('',#10050,1.);
#10070=LINE('',#10040,#10060);
#10080=CARTESIAN_POINT('',(22.5,60.1,5.8));
#10090=VERTEX_POINT('',#10080);
#10100=EDGE_CURVE('',#10090,#10010,#10070,.T.);
#10110=ORIENTED_EDGE('',*,*,#10100,.T.);
#10120=CARTESIAN_POINT('',(22.5,29.0435934795858,5.8));
#10130=DIRECTION('',(0.,1.,0.));
#10140=VECTOR('',#10130,1.);
#10150=LINE('',#10120,#10140);
#10160=EDGE_CURVE('',#9590,#10090,#10150,.T.);
#10170=ORIENTED_EDGE('',*,*,#10160,.T.);
#10180=EDGE_LOOP('',(#10170,#10110,#10030,#9940,#9860,#9770,#9690,#9680,
#9670,#9610));
#10190=FACE_OUTER_BOUND('',#10180,.T.);
#10200=ADVANCED_FACE('',(#10190),#9510,.F.);
#10210=CARTESIAN_POINT('',(22.5,52.9,8.8));
#10220=DIRECTION('',(-0.,-1.,-0.));
#10230=DIRECTION('',(-1.,0.,0.));
#10240=AXIS2_PLACEMENT_3D('',#10210,#10220,#10230);
#10250=PLANE('',#10240);
#10260=EDGE_CURVE('',#9570,#8930,#8190,.T.);
#10270=ORIENTED_EDGE('',*,*,#10260,.T.);
#10280=ORIENTED_EDGE('',*,*,#9600,.F.);
#10290=CARTESIAN_POINT('',(22.5,52.9,8.8));
#10300=DIRECTION('',(0.,0.,-1.));
#10310=VECTOR('',#10300,1.);
#10320=LINE('',#10290,#10310);
#10330=EDGE_CURVE('',#9590,#8950,#10320,.T.);
#10340=ORIENTED_EDGE('',*,*,#10330,.F.);
#10350=ORIENTED_EDGE('',*,*,#8960,.T.);
#10360=EDGE_LOOP('',(#10350,#10340,#10280,#10270));
#10370=FACE_OUTER_BOUND('',#10360,.T.);
#10380=CARTESIAN_POINT('',(33.9,52.9,-3.5527136788005E-15));
#10390=DIRECTION('',(1.11022302462516E-16,1.,-1.11022302462516E-16));
#10400=DIRECTION('',(-1.,1.11022302462516E-16,1.38777878078144E-17));
#10410=AXIS2_PLACEMENT_3D('',#10380,#10390,#10400);
#10420=CIRCLE('',#10410,3.5);
#10430=CARTESIAN_POINT('',(30.4,52.9,-3.50414142147315E-15));
#10440=VERTEX_POINT('',#10430);
#10450=CARTESIAN_POINT('',(37.4,52.9,-3.17265955642628E-15));
#10460=VERTEX_POINT('',#10450);
#10470=EDGE_CURVE('',#10440,#10460,#10420,.T.);
#10480=ORIENTED_EDGE('',*,*,#10470,.F.);
#10490=EDGE_CURVE('',#10460,#10440,#10420,.T.);
#10500=ORIENTED_EDGE('',*,*,#10490,.F.);
#10510=EDGE_LOOP('',(#10500,#10480));
#10520=FACE_BOUND('',#10510,.T.);
#10530=ADVANCED_FACE('',(#10370,#10520),#10250,.F.);
#10540=CARTESIAN_POINT('',(22.5,60.1,-5.8));
#10550=DIRECTION('',(-0.,-1.,-0.));
#10560=DIRECTION('',(-1.,0.,0.));
#10570=AXIS2_PLACEMENT_3D('',#10540,#10550,#10560);
#10580=PLANE('',#10570);
#10590=ORIENTED_EDGE('',*,*,#9100,.F.);
#10600=CARTESIAN_POINT('',(22.5,60.1,8.8));
#10610=DIRECTION('',(0.,0.,1.));
#10620=VECTOR('',#10610,1.);
#10630=LINE('',#10600,#10620);
#10640=CARTESIAN_POINT('',(22.5,60.1,-7.3));
#10650=VERTEX_POINT('',#10640);
#10660=EDGE_CURVE('',#10650,#9030,#10630,.T.);
#10670=ORIENTED_EDGE('',*,*,#10660,.T.);
#10680=CARTESIAN_POINT('',(0.,60.1,-7.3));
#10690=DIRECTION('',(-1.,0.,0.));
#10700=VECTOR('',#10690,1.);
#10710=LINE('',#10680,#10700);
#10720=EDGE_CURVE('',#8620,#10650,#10710,.T.);
#10730=ORIENTED_EDGE('',*,*,#10720,.T.);
#10740=ORIENTED_EDGE('',*,*,#8630,.T.);
#10750=EDGE_LOOP('',(#10740,#10730,#10670,#10590));
#10760=FACE_OUTER_BOUND('',#10750,.T.);
#10770=ADVANCED_FACE('',(#10760),#10580,.F.);
#10780=CARTESIAN_POINT('',(22.5,64.2,8.8));
#10790=DIRECTION('',(-1.,0.,0.));
#10800=DIRECTION('',(0.,1.,0.));
#10810=AXIS2_PLACEMENT_3D('',#10780,#10790,#10800);
#10820=PLANE('',#10810);
#10830=CARTESIAN_POINT('',(22.5,29.0435934795858,-7.3));
#10840=DIRECTION('',(0.,1.,0.));
#10850=VECTOR('',#10840,1.);
#10860=LINE('',#10830,#10850);
#10870=CARTESIAN_POINT('',(22.5,52.9,-7.3));
#10880=VERTEX_POINT('',#10870);
#10890=EDGE_CURVE('',#10880,#10650,#10860,.T.);
#10900=ORIENTED_EDGE('',*,*,#10890,.F.);
#10910=ORIENTED_EDGE('',*,*,#10660,.F.);
#10920=ORIENTED_EDGE('',*,*,#9040,.T.);
#10930=ORIENTED_EDGE('',*,*,#10330,.T.);
#10940=ORIENTED_EDGE('',*,*,#10160,.F.);
#10950=CARTESIAN_POINT('',(22.5,60.1,8.8));
#10960=DIRECTION('',(0.,0.,1.));
#10970=VECTOR('',#10960,1.);
#10980=LINE('',#10950,#10970);
#10990=CARTESIAN_POINT('',(22.5,60.1,7.3));
#11000=VERTEX_POINT('',#10990);
#11010=EDGE_CURVE('',#10090,#11000,#10980,.T.);
#11020=ORIENTED_EDGE('',*,*,#11010,.F.);
#11030=CARTESIAN_POINT('',(22.5,29.0435934795858,7.3));
#11040=DIRECTION('',(0.,1.,0.));
#11050=VECTOR('',#11040,1.);
#11060=LINE('',#11030,#11050);
#11070=CARTESIAN_POINT('',(22.5,52.9,7.3));
#11080=VERTEX_POINT('',#11070);
#11090=EDGE_CURVE('',#11080,#11000,#11060,.T.);
#11100=ORIENTED_EDGE('',*,*,#11090,.T.);
#11110=EDGE_CURVE('',#980,#11080,#10320,.T.);
#11120=ORIENTED_EDGE('',*,*,#11110,.T.);
#11130=ORIENTED_EDGE('',*,*,#990,.T.);
#11140=CARTESIAN_POINT('',(22.5,64.2,8.8));
#11150=DIRECTION('',(0.,0.,-1.));
#11160=VECTOR('',#11150,1.);
#11170=LINE('',#11140,#11160);
#11180=CARTESIAN_POINT('',(22.5,64.2,-8.8));
#11190=VERTEX_POINT('',#11180);
#11200=EDGE_CURVE('',#900,#11190,#11170,.T.);
#11210=ORIENTED_EDGE('',*,*,#11200,.F.);
#11220=CARTESIAN_POINT('',(22.5,64.2,-8.8));
#11230=DIRECTION('',(0.,-1.,0.));
#11240=VECTOR('',#11230,1.);
#11250=LINE('',#11220,#11240);
#11260=CARTESIAN_POINT('',(22.5,52.9,-8.8));
#11270=VERTEX_POINT('',#11260);
#11280=EDGE_CURVE('',#11190,#11270,#11250,.T.);
#11290=ORIENTED_EDGE('',*,*,#11280,.F.);
#11300=EDGE_CURVE('',#10880,#11270,#10320,.T.);
#11310=ORIENTED_EDGE('',*,*,#11300,.T.);
#11320=EDGE_LOOP('',(#11310,#11290,#11210,#11130,#11120,#11100,#11020,
#10940,#10930,#10920,#10910,#10900));
#11330=FACE_OUTER_BOUND('',#11320,.T.);
#11340=ADVANCED_FACE('',(#11330),#10820,.F.);
#11350=CARTESIAN_POINT('',(0.,52.9,-7.3));
#11360=DIRECTION('',(-1.,0.,0.));
#11370=VECTOR('',#11360,1.);
#11380=LINE('',#11350,#11370);
#11390=EDGE_CURVE('',#8130,#10880,#11380,.T.);
#11400=ORIENTED_EDGE('',*,*,#11390,.F.);
#11410=ORIENTED_EDGE('',*,*,#11300,.F.);
#11420=CARTESIAN_POINT('',(48.,52.9,-8.8));
#11430=DIRECTION('',(-1.,0.,0.));
#11440=VECTOR('',#11430,1.);
#11450=LINE('',#11420,#11440);
#11460=EDGE_CURVE('',#8210,#11270,#11450,.T.);
#11470=ORIENTED_EDGE('',*,*,#11460,.T.);
#11480=ORIENTED_EDGE('',*,*,#8220,.T.);
#11490=EDGE_LOOP('',(#11480,#11470,#11410,#11400));
#11500=FACE_OUTER_BOUND('',#11490,.T.);
#11510=ADVANCED_FACE('',(#11500),#10250,.F.);
#11520=CARTESIAN_POINT('',(21.,64.2,8.8));
#11530=DIRECTION('',(0.,0.,-1.));
#11540=DIRECTION('',(0.,1.,0.));
#11550=AXIS2_PLACEMENT_3D('',#11520,#11530,#11540);
#11560=CYLINDRICAL_SURFACE('',#11550,1.5);
#11570=ORIENTED_EDGE('',*,*,#910,.T.);
#11580=CARTESIAN_POINT('',(21.,65.7,8.8));
#11590=DIRECTION('',(0.,0.,-1.));
#11600=VECTOR('',#11590,1.);
#11610=LINE('',#11580,#11600);
#11620=CARTESIAN_POINT('',(21.,65.7,-8.8));
#11630=VERTEX_POINT('',#11620);
#11640=EDGE_CURVE('',#810,#11630,#11610,.T.);
#11650=ORIENTED_EDGE('',*,*,#11640,.F.);
#11660=CARTESIAN_POINT('',(21.,64.2,-8.8));
#11670=DIRECTION('',(0.,0.,-1.));
#11680=DIRECTION('',(0.,1.,0.));
#11690=AXIS2_PLACEMENT_3D('',#11660,#11670,#11680);
#11700=CIRCLE('',#11690,1.5);
#11710=EDGE_CURVE('',#11630,#11190,#11700,.T.);
#11720=ORIENTED_EDGE('',*,*,#11710,.F.);
#11730=ORIENTED_EDGE('',*,*,#11200,.T.);
#11740=EDGE_LOOP('',(#11730,#11720,#11650,#11570));
#11750=FACE_OUTER_BOUND('',#11740,.T.);
#11760=ADVANCED_FACE('',(#11750),#11560,.T.);
#11770=CARTESIAN_POINT('',(18.59900985246,65.7,8.8));
#11780=DIRECTION('',(-0.,-1.,-0.));
#11790=DIRECTION('',(-1.,0.,0.));
#11800=AXIS2_PLACEMENT_3D('',#11770,#11780,#11790);
#11810=PLANE('',#11800);
#11820=ORIENTED_EDGE('',*,*,#820,.T.);
#11830=CARTESIAN_POINT('',(18.59900985246,65.7,8.8));
#11840=DIRECTION('',(0.,0.,-1.));
#11850=VECTOR('',#11840,1.);
#11860=LINE('',#11830,#11850);
#11870=CARTESIAN_POINT('',(18.59900985246,65.7,-8.8));
#11880=VERTEX_POINT('',#11870);
#11890=EDGE_CURVE('',#730,#11880,#11860,.T.);
#11900=ORIENTED_EDGE('',*,*,#11890,.F.);
#11910=CARTESIAN_POINT('',(18.59900985246,65.7,-8.8));
#11920=DIRECTION('',(1.,0.,0.));
#11930=VECTOR('',#11920,1.);
#11940=LINE('',#11910,#11930);
#11950=EDGE_CURVE('',#11880,#11630,#11940,.T.);
#11960=ORIENTED_EDGE('',*,*,#11950,.F.);
#11970=ORIENTED_EDGE('',*,*,#11640,.T.);
#11980=EDGE_LOOP('',(#11970,#11960,#11900,#11820));
#11990=FACE_OUTER_BOUND('',#11980,.T.);
#12000=ADVANCED_FACE('',(#11990),#11810,.F.);
#12010=CARTESIAN_POINT('',(18.59900985246,75.7,8.8));
#12020=DIRECTION('',(0.,0.,1.));
#12030=DIRECTION('',(-0.56105610185969,-0.827777778492519,0.));
#12040=AXIS2_PLACEMENT_3D('',#12010,#12020,#12030);
#12050=CYLINDRICAL_SURFACE('',#12040,10.);
#12060=ORIENTED_EDGE('',*,*,#740,.T.);
#12070=CARTESIAN_POINT('',(12.988448828586,67.4222222186487,8.8));
#12080=DIRECTION('',(0.,0.,-1.));
#12090=VECTOR('',#12080,1.);
#12100=LINE('',#12070,#12090);
#12110=CARTESIAN_POINT('',(12.988448828586,67.4222222186487,8.));
#12120=VERTEX_POINT('',#12110);
#12130=EDGE_CURVE('',#640,#12120,#12100,.T.);
#12140=ORIENTED_EDGE('',*,*,#12130,.F.);
#12150=CARTESIAN_POINT('',(18.59900985246,75.7,8.));
#12160=DIRECTION('',(0.,0.,1.));
#12170=DIRECTION('',(-0.56105610185969,-0.827777778492519,0.));
#12180=AXIS2_PLACEMENT_3D('',#12150,#12160,#12170);
#12190=CIRCLE('',#12180,10.);
#12200=CARTESIAN_POINT('',(15.7535772398567,66.1133679925047,8.));
#12210=VERTEX_POINT('',#12200);
#12220=EDGE_CURVE('',#12120,#12210,#12190,.T.);
#12230=ORIENTED_EDGE('',*,*,#12220,.F.);
#12240=CARTESIAN_POINT('',(15.7535772398567,66.1133679925047,8.8));
#12250=DIRECTION('',(0.,0.,1.));
#12260=VECTOR('',#12250,1.);
#12270=LINE('',#12240,#12260);
#12280=CARTESIAN_POINT('',(15.7535772398567,66.1133679925047,-8.));
#12290=VERTEX_POINT('',#12280);
#12300=EDGE_CURVE('',#12290,#12210,#12270,.T.);
#12310=ORIENTED_EDGE('',*,*,#12300,.T.);
#12320=CARTESIAN_POINT('',(18.59900985246,75.7,-8.));
#12330=DIRECTION('',(0.,0.,1.));
#12340=DIRECTION('',(-0.56105610185969,-0.827777778492519,0.));
#12350=AXIS2_PLACEMENT_3D('',#12320,#12330,#12340);
#12360=CIRCLE('',#12350,10.);
#12370=CARTESIAN_POINT('',(12.988448828586,67.4222222186487,-8.));
#12380=VERTEX_POINT('',#12370);
#12390=EDGE_CURVE('',#12380,#12290,#12360,.T.);
#12400=ORIENTED_EDGE('',*,*,#12390,.T.);
#12410=CARTESIAN_POINT('',(12.988448828586,67.4222222186487,-8.8));
#12420=VERTEX_POINT('',#12410);
#12430=EDGE_CURVE('',#12380,#12420,#12100,.T.);
#12440=ORIENTED_EDGE('',*,*,#12430,.F.);
#12450=CARTESIAN_POINT('',(18.59900985246,75.7,-8.8));
#12460=DIRECTION('',(0.,0.,1.));
#12470=DIRECTION('',(-0.56105610185969,-0.827777778492519,0.));
#12480=AXIS2_PLACEMENT_3D('',#12450,#12460,#12470);
#12490=CIRCLE('',#12480,10.);
#12500=EDGE_CURVE('',#12420,#11880,#12490,.T.);
#12510=ORIENTED_EDGE('',*,*,#12500,.F.);
#12520=ORIENTED_EDGE('',*,*,#11890,.T.);
#12530=EDGE_LOOP('',(#12520,#12510,#12440,#12400,#12310,#12230,#12140,
#12060));
#12540=FACE_OUTER_BOUND('',#12530,.T.);
#12550=ADVANCED_FACE('',(#12540),#12050,.F.);
#12560=CARTESIAN_POINT('',(16.6965670397824,70.7089644353202,-8.));
#12570=DIRECTION('',(0.,0.,-1.));
#12580=DIRECTION('',(-1.,0.,0.));
#12590=AXIS2_PLACEMENT_3D('',#12560,#12570,#12580);
#12600=PLANE('',#12590);
#12610=CARTESIAN_POINT('',(17.96403478875,72.07879745992,-8.));
#12620=DIRECTION('',(0.,0.,1.));
#12630=DIRECTION('',(1.,0.,0.));
#12640=AXIS2_PLACEMENT_3D('',#12610,#12620,#12630);
#12650=CIRCLE('',#12640,1.8);
#12660=CARTESIAN_POINT('',(19.4059607754971,71.0013702239849,-8.));
#12670=VERTEX_POINT('',#12660);
#12680=CARTESIAN_POINT('',(16.6525882735464,73.3117240748328,-8.));
#12690=VERTEX_POINT('',#12680);
#12700=EDGE_CURVE('',#12670,#12690,#12650,.T.);
#12710=ORIENTED_EDGE('',*,*,#12700,.F.);
#12720=CARTESIAN_POINT('',(16.6525882735395,73.3117240748288,-8.));
#12730=DIRECTION('',(-0.684959230511401,-0.7285813973313,0.));
#12740=VECTOR('',#12730,1.);
#12750=LINE('',#12720,#12740);
#12760=CARTESIAN_POINT('',(11.7587377129406,68.106204795806,-8.));
#12770=VERTEX_POINT('',#12760);
#12780=EDGE_CURVE('',#12690,#12770,#12750,.T.);
#12790=ORIENTED_EDGE('',*,*,#12780,.F.);
#12800=CARTESIAN_POINT('',(8.5,60.8,-8.));
#12810=DIRECTION('',(0.,0.,-1.));
#12820=DIRECTION('',(-0.561056103055051,0.82777777768232,0.));
#12830=AXIS2_PLACEMENT_3D('',#12800,#12810,#12820);
#12840=CIRCLE('',#12830,8.);
#12850=EDGE_CURVE('',#12770,#12380,#12840,.T.);
#12860=ORIENTED_EDGE('',*,*,#12850,.F.);
#12870=ORIENTED_EDGE('',*,*,#12390,.F.);
#12880=CARTESIAN_POINT('',(15.7535772398623,66.113367992503,-8.));
#12890=DIRECTION('',(0.598570686637899,0.801069992633499,0.));
#12900=VECTOR('',#12890,1.);
#12910=LINE('',#12880,#12900);
#12920=EDGE_CURVE('',#12290,#12670,#12910,.T.);
#12930=ORIENTED_EDGE('',*,*,#12920,.F.);
#12940=EDGE_LOOP('',(#12930,#12870,#12860,#12790,#12710));
#12950=FACE_OUTER_BOUND('',#12940,.T.);
#12960=ADVANCED_FACE('',(#12950),#12600,.T.);
#12970=COLOUR_RGB('',1.,0.509803950786591,0.);
#12980=FILL_AREA_STYLE_COLOUR('',#12970);
#12990=FILL_AREA_STYLE('',(#12980));
#13000=SURFACE_STYLE_FILL_AREA(#12990);
#13010=SURFACE_SIDE_STYLE('',(#13000));
#13020=SURFACE_STYLE_USAGE(.BOTH.,#13010);
#13030=PRESENTATION_STYLE_ASSIGNMENT((#13020));
#13040=CARTESIAN_POINT('',(16.6525882735464,73.3117240748328,-8.));
#13050=DIRECTION('',(0.7285813973313,-0.684959230511401,0.));
#13060=DIRECTION('',(0.684959230511401,0.7285813973313,0.));
#13070=AXIS2_PLACEMENT_3D('',#13040,#13050,#13060);
#13080=PLANE('',#13070);
#13090=ORIENTED_EDGE('',*,*,#12780,.T.);
#13100=CARTESIAN_POINT('',(16.6525882735464,73.3117240748328,-8.));
#13110=DIRECTION('',(0.,0.,1.));
#13120=VECTOR('',#13110,1.);
#13130=LINE('',#13100,#13120);
#13140=CARTESIAN_POINT('',(16.6525882735464,73.3117240748328,8.));
#13150=VERTEX_POINT('',#13140);
#13160=EDGE_CURVE('',#12690,#13150,#13130,.T.);
#13170=ORIENTED_EDGE('',*,*,#13160,.F.);
#13180=CARTESIAN_POINT('',(16.6525882735395,73.3117240748288,8.));
#13190=DIRECTION('',(-0.684959230511401,-0.7285813973313,0.));
#13200=VECTOR('',#13190,1.);
#13210=LINE('',#13180,#13200);
#13220=CARTESIAN_POINT('',(11.7587377129406,68.106204795806,8.));
#13230=VERTEX_POINT('',#13220);
#13240=EDGE_CURVE('',#13150,#13230,#13210,.T.);
#13250=ORIENTED_EDGE('',*,*,#13240,.F.);
#13260=CARTESIAN_POINT('',(11.7587377129428,68.106204795805,8.8));
#13270=DIRECTION('',(0.,0.,-1.));
#13280=VECTOR('',#13270,1.);
#13290=LINE('',#13260,#13280);
#13300=EDGE_CURVE('',#13230,#12770,#13290,.T.);
#13310=ORIENTED_EDGE('',*,*,#13300,.F.);
#13320=EDGE_LOOP('',(#13310,#13250,#13170,#13090));
#13330=FACE_OUTER_BOUND('',#13320,.T.);
#13340=ADVANCED_FACE('',(#13330),#13080,.F.);
#13350=COLOUR_RGB('',1.,0.509803950786591,0.);
#13360=FILL_AREA_STYLE_COLOUR('',#13350);
#13370=FILL_AREA_STYLE('',(#13360));
#13380=SURFACE_STYLE_FILL_AREA(#13370);
#13390=SURFACE_SIDE_STYLE('',(#13380));
#13400=SURFACE_STYLE_USAGE(.BOTH.,#13390);
#13410=PRESENTATION_STYLE_ASSIGNMENT((#13400));
#13420=CARTESIAN_POINT('',(16.6965670397824,70.7089644353202,8.));
#13430=DIRECTION('',(0.,0.,-1.));
#13440=DIRECTION('',(-1.,0.,0.));
#13450=AXIS2_PLACEMENT_3D('',#13420,#13430,#13440);
#13460=PLANE('',#13450);
#13470=CARTESIAN_POINT('',(15.7535772398623,66.113367992503,8.));
#13480=DIRECTION('',(0.598570686637899,0.801069992633499,0.));
#13490=VECTOR('',#13480,1.);
#13500=LINE('',#13470,#13490);
#13510=CARTESIAN_POINT('',(19.4059607754971,71.0013702239849,8.));
#13520=VERTEX_POINT('',#13510);
#13530=EDGE_CURVE('',#12210,#13520,#13500,.T.);
#13540=ORIENTED_EDGE('',*,*,#13530,.T.);
#13550=ORIENTED_EDGE('',*,*,#12220,.T.);
#13560=CARTESIAN_POINT('',(8.5,60.8,8.));
#13570=DIRECTION('',(0.,0.,-1.));
#13580=DIRECTION('',(-0.561056103055051,0.82777777768232,0.));
#13590=AXIS2_PLACEMENT_3D('',#13560,#13570,#13580);
#13600=CIRCLE('',#13590,8.);
#13610=EDGE_CURVE('',#13230,#12120,#13600,.T.);
#13620=ORIENTED_EDGE('',*,*,#13610,.T.);
#13630=ORIENTED_EDGE('',*,*,#13240,.T.);
#13640=CARTESIAN_POINT('',(17.96403478875,72.07879745992,8.));
#13650=DIRECTION('',(0.,0.,1.));
#13660=DIRECTION('',(1.,0.,0.));
#13670=AXIS2_PLACEMENT_3D('',#13640,#13650,#13660);
#13680=CIRCLE('',#13670,1.8);
#13690=EDGE_CURVE('',#13520,#13150,#13680,.T.);
#13700=ORIENTED_EDGE('',*,*,#13690,.T.);
#13710=EDGE_LOOP('',(#13700,#13630,#13620,#13550,#13540));
#13720=FACE_OUTER_BOUND('',#13710,.T.);
#13730=ADVANCED_FACE('',(#13720),#13460,.F.);
#13740=COLOUR_RGB('',1.,0.509803950786591,0.);
#13750=FILL_AREA_STYLE_COLOUR('',#13740);
#13760=FILL_AREA_STYLE('',(#13750));
#13770=SURFACE_STYLE_FILL_AREA(#13760);
#13780=SURFACE_SIDE_STYLE('',(#13770));
#13790=SURFACE_STYLE_USAGE(.BOTH.,#13780);
#13800=PRESENTATION_STYLE_ASSIGNMENT((#13790));
#13810=CARTESIAN_POINT('',(15.7535772398567,66.1133679925047,-8.));
#13820=DIRECTION('',(-0.801069992633499,0.598570686637899,0.));
#13830=DIRECTION('',(-0.598570686637899,-0.801069992633499,0.));
#13840=AXIS2_PLACEMENT_3D('',#13810,#13820,#13830);
#13850=PLANE('',#13840);
#13860=ORIENTED_EDGE('',*,*,#12920,.T.);
#13870=ORIENTED_EDGE('',*,*,#12300,.F.);
#13880=ORIENTED_EDGE('',*,*,#13530,.F.);
#13890=CARTESIAN_POINT('',(19.4059607754971,71.0013702239849,-8.));
#13900=DIRECTION('',(0.,0.,1.));
#13910=VECTOR('',#13900,1.);
#13920=LINE('',#13890,#13910);
#13930=EDGE_CURVE('',#12670,#13520,#13920,.T.);
#13940=ORIENTED_EDGE('',*,*,#13930,.T.);
#13950=EDGE_LOOP('',(#13940,#13880,#13870,#13860));
#13960=FACE_OUTER_BOUND('',#13950,.T.);
#13970=ADVANCED_FACE('',(#13960),#13850,.F.);
#13980=COLOUR_RGB('',1.,0.509803950786591,0.);
#13990=FILL_AREA_STYLE_COLOUR('',#13980);
#14000=FILL_AREA_STYLE('',(#13990));
#14010=SURFACE_STYLE_FILL_AREA(#14000);
#14020=SURFACE_SIDE_STYLE('',(#14010));
#14030=SURFACE_STYLE_USAGE(.BOTH.,#14020);
#14040=PRESENTATION_STYLE_ASSIGNMENT((#14030));
#14050=CARTESIAN_POINT('',(17.96403478875,72.07879745992,-8.));
#14060=DIRECTION('',(0.,0.,1.));
#14070=DIRECTION('',(1.,0.,0.));
#14080=AXIS2_PLACEMENT_3D('',#14050,#14060,#14070);
#14090=CYLINDRICAL_SURFACE('',#14080,1.8);
#14100=ORIENTED_EDGE('',*,*,#12700,.T.);
#14110=ORIENTED_EDGE('',*,*,#13930,.F.);
#14120=ORIENTED_EDGE('',*,*,#13690,.F.);
#14130=ORIENTED_EDGE('',*,*,#13160,.T.);
#14140=EDGE_LOOP('',(#14130,#14120,#14110,#14100));
#14150=FACE_OUTER_BOUND('',#14140,.T.);
#14160=ADVANCED_FACE('',(#14150),#14090,.T.);
#14170=COLOUR_RGB('',1.,0.509803950786591,0.);
#14180=FILL_AREA_STYLE_COLOUR('',#14170);
#14190=FILL_AREA_STYLE('',(#14180));
#14200=SURFACE_STYLE_FILL_AREA(#14190);
#14210=SURFACE_SIDE_STYLE('',(#14200));
#14220=SURFACE_STYLE_USAGE(.BOTH.,#14210);
#14230=PRESENTATION_STYLE_ASSIGNMENT((#14220));
#14240=CARTESIAN_POINT('',(8.5,60.8,8.8));
#14250=DIRECTION('',(0.,0.,-1.));
#14260=DIRECTION('',(-0.561056103055051,0.82777777768232,0.));
#14270=AXIS2_PLACEMENT_3D('',#14240,#14250,#14260);
#14280=CYLINDRICAL_SURFACE('',#14270,8.);
#14290=ORIENTED_EDGE('',*,*,#12850,.T.);
#14300=ORIENTED_EDGE('',*,*,#13300,.T.);
#14310=ORIENTED_EDGE('',*,*,#13610,.F.);
#14320=ORIENTED_EDGE('',*,*,#12130,.T.);
#14330=ORIENTED_EDGE('',*,*,#650,.T.);
#14340=CARTESIAN_POINT('',(4.01155117612227,67.42222222184,8.8));
#14350=DIRECTION('',(0.,0.,-1.));
#14360=VECTOR('',#14350,1.);
#14370=LINE('',#14340,#14360);
#14380=CARTESIAN_POINT('',(4.01155117612227,67.42222222184,-8.8));
#14390=VERTEX_POINT('',#14380);
#14400=EDGE_CURVE('',#550,#14390,#14370,.T.);
#14410=ORIENTED_EDGE('',*,*,#14400,.F.);
#14420=CARTESIAN_POINT('',(8.5,60.8,-8.8));
#14430=DIRECTION('',(0.,0.,-1.));
#14440=DIRECTION('',(-0.561056103055051,0.82777777768232,0.));
#14450=AXIS2_PLACEMENT_3D('',#14420,#14430,#14440);
#14460=CIRCLE('',#14450,8.);
#14470=EDGE_CURVE('',#14390,#12420,#14460,.T.);
#14480=ORIENTED_EDGE('',*,*,#14470,.F.);
#14490=ORIENTED_EDGE('',*,*,#12430,.T.);
#14500=EDGE_LOOP('',(#14490,#14480,#14410,#14330,#14320,#14310,#14300,
#14290));
#14510=FACE_OUTER_BOUND('',#14500,.T.);
#14520=ADVANCED_FACE('',(#14510),#14280,.T.);
#14530=CARTESIAN_POINT('',(-1.599009852456,75.7,8.8));
#14540=DIRECTION('',(0.,0.,1.));
#14550=DIRECTION('',(4.44089209850063E-16,-1.,0.));
#14560=AXIS2_PLACEMENT_3D('',#14530,#14540,#14550);
#14570=CYLINDRICAL_SURFACE('',#14560,10.);
#14580=ORIENTED_EDGE('',*,*,#560,.T.);
#14590=CARTESIAN_POINT('',(-1.599009852456,65.7,8.8));
#14600=DIRECTION('',(0.,0.,-1.));
#14610=VECTOR('',#14600,1.);
#14620=LINE('',#14590,#14610);
#14630=CARTESIAN_POINT('',(-1.599009852456,65.7,-8.8));
#14640=VERTEX_POINT('',#14630);
#14650=EDGE_CURVE('',#460,#14640,#14620,.T.);
#14660=ORIENTED_EDGE('',*,*,#14650,.F.);
#14670=CARTESIAN_POINT('',(-1.599009852456,75.7,-8.8));
#14680=DIRECTION('',(0.,0.,1.));
#14690=DIRECTION('',(4.44089209850063E-16,-1.,0.));
#14700=AXIS2_PLACEMENT_3D('',#14670,#14680,#14690);
#14710=CIRCLE('',#14700,10.);
#14720=EDGE_CURVE('',#14640,#14390,#14710,.T.);
#14730=ORIENTED_EDGE('',*,*,#14720,.F.);
#14740=ORIENTED_EDGE('',*,*,#14400,.T.);
#14750=EDGE_LOOP('',(#14740,#14730,#14660,#14580));
#14760=FACE_OUTER_BOUND('',#14750,.T.);
#14770=ADVANCED_FACE('',(#14760),#14570,.F.);
#14780=CARTESIAN_POINT('',(-21.,65.7,8.8));
#14790=DIRECTION('',(-0.,-1.,-0.));
#14800=DIRECTION('',(-1.,0.,0.));
#14810=AXIS2_PLACEMENT_3D('',#14780,#14790,#14800);
#14820=PLANE('',#14810);
#14830=ORIENTED_EDGE('',*,*,#470,.T.);
#14840=CARTESIAN_POINT('',(-21.,65.7,8.8));
#14850=DIRECTION('',(0.,0.,-1.));
#14860=VECTOR('',#14850,1.);
#14870=LINE('',#14840,#14860);
#14880=CARTESIAN_POINT('',(-21.,65.7,-8.8));
#14890=VERTEX_POINT('',#14880);
#14900=EDGE_CURVE('',#380,#14890,#14870,.T.);
#14910=ORIENTED_EDGE('',*,*,#14900,.F.);
#14920=CARTESIAN_POINT('',(-21.,65.7,-8.8));
#14930=DIRECTION('',(1.,0.,0.));
#14940=VECTOR('',#14930,1.);
#14950=LINE('',#14920,#14940);
#14960=CARTESIAN_POINT('',(-9.21580001760001,65.7,-8.8));
#14970=VERTEX_POINT('',#14960);
#14980=EDGE_CURVE('',#14890,#14970,#14950,.T.);
#14990=ORIENTED_EDGE('',*,*,#14980,.F.);
#15000=CARTESIAN_POINT('',(-9.21580001760001,65.7,8.8));
#15010=DIRECTION('',(3.08148791101958E-33,0.,1.));
#15020=VECTOR('',#15010,1.);
#15030=LINE('',#15000,#15020);
#15040=CARTESIAN_POINT('',(-9.21580001760001,65.7,-1.7388000044));
#15050=VERTEX_POINT('',#15040);
#15060=EDGE_CURVE('',#14970,#15050,#15030,.T.);
#15070=ORIENTED_EDGE('',*,*,#15060,.F.);
#15080=CARTESIAN_POINT('',(0.,65.7,-1.7388000044));
#15090=DIRECTION('',(1.,0.,0.));
#15100=VECTOR('',#15090,1.);
#15110=LINE('',#15080,#15100);
#15120=CARTESIAN_POINT('',(-7.31080001760001,65.7,-1.7388000044));
#15130=VERTEX_POINT('',#15120);
#15140=EDGE_CURVE('',#15050,#15130,#15110,.T.);
#15150=ORIENTED_EDGE('',*,*,#15140,.F.);
#15160=CARTESIAN_POINT('',(-7.31080001760001,65.7,8.8));
#15170=DIRECTION('',(-3.08148791101958E-33,0.,-1.));
#15180=VECTOR('',#15170,1.);
#15190=LINE('',#15160,#15180);
#15200=CARTESIAN_POINT('',(-7.31080001760001,65.7,-8.8));
#15210=VERTEX_POINT('',#15200);
#15220=EDGE_CURVE('',#15130,#15210,#15190,.T.);
#15230=ORIENTED_EDGE('',*,*,#15220,.F.);
#15240=EDGE_CURVE('',#15210,#14640,#14950,.T.);
#15250=ORIENTED_EDGE('',*,*,#15240,.F.);
#15260=ORIENTED_EDGE('',*,*,#14650,.T.);
#15270=EDGE_LOOP('',(#15260,#15250,#15230,#15150,#15070,#14990,#14910,
#14830));
#15280=FACE_OUTER_BOUND('',#15270,.T.);
#15290=ADVANCED_FACE('',(#15280),#14820,.F.);
#15300=CARTESIAN_POINT('',(-21.,64.2,8.8));
#15310=DIRECTION('',(0.,0.,-1.));
#15320=DIRECTION('',(-1.,0.,0.));
#15330=AXIS2_PLACEMENT_3D('',#15300,#15310,#15320);
#15340=CYLINDRICAL_SURFACE('',#15330,1.5);
#15350=ORIENTED_EDGE('',*,*,#390,.T.);
#15360=ORIENTED_EDGE('',*,*,#6020,.F.);
#15370=CARTESIAN_POINT('',(-21.,64.2,-8.8));
#15380=DIRECTION('',(0.,0.,-1.));
#15390=DIRECTION('',(-1.,0.,0.));
#15400=AXIS2_PLACEMENT_3D('',#15370,#15380,#15390);
#15410=CIRCLE('',#15400,1.5);
#15420=EDGE_CURVE('',#5950,#14890,#15410,.T.);
#15430=ORIENTED_EDGE('',*,*,#15420,.F.);
#15440=ORIENTED_EDGE('',*,*,#14900,.T.);
#15450=EDGE_LOOP('',(#15440,#15430,#15360,#15350));
#15460=FACE_OUTER_BOUND('',#15450,.T.);
#15470=ADVANCED_FACE('',(#15460),#15340,.T.);
#15480=CARTESIAN_POINT('',(50.,13.66325381567,-5.8));
#15490=DIRECTION('',(0.,0.,-1.));
#15500=DIRECTION('',(1.,4.44089209850063E-16,0.));
#15510=AXIS2_PLACEMENT_3D('',#15480,#15490,#15500);
#15520=CYLINDRICAL_SURFACE('',#15510,8.);
#15530=ORIENTED_EDGE('',*,*,#9280,.T.);
#15540=CARTESIAN_POINT('',(58.,13.66325381567,-5.799997));
#15550=DIRECTION('',(0.,0.,-1.));
#15560=VECTOR('',#15550,1.);
#15570=LINE('',#15540,#15560);
#15580=CARTESIAN_POINT('',(58.,13.66325381567,-7.3));
#15590=VERTEX_POINT('',#15580);
#15600=EDGE_CURVE('',#9180,#15590,#15570,.T.);
#15610=ORIENTED_EDGE('',*,*,#15600,.F.);
#15620=CARTESIAN_POINT('',(50.,13.66325381567,-7.3));
#15630=DIRECTION('',(0.,0.,-1.));
#15640=DIRECTION('',(1.,4.44089209850063E-16,0.));
#15650=AXIS2_PLACEMENT_3D('',#15620,#15630,#15640);
#15660=CIRCLE('',#15650,8.);
#15670=CARTESIAN_POINT('',(51.3891854213558,5.7847917915803,-7.3));
#15680=VERTEX_POINT('',#15670);
#15690=EDGE_CURVE('',#15590,#15680,#15660,.T.);
#15700=ORIENTED_EDGE('',*,*,#15690,.F.);
#15710=CARTESIAN_POINT('',(51.3891854213566,5.78479179157606,-5.799997))
;
#15720=DIRECTION('',(0.,0.,-1.));
#15730=VECTOR('',#15720,1.);
#15740=LINE('',#15710,#15730);
#15750=EDGE_CURVE('',#9270,#15680,#15740,.T.);
#15760=ORIENTED_EDGE('',*,*,#15750,.T.);
#15770=EDGE_LOOP('',(#15760,#15700,#15610,#15530));
#15780=FACE_OUTER_BOUND('',#15770,.T.);
#15790=ADVANCED_FACE('',(#15780),#15520,.T.);
#15800=CARTESIAN_POINT('',(58.,45.1,-5.8));
#15810=DIRECTION('',(-1.,0.,0.));
#15820=DIRECTION('',(0.,1.,0.));
#15830=AXIS2_PLACEMENT_3D('',#15800,#15810,#15820);
#15840=PLANE('',#15830);
#15850=ORIENTED_EDGE('',*,*,#9190,.F.);
#15860=ORIENTED_EDGE('',*,*,#8780,.F.);
#15870=CARTESIAN_POINT('',(58.,29.0435934795858,-7.3));
#15880=DIRECTION('',(0.,1.,0.));
#15890=VECTOR('',#15880,1.);
#15900=LINE('',#15870,#15890);
#15910=EDGE_CURVE('',#15590,#8710,#15900,.T.);
#15920=ORIENTED_EDGE('',*,*,#15910,.T.);
#15930=ORIENTED_EDGE('',*,*,#15600,.T.);
#15940=EDGE_LOOP('',(#15930,#15920,#15860,#15850));
#15950=FACE_OUTER_BOUND('',#15940,.T.);
#15960=ADVANCED_FACE('',(#15950),#15840,.F.);
#15970=CARTESIAN_POINT('',(33.9,52.9,-3.5527136788005E-15));
#15980=DIRECTION('',(1.11022302462516E-16,1.,-1.11022302462516E-16));
#15990=DIRECTION('',(-1.,1.11022302462516E-16,1.38777878078144E-17));
#16000=AXIS2_PLACEMENT_3D('',#15970,#15980,#15990);
#16010=CYLINDRICAL_SURFACE('',#16000,3.5);
#16020=CARTESIAN_POINT('',(37.4,52.9,-3.17265955642628E-15));
#16030=DIRECTION('',(1.11022302462516E-16,1.,-1.11022302462516E-16));
#16040=VECTOR('',#16030,1.);
#16050=LINE('',#16020,#16040);
#16060=CARTESIAN_POINT('',(37.4,44.2308617462872,-2.21019186713321E-15))
;
#16070=VERTEX_POINT('',#16060);
#16080=EDGE_CURVE('',#16070,#10460,#16050,.T.);
#16090=ORIENTED_EDGE('',*,*,#16080,.T.);
#16100=CARTESIAN_POINT('',(33.9,44.2308617462872,-3.5527136788005E-15));
#16110=DIRECTION('',(1.11022302462516E-16,1.,-1.11022302462516E-16));
#16120=DIRECTION('',(-1.,1.11022302462516E-16,1.38777878078144E-17));
#16130=AXIS2_PLACEMENT_3D('',#16100,#16110,#16120);
#16140=CIRCLE('',#16130,3.5);
#16150=CARTESIAN_POINT('',(36.7030431368834,44.2308617462872,
-2.09593634749988));
#16160=VERTEX_POINT('',#16150);
#16170=EDGE_CURVE('',#16070,#16160,#16140,.T.);
#16180=ORIENTED_EDGE('',*,*,#16170,.F.);
#16190=CARTESIAN_POINT('',(36.7030431368834,52.9,-2.09593634749988));
#16200=DIRECTION('',(1.11022302462516E-16,1.,-1.11022302462516E-16));
#16210=VECTOR('',#16200,1.);
#16220=LINE('',#16190,#16210);
#16230=CARTESIAN_POINT('',(36.7030431368834,43.2308617462872,
-2.09593634749987));
#16240=VERTEX_POINT('',#16230);
#16250=EDGE_CURVE('',#16240,#16160,#16220,.T.);
#16260=ORIENTED_EDGE('',*,*,#16250,.T.);
#16270=CARTESIAN_POINT('',(33.9,43.2308617462872,-3.5527136788005E-15));
#16280=DIRECTION('',(1.11022302462516E-16,1.,-1.11022302462516E-16));
#16290=DIRECTION('',(-1.,1.11022302462516E-16,1.38777878078144E-17));
#16300=AXIS2_PLACEMENT_3D('',#16270,#16280,#16290);
#16310=CIRCLE('',#16300,3.5);
#16320=CARTESIAN_POINT('',(35.9959363568799,43.2308617462872,
-2.80304312986955));
#16330=VERTEX_POINT('',#16320);
#16340=EDGE_CURVE('',#16240,#16330,#16310,.T.);
#16350=ORIENTED_EDGE('',*,*,#16340,.F.);
#16360=CARTESIAN_POINT('',(35.9959363568799,52.9,-2.80304312986955));
#16370=DIRECTION('',(1.11022302462516E-16,1.,-1.11022302462516E-16));
#16380=VECTOR('',#16370,1.);
#16390=LINE('',#16360,#16380);
#16400=CARTESIAN_POINT('',(35.9959363568799,44.2308617462872,
-2.80304312986955));
#16410=VERTEX_POINT('',#16400);
#16420=EDGE_CURVE('',#16330,#16410,#16390,.T.);
#16430=ORIENTED_EDGE('',*,*,#16420,.F.);
#16440=CARTESIAN_POINT('',(33.9,44.2308617462872,-3.5527136788005E-15));
#16450=DIRECTION('',(1.11022302462516E-16,1.,-1.11022302462516E-16));
#16460=DIRECTION('',(-1.,1.11022302462516E-16,1.38777878078144E-17));
#16470=AXIS2_PLACEMENT_3D('',#16440,#16450,#16460);
#16480=CIRCLE('',#16470,3.5);
#16490=CARTESIAN_POINT('',(31.8040636161277,44.2308617462872,
-2.80304310968639));
#16500=VERTEX_POINT('',#16490);
#16510=EDGE_CURVE('',#16410,#16500,#16480,.T.);
#16520=ORIENTED_EDGE('',*,*,#16510,.F.);
#16530=CARTESIAN_POINT('',(31.8040636161277,52.9,-2.80304310968641));
#16540=DIRECTION('',(1.11022302462516E-16,1.,-1.11022302462516E-16));
#16550=VECTOR('',#16540,1.);
#16560=LINE('',#16530,#16550);
#16570=CARTESIAN_POINT('',(31.8040636161277,43.2308617462872,
-2.80304310968638));
#16580=VERTEX_POINT('',#16570);
#16590=EDGE_CURVE('',#16580,#16500,#16560,.T.);
#16600=ORIENTED_EDGE('',*,*,#16590,.T.);
#16610=CARTESIAN_POINT('',(31.0969568429335,43.2308617462872,
-2.09593632050751));
#16620=VERTEX_POINT('',#16610);
#16630=EDGE_CURVE('',#16580,#16620,#16310,.T.);
#16640=ORIENTED_EDGE('',*,*,#16630,.F.);
#16650=CARTESIAN_POINT('',(31.0969568429335,52.9,-2.09593632050756));
#16660=DIRECTION('',(1.11022302462516E-16,1.,-1.11022302462516E-16));
#16670=VECTOR('',#16660,1.);
#16680=LINE('',#16650,#16670);
#16690=CARTESIAN_POINT('',(31.0969568429335,44.2308617462872,
-2.09593632050751));
#16700=VERTEX_POINT('',#16690);
#16710=EDGE_CURVE('',#16620,#16700,#16680,.T.);
#16720=ORIENTED_EDGE('',*,*,#16710,.F.);
#16730=CARTESIAN_POINT('',(33.9,44.2308617462872,-3.5527136788005E-15));
#16740=DIRECTION('',(1.11022302462516E-16,1.,-1.11022302462516E-16));
#16750=DIRECTION('',(-1.,1.11022302462516E-16,1.38777878078144E-17));
#16760=AXIS2_PLACEMENT_3D('',#16730,#16740,#16750);
#16770=CIRCLE('',#16760,3.5);
#16780=CARTESIAN_POINT('',(30.4,44.2308617462872,-2.54167373218008E-15))
;
#16790=VERTEX_POINT('',#16780);
#16800=EDGE_CURVE('',#16700,#16790,#16770,.T.);
#16810=ORIENTED_EDGE('',*,*,#16800,.F.);
#16820=CARTESIAN_POINT('',(30.4,52.9,-3.50414142147315E-15));
#16830=DIRECTION('',(1.11022302462516E-16,1.,-1.11022302462516E-16));
#16840=VECTOR('',#16830,1.);
#16850=LINE('',#16820,#16840);
#16860=EDGE_CURVE('',#16790,#10440,#16850,.T.);
#16870=ORIENTED_EDGE('',*,*,#16860,.F.);
#16880=ORIENTED_EDGE('',*,*,#10490,.T.);
#16890=EDGE_LOOP('',(#16880,#16870,#16810,#16720,#16640,#16600,#16520,
#16430,#16350,#16260,#16180,#16090));
#16900=FACE_OUTER_BOUND('',#16890,.T.);
#16910=ADVANCED_FACE('',(#16900),#16010,.F.);
#16920=CARTESIAN_POINT('',(8.00646945650691,43.2308617462875,
8.03682413574026));
#16930=DIRECTION('',(1.09536163144977E-14,1.,-2.07163483928791E-15));
#16940=DIRECTION('',(0.707106775659533,-9.21024336840884E-15,
-0.707106786713562));
#16950=AXIS2_PLACEMENT_3D('',#16920,#16930,#16940);
#16960=PLANE('',#16950);
#16970=CARTESIAN_POINT('',(15.5928935525663,43.2308617462874,
17.5999999934));
#16980=DIRECTION('',(0.707106775659533,-9.27036225562006E-15,
-0.707106786713562));
#16990=VECTOR('',#16980,1.);
#17000=LINE('',#16970,#16990);
#17010=CARTESIAN_POINT('',(31.0969569028957,43.2308617462872,
2.09593640069923));
#17020=VERTEX_POINT('',#17010);
#17030=CARTESIAN_POINT('',(33.192893233518,43.2308617462872,
3.73117394758538E-8));
#17040=VERTEX_POINT('',#17030);
#17050=EDGE_CURVE('',#17020,#17040,#17000,.T.);
#17060=ORIENTED_EDGE('',*,*,#17050,.F.);
#17070=CARTESIAN_POINT('',(0.,43.2308617462875,-33.1928926773098));
#17080=DIRECTION('',(-0.707106786713562,6.27276008913213E-15,
-0.707106775659533));
#17090=VECTOR('',#17080,1.);
#17100=LINE('',#17070,#17090);
#17110=EDGE_CURVE('',#17040,#16620,#17100,.T.);
#17120=ORIENTED_EDGE('',*,*,#17110,.F.);
#17130=ORIENTED_EDGE('',*,*,#16630,.T.);
#17140=CARTESIAN_POINT('',(0.,43.2308617462875,-34.6071062286288));
#17150=DIRECTION('',(0.707106786713562,-6.27276008913213E-15,
0.707106775659533));
#17160=VECTOR('',#17150,1.);
#17170=LINE('',#17140,#17160);
#17180=CARTESIAN_POINT('',(33.9000000091775,43.2308617462872,
-0.707106749401845));
#17190=VERTEX_POINT('',#17180);
#17200=EDGE_CURVE('',#16580,#17190,#17170,.T.);
#17210=ORIENTED_EDGE('',*,*,#17200,.F.);
#17220=CARTESIAN_POINT('',(15.5928935525663,43.2308617462874,
17.5999999934));
#17230=DIRECTION('',(0.707106775659533,-9.27036225562006E-15,
-0.707106786713562));
#17240=VECTOR('',#17230,1.);
#17250=LINE('',#17220,#17240);
#17260=EDGE_CURVE('',#17190,#16330,#17250,.T.);
#17270=ORIENTED_EDGE('',*,*,#17260,.F.);
#17280=ORIENTED_EDGE('',*,*,#16340,.T.);
#17290=CARTESIAN_POINT('',(17.0071071038853,43.2308617462874,
17.5999999934));
#17300=DIRECTION('',(-0.707106775659533,9.27036225562006E-15,
0.707106786713562));
#17310=VECTOR('',#17300,1.);
#17320=LINE('',#17290,#17310);
#17330=EDGE_CURVE('',#16240,#6270,#17320,.T.);
#17340=ORIENTED_EDGE('',*,*,#17330,.F.);
#17350=ORIENTED_EDGE('',*,*,#6280,.F.);
#17360=CARTESIAN_POINT('',(35.9959363643268,43.2308617462872,
2.80304312430125));
#17370=VERTEX_POINT('',#17360);
#17380=EDGE_CURVE('',#17370,#6170,#16310,.T.);
#17390=ORIENTED_EDGE('',*,*,#17380,.T.);
#17400=CARTESIAN_POINT('',(0.,43.2308617462875,-33.1928926773098));
#17410=DIRECTION('',(-0.707106786713562,6.27276008913213E-15,
-0.707106775659533));
#17420=VECTOR('',#17410,1.);
#17430=LINE('',#17400,#17420);
#17440=CARTESIAN_POINT('',(33.9000000202316,43.2308617462872,
0.707106812971258));
#17450=VERTEX_POINT('',#17440);
#17460=EDGE_CURVE('',#17370,#17450,#17430,.T.);
#17470=ORIENTED_EDGE('',*,*,#17460,.F.);
#17480=CARTESIAN_POINT('',(17.0071071038853,43.2308617462874,
17.5999999934));
#17490=DIRECTION('',(-0.707106775659533,9.27036225562006E-15,
0.707106786713562));
#17500=VECTOR('',#17490,1.);
#17510=LINE('',#17480,#17500);
#17520=CARTESIAN_POINT('',(31.8040636963194,43.2308617462872,
2.80304316964862));
#17530=VERTEX_POINT('',#17520);
#17540=EDGE_CURVE('',#17450,#17530,#17510,.T.);
#17550=ORIENTED_EDGE('',*,*,#17540,.F.);
#17560=EDGE_CURVE('',#17020,#17530,#16310,.T.);
#17570=ORIENTED_EDGE('',*,*,#17560,.T.);
#17580=EDGE_LOOP('',(#17570,#17550,#17470,#17390,#17350,#17340,#17280,
#17270,#17210,#17130,#17120,#17060));
#17590=FACE_OUTER_BOUND('',#17580,.T.);
#17600=ADVANCED_FACE('',(#17590),#16960,.T.);
#17610=COLOUR_RGB('',0.823529481887817,0.823529481887817,
0.784313797950745);
#17620=FILL_AREA_STYLE_COLOUR('',#17610);
#17630=FILL_AREA_STYLE('',(#17620));
#17640=SURFACE_STYLE_FILL_AREA(#17630);
#17650=SURFACE_SIDE_STYLE('',(#17640));
#17660=SURFACE_STYLE_USAGE(.BOTH.,#17650);
#17670=PRESENTATION_STYLE_ASSIGNMENT((#17660));
#17680=CARTESIAN_POINT('',(35.9959363642842,44.2308617462872,
2.80304312425859));
#17690=DIRECTION('',(0.707106775659533,-1.10067438162868E-14,
-0.707106786713562));
#17700=DIRECTION('',(0.707106786713562,1.9778512463614E-15,
0.707106775659533));
#17710=AXIS2_PLACEMENT_3D('',#17680,#17690,#17700);
#17720=PLANE('',#17710);
#17730=CARTESIAN_POINT('',(33.9000000202313,3.09999999999999,
0.70710681297162));
#17740=DIRECTION('',(-6.38439109103302E-15,-1.,9.1814952696627E-15));
#17750=VECTOR('',#17740,1.);
#17760=LINE('',#17730,#17750);
#17770=CARTESIAN_POINT('',(33.9000000202315,44.2308617462872,
0.707106812971237));
#17780=VERTEX_POINT('',#17770);
#17790=EDGE_CURVE('',#17780,#17450,#17760,.T.);
#17800=ORIENTED_EDGE('',*,*,#17790,.F.);
#17810=ORIENTED_EDGE('',*,*,#17460,.T.);
#17820=CARTESIAN_POINT('',(35.9959363643269,52.9,2.80304312430121));
#17830=DIRECTION('',(1.11022302462516E-16,1.,-1.11022302462516E-16));
#17840=VECTOR('',#17830,1.);
#17850=LINE('',#17820,#17840);
#17860=CARTESIAN_POINT('',(35.9959363643269,44.2308617462872,
2.80304312430122));
#17870=VERTEX_POINT('',#17860);
#17880=EDGE_CURVE('',#17370,#17870,#17850,.T.);
#17890=ORIENTED_EDGE('',*,*,#17880,.F.);
#17900=CARTESIAN_POINT('',(-1.4210854715202E-14,44.2308617462875,
-33.1928926773098));
#17910=DIRECTION('',(-0.707106786713563,6.25552129465575E-15,
-0.707106775659533));
#17920=VECTOR('',#17910,1.);
#17930=LINE('',#17900,#17920);
#17940=EDGE_CURVE('',#17870,#17780,#17930,.T.);
#17950=ORIENTED_EDGE('',*,*,#17940,.F.);
#17960=EDGE_LOOP('',(#17950,#17890,#17810,#17800));
#17970=FACE_OUTER_BOUND('',#17960,.T.);
#17980=ADVANCED_FACE('',(#17970),#17720,.T.);
#17990=COLOUR_RGB('',0.823529481887817,0.823529481887817,
0.784313797950745);
#18000=FILL_AREA_STYLE_COLOUR('',#17990);
#18010=FILL_AREA_STYLE('',(#18000));
#18020=SURFACE_STYLE_FILL_AREA(#18010);
#18030=SURFACE_SIDE_STYLE('',(#18020));
#18040=SURFACE_STYLE_USAGE(.BOTH.,#18030);
#18050=PRESENTATION_STYLE_ASSIGNMENT((#18040));
#18060=CARTESIAN_POINT('',(33.9000000202315,44.2308617462872,
0.707106812971237));
#18070=DIRECTION('',(-0.707106786713562,-1.97785124636139E-15,
-0.707106775659533));
#18080=DIRECTION('',(0.707106775659533,-1.10067438162868E-14,
-0.707106786713562));
#18090=AXIS2_PLACEMENT_3D('',#18060,#18070,#18080);
#18100=PLANE('',#18090);
#18110=CARTESIAN_POINT('',(31.8040636963194,52.9,2.80304316964862));
#18120=DIRECTION('',(1.11022302462516E-16,1.,-1.11022302462516E-16));
#18130=VECTOR('',#18120,1.);
#18140=LINE('',#18110,#18130);
#18150=CARTESIAN_POINT('',(31.8040636963194,44.2308617462872,
2.80304316964862));
#18160=VERTEX_POINT('',#18150);
#18170=EDGE_CURVE('',#17530,#18160,#18140,.T.);
#18180=ORIENTED_EDGE('',*,*,#18170,.T.);
#18190=ORIENTED_EDGE('',*,*,#17540,.T.);
#18200=ORIENTED_EDGE('',*,*,#17790,.T.);
#18210=CARTESIAN_POINT('',(17.0071070972853,44.2308617462874,17.6));
#18220=DIRECTION('',(-0.707106775659533,9.21584367674489E-15,
0.707106786713563));
#18230=VECTOR('',#18220,1.);
#18240=LINE('',#18210,#18230);
#18250=EDGE_CURVE('',#17780,#18160,#18240,.T.);
#18260=ORIENTED_EDGE('',*,*,#18250,.F.);
#18270=EDGE_LOOP('',(#18260,#18200,#18190,#18180));
#18280=FACE_OUTER_BOUND('',#18270,.T.);
#18290=ADVANCED_FACE('',(#18280),#18100,.T.);
#18300=COLOUR_RGB('',0.823529481887817,0.823529481887817,
0.784313797950745);
#18310=FILL_AREA_STYLE_COLOUR('',#18300);
#18320=FILL_AREA_STYLE('',(#18310));
#18330=SURFACE_STYLE_FILL_AREA(#18320);
#18340=SURFACE_SIDE_STYLE('',(#18330));
#18350=SURFACE_STYLE_USAGE(.BOTH.,#18340);
#18360=PRESENTATION_STYLE_ASSIGNMENT((#18350));
#18370=CARTESIAN_POINT('',(39.2268534390693,44.2308617462872,
30.5478859118344));
#18380=DIRECTION('',(1.09536163144977E-14,1.,-2.07163483928791E-15));
#18390=DIRECTION('',(0.707106775659533,-9.21024336840884E-15,
-0.707106786713562));
#18400=AXIS2_PLACEMENT_3D('',#18370,#18380,#18390);
#18410=PLANE('',#18400);
#18420=ORIENTED_EDGE('',*,*,#18250,.T.);
#18430=ORIENTED_EDGE('',*,*,#17940,.T.);
#18440=CARTESIAN_POINT('',(33.9,44.2308617462872,-3.5527136788005E-15));
#18450=DIRECTION('',(1.11022302462516E-16,1.,-1.11022302462516E-16));
#18460=DIRECTION('',(-1.,1.11022302462516E-16,1.38777878078144E-17));
#18470=AXIS2_PLACEMENT_3D('',#18440,#18450,#18460);
#18480=CIRCLE('',#18470,3.5);
#18490=EDGE_CURVE('',#18160,#17870,#18480,.T.);
#18500=ORIENTED_EDGE('',*,*,#18490,.T.);
#18510=EDGE_LOOP('',(#18500,#18430,#18420));
#18520=FACE_OUTER_BOUND('',#18510,.T.);
#18530=ADVANCED_FACE('',(#18520),#18410,.T.);
#18540=COLOUR_RGB('',0.823529481887817,0.823529481887817,
0.784313797950745);
#18550=FILL_AREA_STYLE_COLOUR('',#18540);
#18560=FILL_AREA_STYLE('',(#18550));
#18570=SURFACE_STYLE_FILL_AREA(#18560);
#18580=SURFACE_SIDE_STYLE('',(#18570));
#18590=SURFACE_STYLE_USAGE(.BOTH.,#18580);
#18600=PRESENTATION_STYLE_ASSIGNMENT((#18590));
#18610=CARTESIAN_POINT('',(33.9000000091772,3.09999999999999,
-0.707106749401472));
#18620=DIRECTION('',(-6.38439109103302E-15,-1.,9.1814952696627E-15));
#18630=VECTOR('',#18620,1.);
#18640=LINE('',#18610,#18630);
#18650=CARTESIAN_POINT('',(33.9000000091775,44.2308617462872,
-0.707106749401856));
#18660=VERTEX_POINT('',#18650);
#18670=EDGE_CURVE('',#18660,#17190,#18640,.T.);
#18680=ORIENTED_EDGE('',*,*,#18670,.F.);
#18690=ORIENTED_EDGE('',*,*,#17200,.T.);
#18700=ORIENTED_EDGE('',*,*,#16590,.F.);
#18710=CARTESIAN_POINT('',(-1.4210854715202E-14,44.2308617462875,
-34.6071062286289));
#18720=DIRECTION('',(0.707106786713563,-6.25552129465575E-15,
0.707106775659533));
#18730=VECTOR('',#18720,1.);
#18740=LINE('',#18710,#18730);
#18750=EDGE_CURVE('',#16500,#18660,#18740,.T.);
#18760=ORIENTED_EDGE('',*,*,#18750,.F.);
#18770=EDGE_LOOP('',(#18760,#18700,#18690,#18680));
#18780=FACE_OUTER_BOUND('',#18770,.T.);
#18790=ADVANCED_FACE('',(#18780),#6110,.T.);
#18800=COLOUR_RGB('',0.823529481887817,0.823529481887817,
0.784313797950745);
#18810=FILL_AREA_STYLE_COLOUR('',#18800);
#18820=FILL_AREA_STYLE('',(#18810));
#18830=SURFACE_STYLE_FILL_AREA(#18820);
#18840=SURFACE_SIDE_STYLE('',(#18830));
#18850=SURFACE_STYLE_USAGE(.BOTH.,#18840);
#18860=PRESENTATION_STYLE_ASSIGNMENT((#18850));
#18870=CARTESIAN_POINT('',(31.0969569041677,44.2308617462872,
2.0959363994273));
#18880=DIRECTION('',(0.707106786713562,1.97785124636139E-15,
0.707106775659533));
#18890=DIRECTION('',(-0.707106775659533,1.10067438162868E-14,
0.707106786713562));
#18900=AXIS2_PLACEMENT_3D('',#18870,#18880,#18890);
#18910=PLANE('',#18900);
#18920=ORIENTED_EDGE('',*,*,#16420,.T.);
#18930=ORIENTED_EDGE('',*,*,#17260,.T.);
#18940=ORIENTED_EDGE('',*,*,#18670,.T.);
#18950=CARTESIAN_POINT('',(15.5928935459662,44.2308617462874,17.6));
#18960=DIRECTION('',(0.707106775659533,-9.21584367674489E-15,
-0.707106786713563));
#18970=VECTOR('',#18960,1.);
#18980=LINE('',#18950,#18970);
#18990=EDGE_CURVE('',#18660,#16410,#18980,.T.);
#19000=ORIENTED_EDGE('',*,*,#18990,.F.);
#19010=EDGE_LOOP('',(#19000,#18940,#18930,#18920));
#19020=FACE_OUTER_BOUND('',#19010,.T.);
#19030=ADVANCED_FACE('',(#19020),#18910,.T.);
#19040=COLOUR_RGB('',0.823529481887817,0.823529481887817,
0.784313797950745);
#19050=FILL_AREA_STYLE_COLOUR('',#19040);
#19060=FILL_AREA_STYLE('',(#19050));
#19070=SURFACE_STYLE_FILL_AREA(#19060);
#19080=SURFACE_SIDE_STYLE('',(#19070));
#19090=SURFACE_STYLE_USAGE(.BOTH.,#19080);
#19100=PRESENTATION_STYLE_ASSIGNMENT((#19090));
#19110=ORIENTED_EDGE('',*,*,#16510,.T.);
#19120=ORIENTED_EDGE('',*,*,#18990,.T.);
#19130=ORIENTED_EDGE('',*,*,#18750,.T.);
#19140=EDGE_LOOP('',(#19130,#19120,#19110));
#19150=FACE_OUTER_BOUND('',#19140,.T.);
#19160=ADVANCED_FACE('',(#19150),#18410,.T.);
#19170=COLOUR_RGB('',0.823529481887817,0.823529481887817,
0.784313797950745);
#19180=FILL_AREA_STYLE_COLOUR('',#19170);
#19190=FILL_AREA_STYLE('',(#19180));
#19200=SURFACE_STYLE_FILL_AREA(#19190);
#19210=SURFACE_SIDE_STYLE('',(#19200));
#19220=SURFACE_STYLE_USAGE(.BOTH.,#19210);
#19230=PRESENTATION_STYLE_ASSIGNMENT((#19220));
#19240=CARTESIAN_POINT('',(33.1928932335177,3.09999999999999,
3.73120876417943E-8));
#19250=DIRECTION('',(6.38439109103302E-15,1.,-9.1814952696627E-15));
#19260=VECTOR('',#19250,1.);
#19270=LINE('',#19240,#19260);
#19280=CARTESIAN_POINT('',(33.192893233518,44.2308617462872,
3.73117110541443E-8));
#19290=VERTEX_POINT('',#19280);
#19300=EDGE_CURVE('',#17040,#19290,#19270,.T.);
#19310=ORIENTED_EDGE('',*,*,#19300,.T.);
#19320=ORIENTED_EDGE('',*,*,#17050,.T.);
#19330=CARTESIAN_POINT('',(31.0969569028957,52.9,2.09593640069922));
#19340=DIRECTION('',(1.11022302462516E-16,1.,-1.11022302462516E-16));
#19350=VECTOR('',#19340,1.);
#19360=LINE('',#19330,#19350);
#19370=CARTESIAN_POINT('',(31.0969569028957,44.2308617462872,
2.09593640069923));
#19380=VERTEX_POINT('',#19370);
#19390=EDGE_CURVE('',#17020,#19380,#19360,.T.);
#19400=ORIENTED_EDGE('',*,*,#19390,.F.);
#19410=CARTESIAN_POINT('',(15.5928935459662,44.2308617462874,17.6));
#19420=DIRECTION('',(0.707106775659533,-9.21584367674489E-15,
-0.707106786713563));
#19430=VECTOR('',#19420,1.);
#19440=LINE('',#19410,#19430);
#19450=EDGE_CURVE('',#19380,#19290,#19440,.T.);
#19460=ORIENTED_EDGE('',*,*,#19450,.F.);
#19470=EDGE_LOOP('',(#19460,#19400,#19320,#19310));
#19480=FACE_OUTER_BOUND('',#19470,.T.);
#19490=ADVANCED_FACE('',(#19480),#18910,.T.);
#19500=COLOUR_RGB('',0.823529481887817,0.823529481887817,
0.784313797950745);
#19510=FILL_AREA_STYLE_COLOUR('',#19500);
#19520=FILL_AREA_STYLE('',(#19510));
#19530=SURFACE_STYLE_FILL_AREA(#19520);
#19540=SURFACE_SIDE_STYLE('',(#19530));
#19550=SURFACE_STYLE_USAGE(.BOTH.,#19540);
#19560=PRESENTATION_STYLE_ASSIGNMENT((#19550));
#19570=ORIENTED_EDGE('',*,*,#16710,.T.);
#19580=ORIENTED_EDGE('',*,*,#17110,.T.);
#19590=ORIENTED_EDGE('',*,*,#19300,.F.);
#19600=CARTESIAN_POINT('',(-1.4210854715202E-14,44.2308617462875,
-33.1928926773098));
#19610=DIRECTION('',(-0.707106786713563,6.25552129465575E-15,
-0.707106775659533));
#19620=VECTOR('',#19610,1.);
#19630=LINE('',#19600,#19620);
#19640=EDGE_CURVE('',#19290,#16700,#19630,.T.);
#19650=ORIENTED_EDGE('',*,*,#19640,.F.);
#19660=EDGE_LOOP('',(#19650,#19590,#19580,#19570));
#19670=FACE_OUTER_BOUND('',#19660,.T.);
#19680=ADVANCED_FACE('',(#19670),#17720,.T.);
#19690=COLOUR_RGB('',0.823529481887817,0.823529481887817,
0.784313797950745);
#19700=FILL_AREA_STYLE_COLOUR('',#19690);
#19710=FILL_AREA_STYLE('',(#19700));
#19720=SURFACE_STYLE_FILL_AREA(#19710);
#19730=SURFACE_SIDE_STYLE('',(#19720));
#19740=SURFACE_STYLE_USAGE(.BOTH.,#19730);
#19750=PRESENTATION_STYLE_ASSIGNMENT((#19740));
#19760=ORIENTED_EDGE('',*,*,#16800,.T.);
#19770=ORIENTED_EDGE('',*,*,#19640,.T.);
#19780=ORIENTED_EDGE('',*,*,#19450,.T.);
#19790=EDGE_CURVE('',#16790,#19380,#16770,.T.);
#19800=ORIENTED_EDGE('',*,*,#19790,.T.);
#19810=EDGE_LOOP('',(#19800,#19780,#19770,#19760));
#19820=FACE_OUTER_BOUND('',#19810,.T.);
#19830=ADVANCED_FACE('',(#19820),#18410,.T.);
#19840=COLOUR_RGB('',0.823529481887817,0.823529481887817,
0.784313797950745);
#19850=FILL_AREA_STYLE_COLOUR('',#19840);
#19860=FILL_AREA_STYLE('',(#19850));
#19870=SURFACE_STYLE_FILL_AREA(#19860);
#19880=SURFACE_SIDE_STYLE('',(#19870));
#19890=SURFACE_STYLE_USAGE(.BOTH.,#19880);
#19900=PRESENTATION_STYLE_ASSIGNMENT((#19890));
#19910=ORIENTED_EDGE('',*,*,#6360,.T.);
#19920=ORIENTED_EDGE('',*,*,#17330,.T.);
#19930=ORIENTED_EDGE('',*,*,#16250,.F.);
#19940=CARTESIAN_POINT('',(17.0071070972853,44.2308617462874,17.6));
#19950=DIRECTION('',(-0.707106775659533,9.21584367674489E-15,
0.707106786713563));
#19960=VECTOR('',#19950,1.);
#19970=LINE('',#19940,#19960);
#19980=EDGE_CURVE('',#16160,#6350,#19970,.T.);
#19990=ORIENTED_EDGE('',*,*,#19980,.F.);
#20000=EDGE_LOOP('',(#19990,#19930,#19920,#19910));
#20010=FACE_OUTER_BOUND('',#20000,.T.);
#20020=ADVANCED_FACE('',(#20010),#18100,.T.);
#20030=COLOUR_RGB('',0.823529481887817,0.823529481887817,
0.784313797950745);
#20040=FILL_AREA_STYLE_COLOUR('',#20030);
#20050=FILL_AREA_STYLE('',(#20040));
#20060=SURFACE_STYLE_FILL_AREA(#20050);
#20070=SURFACE_SIDE_STYLE('',(#20060));
#20080=SURFACE_STYLE_USAGE(.BOTH.,#20070);
#20090=PRESENTATION_STYLE_ASSIGNMENT((#20080));
#20100=EDGE_CURVE('',#6190,#16070,#16140,.T.);
#20110=ORIENTED_EDGE('',*,*,#20100,.T.);
#20120=ORIENTED_EDGE('',*,*,#6420,.T.);
#20130=ORIENTED_EDGE('',*,*,#19980,.T.);
#20140=ORIENTED_EDGE('',*,*,#16170,.T.);
#20150=EDGE_LOOP('',(#20140,#20130,#20120,#20110));
#20160=FACE_OUTER_BOUND('',#20150,.T.);
#20170=ADVANCED_FACE('',(#20160),#18410,.T.);
#20180=COLOUR_RGB('',0.823529481887817,0.823529481887817,
0.784313797950745);
#20190=FILL_AREA_STYLE_COLOUR('',#20180);
#20200=FILL_AREA_STYLE('',(#20190));
#20210=SURFACE_STYLE_FILL_AREA(#20200);
#20220=SURFACE_SIDE_STYLE('',(#20210));
#20230=SURFACE_STYLE_USAGE(.BOTH.,#20220);
#20240=PRESENTATION_STYLE_ASSIGNMENT((#20230));
#20250=CARTESIAN_POINT('',(-33.9,52.9,-3.5527136788005E-15));
#20260=DIRECTION('',(1.11022302462516E-16,1.,-1.11022302462516E-16));
#20270=DIRECTION('',(-1.,1.11022302462516E-16,1.38777878078144E-17));
#20280=AXIS2_PLACEMENT_3D('',#20250,#20260,#20270);
#20290=CYLINDRICAL_SURFACE('',#20280,3.5);
#20300=CARTESIAN_POINT('',(-30.4,52.9,-3.17265955642628E-15));
#20310=DIRECTION('',(1.11022302462516E-16,1.,-1.11022302462516E-16));
#20320=VECTOR('',#20310,1.);
#20330=LINE('',#20300,#20320);
#20340=CARTESIAN_POINT('',(-30.4,44.2308617462872,-2.21019186713321E-15)
);
#20350=VERTEX_POINT('',#20340);
#20360=EDGE_CURVE('',#20350,#5280,#20330,.T.);
#20370=ORIENTED_EDGE('',*,*,#20360,.T.);
#20380=CARTESIAN_POINT('',(-33.9,44.2308617462872,-3.5527136788005E-15))
;
#20390=DIRECTION('',(1.11022302462516E-16,1.,-1.11022302462516E-16));
#20400=DIRECTION('',(-1.,1.11022302462516E-16,1.38777878078144E-17));
#20410=AXIS2_PLACEMENT_3D('',#20380,#20390,#20400);
#20420=CIRCLE('',#20410,3.5);
#20430=CARTESIAN_POINT('',(-31.0969568631166,44.2308617462872,
-2.09593634749988));
#20440=VERTEX_POINT('',#20430);
#20450=EDGE_CURVE('',#20350,#20440,#20420,.T.);
#20460=ORIENTED_EDGE('',*,*,#20450,.F.);
#20470=CARTESIAN_POINT('',(-31.0969568631166,52.9,-2.09593634749988));
#20480=DIRECTION('',(1.11022302462516E-16,1.,-1.11022302462516E-16));
#20490=VECTOR('',#20480,1.);
#20500=LINE('',#20470,#20490);
#20510=CARTESIAN_POINT('',(-31.0969568631166,43.2308617462872,
-2.09593634749987));
#20520=VERTEX_POINT('',#20510);
#20530=EDGE_CURVE('',#20520,#20440,#20500,.T.);
#20540=ORIENTED_EDGE('',*,*,#20530,.T.);
#20550=CARTESIAN_POINT('',(-33.9,43.2308617462872,-3.5527136788005E-15))
;
#20560=DIRECTION('',(1.11022302462516E-16,1.,-1.11022302462516E-16));
#20570=DIRECTION('',(-1.,1.11022302462516E-16,1.38777878078144E-17));
#20580=AXIS2_PLACEMENT_3D('',#20550,#20560,#20570);
#20590=CIRCLE('',#20580,3.5);
#20600=CARTESIAN_POINT('',(-31.80406364312,43.2308617462872,
-2.80304312986955));
#20610=VERTEX_POINT('',#20600);
#20620=EDGE_CURVE('',#20520,#20610,#20590,.T.);
#20630=ORIENTED_EDGE('',*,*,#20620,.F.);
#20640=CARTESIAN_POINT('',(-31.80406364312,52.9,-2.80304312986955));
#20650=DIRECTION('',(1.11022302462516E-16,1.,-1.11022302462516E-16));
#20660=VECTOR('',#20650,1.);
#20670=LINE('',#20640,#20660);
#20680=CARTESIAN_POINT('',(-31.80406364312,44.2308617462872,
-2.80304312986955));
#20690=VERTEX_POINT('',#20680);
#20700=EDGE_CURVE('',#20610,#20690,#20670,.T.);
#20710=ORIENTED_EDGE('',*,*,#20700,.F.);
#20720=CARTESIAN_POINT('',(-33.9,44.2308617462872,-3.5527136788005E-15))
;
#20730=DIRECTION('',(1.11022302462516E-16,1.,-1.11022302462516E-16));
#20740=DIRECTION('',(-1.,1.11022302462516E-16,1.38777878078144E-17));
#20750=AXIS2_PLACEMENT_3D('',#20720,#20730,#20740);
#20760=CIRCLE('',#20750,3.5);
#20770=CARTESIAN_POINT('',(-35.9959363838723,44.2308617462872,
-2.80304310968639));
#20780=VERTEX_POINT('',#20770);
#20790=EDGE_CURVE('',#20690,#20780,#20760,.T.);
#20800=ORIENTED_EDGE('',*,*,#20790,.F.);
#20810=CARTESIAN_POINT('',(-35.9959363838722,52.9,-2.80304310968641));
#20820=DIRECTION('',(1.11022302462516E-16,1.,-1.11022302462516E-16));
#20830=VECTOR('',#20820,1.);
#20840=LINE('',#20810,#20830);
#20850=CARTESIAN_POINT('',(-35.9959363838723,43.2308617462872,
-2.80304310968638));
#20860=VERTEX_POINT('',#20850);
#20870=EDGE_CURVE('',#20860,#20780,#20840,.T.);
#20880=ORIENTED_EDGE('',*,*,#20870,.T.);
#20890=CARTESIAN_POINT('',(-36.7030431570665,43.2308617462872,
-2.09593632050751));
#20900=VERTEX_POINT('',#20890);
#20910=EDGE_CURVE('',#20860,#20900,#20590,.T.);
#20920=ORIENTED_EDGE('',*,*,#20910,.F.);
#20930=CARTESIAN_POINT('',(-36.7030431570665,52.9,-2.09593632050756));
#20940=DIRECTION('',(1.11022302462516E-16,1.,-1.11022302462516E-16));
#20950=VECTOR('',#20940,1.);
#20960=LINE('',#20930,#20950);
#20970=CARTESIAN_POINT('',(-36.7030431570665,44.2308617462872,
-2.09593632050751));
#20980=VERTEX_POINT('',#20970);
#20990=EDGE_CURVE('',#20900,#20980,#20960,.T.);
#21000=ORIENTED_EDGE('',*,*,#20990,.F.);
#21010=CARTESIAN_POINT('',(-33.9,44.2308617462872,-3.5527136788005E-15))
;
#21020=DIRECTION('',(1.11022302462516E-16,1.,-1.11022302462516E-16));
#21030=DIRECTION('',(-1.,1.11022302462516E-16,1.38777878078144E-17));
#21040=AXIS2_PLACEMENT_3D('',#21010,#21020,#21030);
#21050=CIRCLE('',#21040,3.5);
#21060=CARTESIAN_POINT('',(-37.4,44.2308617462872,-2.54167373218008E-15)
);
#21070=VERTEX_POINT('',#21060);
#21080=EDGE_CURVE('',#20980,#21070,#21050,.T.);
#21090=ORIENTED_EDGE('',*,*,#21080,.F.);
#21100=CARTESIAN_POINT('',(-37.4,52.9,-3.50414142147315E-15));
#21110=DIRECTION('',(1.11022302462516E-16,1.,-1.11022302462516E-16));
#21120=VECTOR('',#21110,1.);
#21130=LINE('',#21100,#21120);
#21140=EDGE_CURVE('',#21070,#5260,#21130,.T.);
#21150=ORIENTED_EDGE('',*,*,#21140,.F.);
#21160=ORIENTED_EDGE('',*,*,#5310,.T.);
#21170=EDGE_LOOP('',(#21160,#21150,#21090,#21000,#20920,#20880,#20800,
#20710,#20630,#20540,#20460,#20370));
#21180=FACE_OUTER_BOUND('',#21170,.T.);
#21190=ADVANCED_FACE('',(#21180),#20290,.F.);
#21200=CARTESIAN_POINT('',(-59.7935305434931,43.2308617462875,
8.03682413574026));
#21210=DIRECTION('',(1.09536163144977E-14,1.,-2.07163483928791E-15));
#21220=DIRECTION('',(0.707106775659533,-9.21024336840884E-15,
-0.707106786713562));
#21230=AXIS2_PLACEMENT_3D('',#21200,#21210,#21220);
#21240=PLANE('',#21230);
#21250=CARTESIAN_POINT('',(-52.2071064474337,43.2308617462874,
17.5999999934));
#21260=DIRECTION('',(0.707106775659533,-9.27036225562006E-15,
-0.707106786713562));
#21270=VECTOR('',#21260,1.);
#21280=LINE('',#21250,#21270);
#21290=CARTESIAN_POINT('',(-36.7030430971043,43.2308617462872,
2.09593640069923));
#21300=VERTEX_POINT('',#21290);
#21310=CARTESIAN_POINT('',(-34.607106766482,43.2308617462872,
3.73117394758538E-8));
#21320=VERTEX_POINT('',#21310);
#21330=EDGE_CURVE('',#21300,#21320,#21280,.T.);
#21340=ORIENTED_EDGE('',*,*,#21330,.F.);
#21350=CARTESIAN_POINT('',(-67.8,43.2308617462875,-33.1928926773098));
#21360=DIRECTION('',(-0.707106786713562,6.27276008913213E-15,
-0.707106775659533));
#21370=VECTOR('',#21360,1.);
#21380=LINE('',#21350,#21370);
#21390=EDGE_CURVE('',#21320,#20900,#21380,.T.);
#21400=ORIENTED_EDGE('',*,*,#21390,.F.);
#21410=ORIENTED_EDGE('',*,*,#20910,.T.);
#21420=CARTESIAN_POINT('',(-67.8,43.2308617462875,-34.6071062286288));
#21430=DIRECTION('',(0.707106786713562,-6.27276008913213E-15,
0.707106775659533));
#21440=VECTOR('',#21430,1.);
#21450=LINE('',#21420,#21440);
#21460=CARTESIAN_POINT('',(-33.8999999908225,43.2308617462872,
-0.707106749401845));
#21470=VERTEX_POINT('',#21460);
#21480=EDGE_CURVE('',#20860,#21470,#21450,.T.);
#21490=ORIENTED_EDGE('',*,*,#21480,.F.);
#21500=CARTESIAN_POINT('',(-52.2071064474337,43.2308617462874,
17.5999999934));
#21510=DIRECTION('',(0.707106775659533,-9.27036225562006E-15,
-0.707106786713562));
#21520=VECTOR('',#21510,1.);
#21530=LINE('',#21500,#21520);
#21540=EDGE_CURVE('',#21470,#20610,#21530,.T.);
#21550=ORIENTED_EDGE('',*,*,#21540,.F.);
#21560=ORIENTED_EDGE('',*,*,#20620,.T.);
#21570=CARTESIAN_POINT('',(-50.7928928961147,43.2308617462874,
17.5999999934));
#21580=DIRECTION('',(-0.707106775659533,9.27036225562006E-15,
0.707106786713562));
#21590=VECTOR('',#21580,1.);
#21600=LINE('',#21570,#21590);
#21610=CARTESIAN_POINT('',(-33.1928932041089,43.2308617462872,
2.62576840270867E-8));
#21620=VERTEX_POINT('',#21610);
#21630=EDGE_CURVE('',#20520,#21620,#21600,.T.);
#21640=ORIENTED_EDGE('',*,*,#21630,.F.);
#21650=CARTESIAN_POINT('',(-67.8,43.2308617462875,-34.6071062286288));
#21660=DIRECTION('',(0.707106786713562,-6.27276008913213E-15,
0.707106775659533));
#21670=VECTOR('',#21660,1.);
#21680=LINE('',#21650,#21670);
#21690=CARTESIAN_POINT('',(-31.0969568575483,43.2308617462872,
2.09593634005301));
#21700=VERTEX_POINT('',#21690);
#21710=EDGE_CURVE('',#21620,#21700,#21680,.T.);
#21720=ORIENTED_EDGE('',*,*,#21710,.F.);
#21730=CARTESIAN_POINT('',(-31.8040636356732,43.2308617462872,
2.80304312430125));
#21740=VERTEX_POINT('',#21730);
#21750=EDGE_CURVE('',#21740,#21700,#20590,.T.);
#21760=ORIENTED_EDGE('',*,*,#21750,.T.);
#21770=CARTESIAN_POINT('',(-67.8,43.2308617462875,-33.1928926773098));
#21780=DIRECTION('',(-0.707106786713562,6.27276008913213E-15,
-0.707106775659533));
#21790=VECTOR('',#21780,1.);
#21800=LINE('',#21770,#21790);
#21810=CARTESIAN_POINT('',(-33.8999999797684,43.2308617462872,
0.707106812971258));
#21820=VERTEX_POINT('',#21810);
#21830=EDGE_CURVE('',#21740,#21820,#21800,.T.);
#21840=ORIENTED_EDGE('',*,*,#21830,.F.);
#21850=CARTESIAN_POINT('',(-50.7928928961147,43.2308617462874,
17.5999999934));
#21860=DIRECTION('',(-0.707106775659533,9.27036225562006E-15,
0.707106786713562));
#21870=VECTOR('',#21860,1.);
#21880=LINE('',#21850,#21870);
#21890=CARTESIAN_POINT('',(-35.9959363036806,43.2308617462872,
2.80304316964862));
#21900=VERTEX_POINT('',#21890);
#21910=EDGE_CURVE('',#21820,#21900,#21880,.T.);
#21920=ORIENTED_EDGE('',*,*,#21910,.F.);
#21930=EDGE_CURVE('',#21300,#21900,#20590,.T.);
#21940=ORIENTED_EDGE('',*,*,#21930,.T.);
#21950=EDGE_LOOP('',(#21940,#21920,#21840,#21760,#21720,#21640,#21560,
#21550,#21490,#21410,#21400,#21340));
#21960=FACE_OUTER_BOUND('',#21950,.T.);
#21970=ADVANCED_FACE('',(#21960),#21240,.T.);
#21980=COLOUR_RGB('',0.823529481887817,0.823529481887817,
0.784313797950745);
#21990=FILL_AREA_STYLE_COLOUR('',#21980);
#22000=FILL_AREA_STYLE('',(#21990));
#22010=SURFACE_STYLE_FILL_AREA(#22000);
#22020=SURFACE_SIDE_STYLE('',(#22010));
#22030=SURFACE_STYLE_USAGE(.BOTH.,#22020);
#22040=PRESENTATION_STYLE_ASSIGNMENT((#22030));
#22050=CARTESIAN_POINT('',(-31.8040636357158,44.2308617462872,
2.80304312425859));
#22060=DIRECTION('',(0.707106775659533,-1.10067438162868E-14,
-0.707106786713562));
#22070=DIRECTION('',(0.707106786713562,1.9778512463614E-15,
0.707106775659533));
#22080=AXIS2_PLACEMENT_3D('',#22050,#22060,#22070);
#22090=PLANE('',#22080);
#22100=CARTESIAN_POINT('',(-33.8999999797687,3.09999999999999,
0.70710681297162));
#22110=DIRECTION('',(-6.38439109103302E-15,-1.,9.1814952696627E-15));
#22120=VECTOR('',#22110,1.);
#22130=LINE('',#22100,#22120);
#22140=CARTESIAN_POINT('',(-33.8999999797684,44.2308617462872,
0.707106812971237));
#22150=VERTEX_POINT('',#22140);
#22160=EDGE_CURVE('',#22150,#21820,#22130,.T.);
#22170=ORIENTED_EDGE('',*,*,#22160,.F.);
#22180=ORIENTED_EDGE('',*,*,#21830,.T.);
#22190=CARTESIAN_POINT('',(-31.8040636356731,52.9,2.80304312430121));
#22200=DIRECTION('',(1.11022302462516E-16,1.,-1.11022302462516E-16));
#22210=VECTOR('',#22200,1.);
#22220=LINE('',#22190,#22210);
#22230=CARTESIAN_POINT('',(-31.8040636356731,44.2308617462872,
2.80304312430122));
#22240=VERTEX_POINT('',#22230);
#22250=EDGE_CURVE('',#21740,#22240,#22220,.T.);
#22260=ORIENTED_EDGE('',*,*,#22250,.F.);
#22270=CARTESIAN_POINT('',(-67.8,44.2308617462875,-33.1928926773098));
#22280=DIRECTION('',(-0.707106786713563,6.25552129465575E-15,
-0.707106775659533));
#22290=VECTOR('',#22280,1.);
#22300=LINE('',#22270,#22290);
#22310=EDGE_CURVE('',#22240,#22150,#22300,.T.);
#22320=ORIENTED_EDGE('',*,*,#22310,.F.);
#22330=EDGE_LOOP('',(#22320,#22260,#22180,#22170));
#22340=FACE_OUTER_BOUND('',#22330,.T.);
#22350=ADVANCED_FACE('',(#22340),#22090,.T.);
#22360=COLOUR_RGB('',0.823529481887817,0.823529481887817,
0.784313797950745);
#22370=FILL_AREA_STYLE_COLOUR('',#22360);
#22380=FILL_AREA_STYLE('',(#22370));
#22390=SURFACE_STYLE_FILL_AREA(#22380);
#22400=SURFACE_SIDE_STYLE('',(#22390));
#22410=SURFACE_STYLE_USAGE(.BOTH.,#22400);
#22420=PRESENTATION_STYLE_ASSIGNMENT((#22410));
#22430=CARTESIAN_POINT('',(-33.8999999797684,44.2308617462872,
0.707106812971237));
#22440=DIRECTION('',(-0.707106786713562,-1.97785124636139E-15,
-0.707106775659533));
#22450=DIRECTION('',(0.707106775659533,-1.10067438162868E-14,
-0.707106786713562));
#22460=AXIS2_PLACEMENT_3D('',#22430,#22440,#22450);
#22470=PLANE('',#22460);
#22480=CARTESIAN_POINT('',(-35.9959363036806,52.9,2.80304316964862));
#22490=DIRECTION('',(1.11022302462516E-16,1.,-1.11022302462516E-16));
#22500=VECTOR('',#22490,1.);
#22510=LINE('',#22480,#22500);
#22520=CARTESIAN_POINT('',(-35.9959363036806,44.2308617462872,
2.80304316964862));
#22530=VERTEX_POINT('',#22520);
#22540=EDGE_CURVE('',#21900,#22530,#22510,.T.);
#22550=ORIENTED_EDGE('',*,*,#22540,.T.);
#22560=ORIENTED_EDGE('',*,*,#21910,.T.);
#22570=ORIENTED_EDGE('',*,*,#22160,.T.);
#22580=CARTESIAN_POINT('',(-50.7928929027147,44.2308617462874,17.6));
#22590=DIRECTION('',(-0.707106775659533,9.21584367674489E-15,
0.707106786713563));
#22600=VECTOR('',#22590,1.);
#22610=LINE('',#22580,#22600);
#22620=EDGE_CURVE('',#22150,#22530,#22610,.T.);
#22630=ORIENTED_EDGE('',*,*,#22620,.F.);
#22640=EDGE_LOOP('',(#22630,#22570,#22560,#22550));
#22650=FACE_OUTER_BOUND('',#22640,.T.);
#22660=ADVANCED_FACE('',(#22650),#22470,.T.);
#22670=COLOUR_RGB('',0.823529481887817,0.823529481887817,
0.784313797950745);
#22680=FILL_AREA_STYLE_COLOUR('',#22670);
#22690=FILL_AREA_STYLE('',(#22680));
#22700=SURFACE_STYLE_FILL_AREA(#22690);
#22710=SURFACE_SIDE_STYLE('',(#22700));
#22720=SURFACE_STYLE_USAGE(.BOTH.,#22710);
#22730=PRESENTATION_STYLE_ASSIGNMENT((#22720));
#22740=CARTESIAN_POINT('',(-28.5731465609306,44.2308617462872,
30.5478859118344));
#22750=DIRECTION('',(1.09536163144977E-14,1.,-2.07163483928791E-15));
#22760=DIRECTION('',(0.707106775659533,-9.21024336840884E-15,
-0.707106786713562));
#22770=AXIS2_PLACEMENT_3D('',#22740,#22750,#22760);
#22780=PLANE('',#22770);
#22790=ORIENTED_EDGE('',*,*,#22620,.T.);
#22800=ORIENTED_EDGE('',*,*,#22310,.T.);
#22810=CARTESIAN_POINT('',(-33.9,44.2308617462872,-3.5527136788005E-15))
;
#22820=DIRECTION('',(1.11022302462516E-16,1.,-1.11022302462516E-16));
#22830=DIRECTION('',(-1.,1.11022302462516E-16,1.38777878078144E-17));
#22840=AXIS2_PLACEMENT_3D('',#22810,#22820,#22830);
#22850=CIRCLE('',#22840,3.5);
#22860=EDGE_CURVE('',#22530,#22240,#22850,.T.);
#22870=ORIENTED_EDGE('',*,*,#22860,.T.);
#22880=EDGE_LOOP('',(#22870,#22800,#22790));
#22890=FACE_OUTER_BOUND('',#22880,.T.);
#22900=ADVANCED_FACE('',(#22890),#22780,.T.);
#22910=COLOUR_RGB('',0.823529481887817,0.823529481887817,
0.784313797950745);
#22920=FILL_AREA_STYLE_COLOUR('',#22910);
#22930=FILL_AREA_STYLE('',(#22920));
#22940=SURFACE_STYLE_FILL_AREA(#22930);
#22950=SURFACE_SIDE_STYLE('',(#22940));
#22960=SURFACE_STYLE_USAGE(.BOTH.,#22950);
#22970=PRESENTATION_STYLE_ASSIGNMENT((#22960));
#22980=CARTESIAN_POINT('',(-33.1928932041089,44.2308617462872,
2.62576840270867E-8));
#22990=DIRECTION('',(-0.707106775659533,1.10067438162868E-14,
0.707106786713562));
#23000=DIRECTION('',(-0.707106786713562,-1.9778512463614E-15,
-0.707106775659533));
#23010=AXIS2_PLACEMENT_3D('',#22980,#22990,#23000);
#23020=PLANE('',#23010);
#23030=CARTESIAN_POINT('',(-33.8999999908227,3.09999999999999,
-0.707106749401472));
#23040=DIRECTION('',(-6.38439109103302E-15,-1.,9.1814952696627E-15));
#23050=VECTOR('',#23040,1.);
#23060=LINE('',#23030,#23050);
#23070=CARTESIAN_POINT('',(-33.8999999908225,44.2308617462872,
-0.707106749401856));
#23080=VERTEX_POINT('',#23070);
#23090=EDGE_CURVE('',#23080,#21470,#23060,.T.);
#23100=ORIENTED_EDGE('',*,*,#23090,.F.);
#23110=ORIENTED_EDGE('',*,*,#21480,.T.);
#23120=ORIENTED_EDGE('',*,*,#20870,.F.);
#23130=CARTESIAN_POINT('',(-67.8,44.2308617462875,-34.6071062286289));
#23140=DIRECTION('',(0.707106786713563,-6.25552129465575E-15,
0.707106775659533));
#23150=VECTOR('',#23140,1.);
#23160=LINE('',#23130,#23150);
#23170=EDGE_CURVE('',#20780,#23080,#23160,.T.);
#23180=ORIENTED_EDGE('',*,*,#23170,.F.);
#23190=EDGE_LOOP('',(#23180,#23120,#23110,#23100));
#23200=FACE_OUTER_BOUND('',#23190,.T.);
#23210=ADVANCED_FACE('',(#23200),#23020,.T.);
#23220=COLOUR_RGB('',0.823529481887817,0.823529481887817,
0.784313797950745);
#23230=FILL_AREA_STYLE_COLOUR('',#23220);
#23240=FILL_AREA_STYLE('',(#23230));
#23250=SURFACE_STYLE_FILL_AREA(#23240);
#23260=SURFACE_SIDE_STYLE('',(#23250));
#23270=SURFACE_STYLE_USAGE(.BOTH.,#23260);
#23280=PRESENTATION_STYLE_ASSIGNMENT((#23270));
#23290=CARTESIAN_POINT('',(-36.7030430958323,44.2308617462872,
2.0959363994273));
#23300=DIRECTION('',(0.707106786713562,1.97785124636139E-15,
0.707106775659533));
#23310=DIRECTION('',(-0.707106775659533,1.10067438162868E-14,
0.707106786713562));
#23320=AXIS2_PLACEMENT_3D('',#23290,#23300,#23310);
#23330=PLANE('',#23320);
#23340=ORIENTED_EDGE('',*,*,#20700,.T.);
#23350=ORIENTED_EDGE('',*,*,#21540,.T.);
#23360=ORIENTED_EDGE('',*,*,#23090,.T.);
#23370=CARTESIAN_POINT('',(-52.2071064540338,44.2308617462874,17.6));
#23380=DIRECTION('',(0.707106775659533,-9.21584367674489E-15,
-0.707106786713563));
#23390=VECTOR('',#23380,1.);
#23400=LINE('',#23370,#23390);
#23410=EDGE_CURVE('',#23080,#20690,#23400,.T.);
#23420=ORIENTED_EDGE('',*,*,#23410,.F.);
#23430=EDGE_LOOP('',(#23420,#23360,#23350,#23340));
#23440=FACE_OUTER_BOUND('',#23430,.T.);
#23450=ADVANCED_FACE('',(#23440),#23330,.T.);
#23460=COLOUR_RGB('',0.823529481887817,0.823529481887817,
0.784313797950745);
#23470=FILL_AREA_STYLE_COLOUR('',#23460);
#23480=FILL_AREA_STYLE('',(#23470));
#23490=SURFACE_STYLE_FILL_AREA(#23480);
#23500=SURFACE_SIDE_STYLE('',(#23490));
#23510=SURFACE_STYLE_USAGE(.BOTH.,#23500);
#23520=PRESENTATION_STYLE_ASSIGNMENT((#23510));
#23530=ORIENTED_EDGE('',*,*,#20790,.T.);
#23540=ORIENTED_EDGE('',*,*,#23410,.T.);
#23550=ORIENTED_EDGE('',*,*,#23170,.T.);
#23560=EDGE_LOOP('',(#23550,#23540,#23530));
#23570=FACE_OUTER_BOUND('',#23560,.T.);
#23580=ADVANCED_FACE('',(#23570),#22780,.T.);
#23590=COLOUR_RGB('',0.823529481887817,0.823529481887817,
0.784313797950745);
#23600=FILL_AREA_STYLE_COLOUR('',#23590);
#23610=FILL_AREA_STYLE('',(#23600));
#23620=SURFACE_STYLE_FILL_AREA(#23610);
#23630=SURFACE_SIDE_STYLE('',(#23620));
#23640=SURFACE_STYLE_USAGE(.BOTH.,#23630);
#23650=PRESENTATION_STYLE_ASSIGNMENT((#23640));
#23660=CARTESIAN_POINT('',(-34.6071067664823,3.09999999999999,
3.73120876417943E-8));
#23670=DIRECTION('',(6.38439109103302E-15,1.,-9.1814952696627E-15));
#23680=VECTOR('',#23670,1.);
#23690=LINE('',#23660,#23680);
#23700=CARTESIAN_POINT('',(-34.607106766482,44.2308617462872,
3.73117110541443E-8));
#23710=VERTEX_POINT('',#23700);
#23720=EDGE_CURVE('',#21320,#23710,#23690,.T.);
#23730=ORIENTED_EDGE('',*,*,#23720,.T.);
#23740=ORIENTED_EDGE('',*,*,#21330,.T.);
#23750=CARTESIAN_POINT('',(-36.7030430971043,52.9,2.09593640069922));
#23760=DIRECTION('',(1.11022302462516E-16,1.,-1.11022302462516E-16));
#23770=VECTOR('',#23760,1.);
#23780=LINE('',#23750,#23770);
#23790=CARTESIAN_POINT('',(-36.7030430971043,44.2308617462872,
2.09593640069923));
#23800=VERTEX_POINT('',#23790);
#23810=EDGE_CURVE('',#21300,#23800,#23780,.T.);
#23820=ORIENTED_EDGE('',*,*,#23810,.F.);
#23830=CARTESIAN_POINT('',(-52.2071064540338,44.2308617462874,17.6));
#23840=DIRECTION('',(0.707106775659533,-9.21584367674489E-15,
-0.707106786713563));
#23850=VECTOR('',#23840,1.);
#23860=LINE('',#23830,#23850);
#23870=EDGE_CURVE('',#23800,#23710,#23860,.T.);
#23880=ORIENTED_EDGE('',*,*,#23870,.F.);
#23890=EDGE_LOOP('',(#23880,#23820,#23740,#23730));
#23900=FACE_OUTER_BOUND('',#23890,.T.);
#23910=ADVANCED_FACE('',(#23900),#23330,.T.);
#23920=COLOUR_RGB('',0.823529481887817,0.823529481887817,
0.784313797950745);
#23930=FILL_AREA_STYLE_COLOUR('',#23920);
#23940=FILL_AREA_STYLE('',(#23930));
#23950=SURFACE_STYLE_FILL_AREA(#23940);
#23960=SURFACE_SIDE_STYLE('',(#23950));
#23970=SURFACE_STYLE_USAGE(.BOTH.,#23960);
#23980=PRESENTATION_STYLE_ASSIGNMENT((#23970));
#23990=ORIENTED_EDGE('',*,*,#20990,.T.);
#24000=ORIENTED_EDGE('',*,*,#21390,.T.);
#24010=ORIENTED_EDGE('',*,*,#23720,.F.);
#24020=CARTESIAN_POINT('',(-67.8,44.2308617462875,-33.1928926773098));
#24030=DIRECTION('',(-0.707106786713563,6.25552129465575E-15,
-0.707106775659533));
#24040=VECTOR('',#24030,1.);
#24050=LINE('',#24020,#24040);
#24060=EDGE_CURVE('',#23710,#20980,#24050,.T.);
#24070=ORIENTED_EDGE('',*,*,#24060,.F.);
#24080=EDGE_LOOP('',(#24070,#24010,#24000,#23990));
#24090=FACE_OUTER_BOUND('',#24080,.T.);
#24100=ADVANCED_FACE('',(#24090),#22090,.T.);
#24110=COLOUR_RGB('',0.823529481887817,0.823529481887817,
0.784313797950745);
#24120=FILL_AREA_STYLE_COLOUR('',#24110);
#24130=FILL_AREA_STYLE('',(#24120));
#24140=SURFACE_STYLE_FILL_AREA(#24130);
#24150=SURFACE_SIDE_STYLE('',(#24140));
#24160=SURFACE_STYLE_USAGE(.BOTH.,#24150);
#24170=PRESENTATION_STYLE_ASSIGNMENT((#24160));
#24180=ORIENTED_EDGE('',*,*,#21080,.T.);
#24190=ORIENTED_EDGE('',*,*,#24060,.T.);
#24200=ORIENTED_EDGE('',*,*,#23870,.T.);
#24210=EDGE_CURVE('',#21070,#23800,#21050,.T.);
#24220=ORIENTED_EDGE('',*,*,#24210,.T.);
#24230=EDGE_LOOP('',(#24220,#24200,#24190,#24180));
#24240=FACE_OUTER_BOUND('',#24230,.T.);
#24250=ADVANCED_FACE('',(#24240),#22780,.T.);
#24260=COLOUR_RGB('',0.823529481887817,0.823529481887817,
0.784313797950745);
#24270=FILL_AREA_STYLE_COLOUR('',#24260);
#24280=FILL_AREA_STYLE('',(#24270));
#24290=SURFACE_STYLE_FILL_AREA(#24280);
#24300=SURFACE_SIDE_STYLE('',(#24290));
#24310=SURFACE_STYLE_USAGE(.BOTH.,#24300);
#24320=PRESENTATION_STYLE_ASSIGNMENT((#24310));
#24330=CARTESIAN_POINT('',(-33.1928932041092,3.09999999999999,
2.62580606147367E-8));
#24340=DIRECTION('',(6.38439109103302E-15,1.,-9.1814952696627E-15));
#24350=VECTOR('',#24340,1.);
#24360=LINE('',#24330,#24350);
#24370=CARTESIAN_POINT('',(-33.1928932041089,44.2308617462872,
2.62576840270867E-8));
#24380=VERTEX_POINT('',#24370);
#24390=EDGE_CURVE('',#21620,#24380,#24360,.T.);
#24400=ORIENTED_EDGE('',*,*,#24390,.T.);
#24410=ORIENTED_EDGE('',*,*,#21630,.T.);
#24420=ORIENTED_EDGE('',*,*,#20530,.F.);
#24430=CARTESIAN_POINT('',(-50.7928929027147,44.2308617462874,17.6));
#24440=DIRECTION('',(-0.707106775659533,9.21584367674489E-15,
0.707106786713563));
#24450=VECTOR('',#24440,1.);
#24460=LINE('',#24430,#24450);
#24470=EDGE_CURVE('',#20440,#24380,#24460,.T.);
#24480=ORIENTED_EDGE('',*,*,#24470,.F.);
#24490=EDGE_LOOP('',(#24480,#24420,#24410,#24400));
#24500=FACE_OUTER_BOUND('',#24490,.T.);
#24510=ADVANCED_FACE('',(#24500),#22470,.T.);
#24520=COLOUR_RGB('',0.823529481887817,0.823529481887817,
0.784313797950745);
#24530=FILL_AREA_STYLE_COLOUR('',#24520);
#24540=FILL_AREA_STYLE('',(#24530));
#24550=SURFACE_STYLE_FILL_AREA(#24540);
#24560=SURFACE_SIDE_STYLE('',(#24550));
#24570=SURFACE_STYLE_USAGE(.BOTH.,#24560);
#24580=PRESENTATION_STYLE_ASSIGNMENT((#24570));
#24590=CARTESIAN_POINT('',(-31.0969568575483,44.2308617462872,
2.09593634005297));
#24600=VERTEX_POINT('',#24590);
#24610=EDGE_CURVE('',#24600,#20350,#20420,.T.);
#24620=ORIENTED_EDGE('',*,*,#24610,.T.);
#24630=CARTESIAN_POINT('',(-67.8,44.2308617462875,-34.6071062286289));
#24640=DIRECTION('',(0.707106786713563,-6.25552129465575E-15,
0.707106775659533));
#24650=VECTOR('',#24640,1.);
#24660=LINE('',#24630,#24650);
#24670=EDGE_CURVE('',#24380,#24600,#24660,.T.);
#24680=ORIENTED_EDGE('',*,*,#24670,.T.);
#24690=ORIENTED_EDGE('',*,*,#24470,.T.);
#24700=ORIENTED_EDGE('',*,*,#20450,.T.);
#24710=EDGE_LOOP('',(#24700,#24690,#24680,#24620));
#24720=FACE_OUTER_BOUND('',#24710,.T.);
#24730=ADVANCED_FACE('',(#24720),#22780,.T.);
#24740=COLOUR_RGB('',0.823529481887817,0.823529481887817,
0.784313797950745);
#24750=FILL_AREA_STYLE_COLOUR('',#24740);
#24760=FILL_AREA_STYLE('',(#24750));
#24770=SURFACE_STYLE_FILL_AREA(#24760);
#24780=SURFACE_SIDE_STYLE('',(#24770));
#24790=SURFACE_STYLE_USAGE(.BOTH.,#24780);
#24800=PRESENTATION_STYLE_ASSIGNMENT((#24790));
#24810=CARTESIAN_POINT('',(-31.0969568575483,52.9,2.09593634005297));
#24820=DIRECTION('',(1.11022302462516E-16,1.,-1.11022302462516E-16));
#24830=VECTOR('',#24820,1.);
#24840=LINE('',#24810,#24830);
#24850=EDGE_CURVE('',#21700,#24600,#24840,.T.);
#24860=ORIENTED_EDGE('',*,*,#24850,.T.);
#24870=ORIENTED_EDGE('',*,*,#21710,.T.);
#24880=ORIENTED_EDGE('',*,*,#24390,.F.);
#24890=ORIENTED_EDGE('',*,*,#24670,.F.);
#24900=EDGE_LOOP('',(#24890,#24880,#24870,#24860));
#24910=FACE_OUTER_BOUND('',#24900,.T.);
#24920=ADVANCED_FACE('',(#24910),#23020,.T.);
#24930=COLOUR_RGB('',0.823529481887817,0.823529481887817,
0.784313797950745);
#24940=FILL_AREA_STYLE_COLOUR('',#24930);
#24950=FILL_AREA_STYLE('',(#24940));
#24960=SURFACE_STYLE_FILL_AREA(#24950);
#24970=SURFACE_SIDE_STYLE('',(#24960));
#24980=SURFACE_STYLE_USAGE(.BOTH.,#24970);
#24990=PRESENTATION_STYLE_ASSIGNMENT((#24980));
#25000=CARTESIAN_POINT('',(-9.21580001760001,65.7,-1.7388000044));
#25010=DIRECTION('',(1.,0.,-3.08148791101958E-33));
#25020=DIRECTION('',(3.08148791101958E-33,0.,1.));
#25030=AXIS2_PLACEMENT_3D('',#25000,#25010,#25020);
#25040=PLANE('',#25030);
#25050=CARTESIAN_POINT('',(-9.21580001760001,29.0435934795858,-8.8));
#25060=DIRECTION('',(0.,1.,0.));
#25070=VECTOR('',#25060,1.);
#25080=LINE('',#25050,#25070);
#25090=CARTESIAN_POINT('',(-9.21580001760001,65.6746,-8.8));
#25100=VERTEX_POINT('',#25090);
#25110=EDGE_CURVE('',#25100,#14970,#25080,.T.);
#25120=ORIENTED_EDGE('',*,*,#25110,.T.);
#25130=CARTESIAN_POINT('',(-9.21580001760001,65.6746,8.8));
#25140=DIRECTION('',(3.08148791101958E-33,0.,1.));
#25150=VECTOR('',#25140,1.);
#25160=LINE('',#25130,#25150);
#25170=CARTESIAN_POINT('',(-9.21580001760001,65.6746,-1.7388000044));
#25180=VERTEX_POINT('',#25170);
#25190=EDGE_CURVE('',#25100,#25180,#25160,.T.);
#25200=ORIENTED_EDGE('',*,*,#25190,.F.);
#25210=CARTESIAN_POINT('',(-9.21580001760001,29.0435934795858,
-1.7388000044));
#25220=DIRECTION('',(0.,-1.,0.));
#25230=VECTOR('',#25220,1.);
#25240=LINE('',#25210,#25230);
#25250=EDGE_CURVE('',#15050,#25180,#25240,.T.);
#25260=ORIENTED_EDGE('',*,*,#25250,.T.);
#25270=ORIENTED_EDGE('',*,*,#15060,.T.);
#25280=EDGE_LOOP('',(#25270,#25260,#25200,#25120));
#25290=FACE_OUTER_BOUND('',#25280,.T.);
#25300=ADVANCED_FACE('',(#25290),#25040,.T.);
#25310=CARTESIAN_POINT('',(-9.26342816760001,65.6746,-1.56226685439999))
;
#25320=DIRECTION('',(-0.,1.,0.));
#25330=DIRECTION('',(1.,0.,0.));
#25340=AXIS2_PLACEMENT_3D('',#25310,#25320,#25330);
#25350=PLANE('',#25340);
#25360=CARTESIAN_POINT('',(-7.31080001760001,65.6746,8.8));
#25370=DIRECTION('',(-3.08148791101958E-33,0.,-1.));
#25380=VECTOR('',#25370,1.);
#25390=LINE('',#25360,#25380);
#25400=CARTESIAN_POINT('',(-7.31080001760001,65.6746,-1.7388000044));
#25410=VERTEX_POINT('',#25400);
#25420=CARTESIAN_POINT('',(-7.31080001760001,65.6746,-8.8));
#25430=VERTEX_POINT('',#25420);
#25440=EDGE_CURVE('',#25410,#25430,#25390,.T.);
#25450=ORIENTED_EDGE('',*,*,#25440,.T.);
#25460=CARTESIAN_POINT('',(0.,65.6746,-1.7388000044));
#25470=DIRECTION('',(1.,0.,0.));
#25480=VECTOR('',#25470,1.);
#25490=LINE('',#25460,#25480);
#25500=EDGE_CURVE('',#25180,#25410,#25490,.T.);
#25510=ORIENTED_EDGE('',*,*,#25500,.T.);
#25520=ORIENTED_EDGE('',*,*,#25190,.T.);
#25530=CARTESIAN_POINT('',(0.,65.6746,-8.8));
#25540=DIRECTION('',(-1.,0.,0.));
#25550=VECTOR('',#25540,1.);
#25560=LINE('',#25530,#25550);
#25570=EDGE_CURVE('',#25430,#25100,#25560,.T.);
#25580=ORIENTED_EDGE('',*,*,#25570,.T.);
#25590=EDGE_LOOP('',(#25580,#25520,#25510,#25450));
#25600=FACE_OUTER_BOUND('',#25590,.T.);
#25610=ADVANCED_FACE('',(#25600),#25350,.T.);
#25620=COLOUR_RGB('',0.211764723062515,0.580392181873322,
0.501960813999176);
#25630=FILL_AREA_STYLE_COLOUR('',#25620);
#25640=FILL_AREA_STYLE('',(#25630));
#25650=SURFACE_STYLE_FILL_AREA(#25640);
#25660=SURFACE_SIDE_STYLE('',(#25650));
#25670=SURFACE_STYLE_USAGE(.BOTH.,#25660);
#25680=PRESENTATION_STYLE_ASSIGNMENT((#25670));
#25690=CARTESIAN_POINT('',(-7.31080001760001,65.7,-8.80000000439999));
#25700=DIRECTION('',(-1.,0.,3.08148791101958E-33));
#25710=DIRECTION('',(-3.08148791101958E-33,0.,-1.));
#25720=AXIS2_PLACEMENT_3D('',#25690,#25700,#25710);
#25730=PLANE('',#25720);
#25740=CARTESIAN_POINT('',(-7.31080001760001,29.0435934795858,
-1.7388000044));
#25750=DIRECTION('',(0.,-1.,0.));
#25760=VECTOR('',#25750,1.);
#25770=LINE('',#25740,#25760);
#25780=EDGE_CURVE('',#15130,#25410,#25770,.T.);
#25790=ORIENTED_EDGE('',*,*,#25780,.F.);
#25800=ORIENTED_EDGE('',*,*,#25440,.F.);
#25810=CARTESIAN_POINT('',(-7.31080001760001,29.0435934795858,-8.8));
#25820=DIRECTION('',(0.,-1.,0.));
#25830=VECTOR('',#25820,1.);
#25840=LINE('',#25810,#25830);
#25850=EDGE_CURVE('',#15210,#25430,#25840,.T.);
#25860=ORIENTED_EDGE('',*,*,#25850,.T.);
#25870=ORIENTED_EDGE('',*,*,#15220,.T.);
#25880=EDGE_LOOP('',(#25870,#25860,#25800,#25790));
#25890=FACE_OUTER_BOUND('',#25880,.T.);
#25900=ADVANCED_FACE('',(#25890),#25730,.T.);
#25910=CARTESIAN_POINT('',(-7.31080001760001,65.7,-1.7388000044));
#25920=DIRECTION('',(0.,0.,-1.));
#25930=DIRECTION('',(1.,0.,0.));
#25940=AXIS2_PLACEMENT_3D('',#25910,#25920,#25930);
#25950=PLANE('',#25940);
#25960=ORIENTED_EDGE('',*,*,#25250,.F.);
#25970=ORIENTED_EDGE('',*,*,#25500,.F.);
#25980=ORIENTED_EDGE('',*,*,#25780,.T.);
#25990=ORIENTED_EDGE('',*,*,#15140,.T.);
#26000=EDGE_LOOP('',(#25990,#25980,#25970,#25960));
#26010=FACE_OUTER_BOUND('',#26000,.T.);
#26020=ADVANCED_FACE('',(#26010),#25950,.T.);
#26030=CARTESIAN_POINT('',(-33.9,52.9,-3.5527136788005E-15));
#26040=DIRECTION('',(1.11022302462516E-16,1.,-1.11022302462516E-16));
#26050=DIRECTION('',(-1.,1.11022302462516E-16,1.38777878078144E-17));
#26060=AXIS2_PLACEMENT_3D('',#26030,#26040,#26050);
#26070=CYLINDRICAL_SURFACE('',#26060,3.5);
#26080=ORIENTED_EDGE('',*,*,#24850,.F.);
#26090=ORIENTED_EDGE('',*,*,#24610,.F.);
#26100=ORIENTED_EDGE('',*,*,#20360,.F.);
#26110=ORIENTED_EDGE('',*,*,#5290,.T.);
#26120=ORIENTED_EDGE('',*,*,#21140,.T.);
#26130=ORIENTED_EDGE('',*,*,#24210,.F.);
#26140=ORIENTED_EDGE('',*,*,#23810,.T.);
#26150=ORIENTED_EDGE('',*,*,#21930,.F.);
#26160=ORIENTED_EDGE('',*,*,#22540,.F.);
#26170=ORIENTED_EDGE('',*,*,#22860,.F.);
#26180=ORIENTED_EDGE('',*,*,#22250,.T.);
#26190=ORIENTED_EDGE('',*,*,#21750,.F.);
#26200=EDGE_LOOP('',(#26190,#26180,#26170,#26160,#26150,#26140,#26130,
#26120,#26110,#26100,#26090,#26080));
#26210=FACE_OUTER_BOUND('',#26200,.T.);
#26220=ADVANCED_FACE('',(#26210),#26070,.F.);
#26230=CARTESIAN_POINT('',(33.9,52.9,-3.5527136788005E-15));
#26240=DIRECTION('',(1.11022302462516E-16,1.,-1.11022302462516E-16));
#26250=DIRECTION('',(-1.,1.11022302462516E-16,1.38777878078144E-17));
#26260=AXIS2_PLACEMENT_3D('',#26230,#26240,#26250);
#26270=CYLINDRICAL_SURFACE('',#26260,3.5);
#26280=ORIENTED_EDGE('',*,*,#6200,.F.);
#26290=ORIENTED_EDGE('',*,*,#20100,.F.);
#26300=ORIENTED_EDGE('',*,*,#16080,.F.);
#26310=ORIENTED_EDGE('',*,*,#10470,.T.);
#26320=ORIENTED_EDGE('',*,*,#16860,.T.);
#26330=ORIENTED_EDGE('',*,*,#19790,.F.);
#26340=ORIENTED_EDGE('',*,*,#19390,.T.);
#26350=ORIENTED_EDGE('',*,*,#17560,.F.);
#26360=ORIENTED_EDGE('',*,*,#18170,.F.);
#26370=ORIENTED_EDGE('',*,*,#18490,.F.);
#26380=ORIENTED_EDGE('',*,*,#17880,.T.);
#26390=ORIENTED_EDGE('',*,*,#17380,.F.);
#26400=EDGE_LOOP('',(#26390,#26380,#26370,#26360,#26350,#26340,#26330,
#26320,#26310,#26300,#26290,#26280));
#26410=FACE_OUTER_BOUND('',#26400,.T.);
#26420=ADVANCED_FACE('',(#26410),#26270,.F.);
#26430=CARTESIAN_POINT('',(48.,52.9,7.3));
#26440=VERTEX_POINT('',#26430);
#26450=EDGE_CURVE('',#1060,#26440,#8190,.T.);
#26460=ORIENTED_EDGE('',*,*,#26450,.T.);
#26470=ORIENTED_EDGE('',*,*,#1070,.F.);
#26480=ORIENTED_EDGE('',*,*,#11110,.F.);
#26490=CARTESIAN_POINT('',(0.,52.9,7.3));
#26500=DIRECTION('',(-1.,0.,0.));
#26510=VECTOR('',#26500,1.);
#26520=LINE('',#26490,#26510);
#26530=EDGE_CURVE('',#26440,#11080,#26520,.T.);
#26540=ORIENTED_EDGE('',*,*,#26530,.T.);
#26550=EDGE_LOOP('',(#26540,#26480,#26470,#26460));
#26560=FACE_OUTER_BOUND('',#26550,.T.);
#26570=ADVANCED_FACE('',(#26560),#10250,.F.);
#26580=CARTESIAN_POINT('',(-43.,45.1,7.3));
#26590=DIRECTION('',(0.,0.,-1.));
#26600=DIRECTION('',(-1.,0.,0.));
#26610=AXIS2_PLACEMENT_3D('',#26580,#26590,#26600);
#26620=CYLINDRICAL_SURFACE('',#26610,15.);
#26630=CARTESIAN_POINT('',(-43.,45.1,7.3));
#26640=DIRECTION('',(0.,0.,-1.));
#26650=DIRECTION('',(-1.,0.,0.));
#26660=AXIS2_PLACEMENT_3D('',#26630,#26640,#26650);
#26670=CIRCLE('',#26660,15.);
#26680=CARTESIAN_POINT('',(-58.,45.1,7.3));
#26690=VERTEX_POINT('',#26680);
#26700=CARTESIAN_POINT('',(-43.,60.1,7.3));
#26710=VERTEX_POINT('',#26700);
#26720=EDGE_CURVE('',#26690,#26710,#26670,.T.);
#26730=ORIENTED_EDGE('',*,*,#26720,.T.);
#26740=CARTESIAN_POINT('',(-58.,45.1,7.3));
#26750=DIRECTION('',(0.,0.,-1.));
#26760=VECTOR('',#26750,1.);
#26770=LINE('',#26740,#26760);
#26780=CARTESIAN_POINT('',(-58.,45.1,5.8));
#26790=VERTEX_POINT('',#26780);
#26800=EDGE_CURVE('',#26690,#26790,#26770,.T.);
#26810=ORIENTED_EDGE('',*,*,#26800,.F.);
#26820=CARTESIAN_POINT('',(-43.,45.1,5.8));
#26830=DIRECTION('',(0.,0.,-1.));
#26840=DIRECTION('',(-1.,0.,0.));
#26850=AXIS2_PLACEMENT_3D('',#26820,#26830,#26840);
#26860=CIRCLE('',#26850,15.);
#26870=CARTESIAN_POINT('',(-43.,60.1,5.8));
#26880=VERTEX_POINT('',#26870);
#26890=EDGE_CURVE('',#26790,#26880,#26860,.T.);
#26900=ORIENTED_EDGE('',*,*,#26890,.F.);
#26910=CARTESIAN_POINT('',(-43.,60.1,7.3));
#26920=DIRECTION('',(0.,0.,-1.));
#26930=VECTOR('',#26920,1.);
#26940=LINE('',#26910,#26930);
#26950=EDGE_CURVE('',#26710,#26880,#26940,.T.);
#26960=ORIENTED_EDGE('',*,*,#26950,.T.);
#26970=EDGE_LOOP('',(#26960,#26900,#26810,#26730));
#26980=FACE_OUTER_BOUND('',#26970,.T.);
#26990=ADVANCED_FACE('',(#26980),#26620,.T.);
#27000=CARTESIAN_POINT('',(-50.,13.66325381567,7.3));
#27010=DIRECTION('',(0.,0.,-1.));
#27020=DIRECTION('',(-0.17364817767156,-0.984807753011392,0.));
#27030=AXIS2_PLACEMENT_3D('',#27000,#27010,#27020);
#27040=CYLINDRICAL_SURFACE('',#27030,8.);
#27050=CARTESIAN_POINT('',(-50.,13.66325381567,7.3));
#27060=DIRECTION('',(0.,0.,-1.));
#27070=DIRECTION('',(-0.17364817767156,-0.984807753011392,0.));
#27080=AXIS2_PLACEMENT_3D('',#27050,#27060,#27070);
#27090=CIRCLE('',#27080,8.);
#27100=CARTESIAN_POINT('',(-51.3891854213532,5.78479179157933,7.3));
#27110=VERTEX_POINT('',#27100);
#27120=CARTESIAN_POINT('',(-58.,13.66325381567,7.3));
#27130=VERTEX_POINT('',#27120);
#27140=EDGE_CURVE('',#27110,#27130,#27090,.T.);
#27150=ORIENTED_EDGE('',*,*,#27140,.T.);
#27160=CARTESIAN_POINT('',(-51.3891854213532,5.78479179157933,7.3));
#27170=DIRECTION('',(0.,0.,-1.));
#27180=VECTOR('',#27170,1.);
#27190=LINE('',#27160,#27180);
#27200=CARTESIAN_POINT('',(-51.389185421353,5.78479179158023,5.8));
#27210=VERTEX_POINT('',#27200);
#27220=EDGE_CURVE('',#27110,#27210,#27190,.T.);
#27230=ORIENTED_EDGE('',*,*,#27220,.F.);
#27240=CARTESIAN_POINT('',(-50.,13.66325381567,5.8));
#27250=DIRECTION('',(0.,0.,-1.));
#27260=DIRECTION('',(-0.17364817767156,-0.984807753011392,0.));
#27270=AXIS2_PLACEMENT_3D('',#27240,#27250,#27260);
#27280=CIRCLE('',#27270,8.);
#27290=CARTESIAN_POINT('',(-58.,13.66325381567,5.8));
#27300=VERTEX_POINT('',#27290);
#27310=EDGE_CURVE('',#27210,#27300,#27280,.T.);
#27320=ORIENTED_EDGE('',*,*,#27310,.F.);
#27330=CARTESIAN_POINT('',(-58.,13.66325381567,7.3));
#27340=DIRECTION('',(0.,0.,-1.));
#27350=VECTOR('',#27340,1.);
#27360=LINE('',#27330,#27350);
#27370=EDGE_CURVE('',#27130,#27300,#27360,.T.);
#27380=ORIENTED_EDGE('',*,*,#27370,.T.);
#27390=EDGE_LOOP('',(#27380,#27320,#27230,#27150));
#27400=FACE_OUTER_BOUND('',#27390,.T.);
#27410=ADVANCED_FACE('',(#27400),#27040,.T.);
#27420=CARTESIAN_POINT('',(-53.,29.0435934795858,5.8));
#27430=DIRECTION('',(0.,0.,1.));
#27440=DIRECTION('',(1.,0.,0.));
#27450=AXIS2_PLACEMENT_3D('',#27420,#27430,#27440);
#27460=PLANE('',#27450);
#27470=ORIENTED_EDGE('',*,*,#27310,.T.);
#27480=CARTESIAN_POINT('',(0.,-3.27650811483291,5.8));
#27490=DIRECTION('',(-0.984807753012213,0.173648177666902,0.));
#27500=VECTOR('',#27490,1.);
#27510=LINE('',#27480,#27500);
#27520=CARTESIAN_POINT('',(-42.,4.12922507492138,5.8));
#27530=VERTEX_POINT('',#27520);
#27540=EDGE_CURVE('',#27530,#27210,#27510,.T.);
#27550=ORIENTED_EDGE('',*,*,#27540,.T.);
#27560=CARTESIAN_POINT('',(-42.,29.0435934795858,5.8));
#27570=DIRECTION('',(0.,-1.,0.));
#27580=VECTOR('',#27570,1.);
#27590=LINE('',#27560,#27580);
#27600=CARTESIAN_POINT('',(-42.,48.1,5.8));
#27610=VERTEX_POINT('',#27600);
#27620=EDGE_CURVE('',#27610,#27530,#27590,.T.);
#27630=ORIENTED_EDGE('',*,*,#27620,.T.);
#27640=CARTESIAN_POINT('',(0.,48.1,5.8));
#27650=DIRECTION('',(-1.,0.,0.));
#27660=VECTOR('',#27650,1.);
#27670=LINE('',#27640,#27660);
#27680=CARTESIAN_POINT('',(-48.,48.1,5.8));
#27690=VERTEX_POINT('',#27680);
#27700=EDGE_CURVE('',#27610,#27690,#27670,.T.);
#27710=ORIENTED_EDGE('',*,*,#27700,.F.);
#27720=CARTESIAN_POINT('',(-48.,29.0435934795858,5.8));
#27730=DIRECTION('',(0.,1.,0.));
#27740=VECTOR('',#27730,1.);
#27750=LINE('',#27720,#27740);
#27760=EDGE_CURVE('',#27690,#5080,#27750,.T.);
#27770=ORIENTED_EDGE('',*,*,#27760,.F.);
#27780=ORIENTED_EDGE('',*,*,#5090,.T.);
#27790=ORIENTED_EDGE('',*,*,#5660,.T.);
#27800=CARTESIAN_POINT('',(-43.,60.1,5.8));
#27810=DIRECTION('',(1.,0.,0.));
#27820=VECTOR('',#27810,1.);
#27830=LINE('',#27800,#27820);
#27840=EDGE_CURVE('',#26880,#5590,#27830,.T.);
#27850=ORIENTED_EDGE('',*,*,#27840,.T.);
#27860=ORIENTED_EDGE('',*,*,#26890,.T.);
#27870=CARTESIAN_POINT('',(-58.,29.0435934795858,5.8));
#27880=DIRECTION('',(0.,1.,0.));
#27890=VECTOR('',#27880,1.);
#27900=LINE('',#27870,#27890);
#27910=EDGE_CURVE('',#27300,#26790,#27900,.T.);
#27920=ORIENTED_EDGE('',*,*,#27910,.T.);
#27930=EDGE_LOOP('',(#27920,#27860,#27850,#27790,#27780,#27770,#27710,
#27630,#27550,#27470));
#27940=FACE_OUTER_BOUND('',#27930,.T.);
#27950=ADVANCED_FACE('',(#27940),#27460,.F.);
#27960=CARTESIAN_POINT('',(-58.,13.66325381567,7.3));
#27970=DIRECTION('',(1.,0.,0.));
#27980=DIRECTION('',(0.,-1.,0.));
#27990=AXIS2_PLACEMENT_3D('',#27960,#27970,#27980);
#28000=PLANE('',#27990);
#28010=CARTESIAN_POINT('',(-58.,13.66325381567,7.3));
#28020=DIRECTION('',(0.,1.,0.));
#28030=VECTOR('',#28020,1.);
#28040=LINE('',#28010,#28030);
#28050=EDGE_CURVE('',#27130,#26690,#28040,.T.);
#28060=ORIENTED_EDGE('',*,*,#28050,.T.);
#28070=ORIENTED_EDGE('',*,*,#27370,.F.);
#28080=ORIENTED_EDGE('',*,*,#27910,.F.);
#28090=ORIENTED_EDGE('',*,*,#26800,.T.);
#28100=EDGE_LOOP('',(#28090,#28080,#28070,#28060));
#28110=FACE_OUTER_BOUND('',#28100,.T.);
#28120=ADVANCED_FACE('',(#28110),#28000,.F.);
#28130=CARTESIAN_POINT('',(-48.,5.18718695917165,8.8));
#28140=DIRECTION('',(1.,0.,0.));
#28150=DIRECTION('',(0.,-1.,0.));
#28160=AXIS2_PLACEMENT_3D('',#28130,#28140,#28150);
#28170=PLANE('',#28160);
#28180=ORIENTED_EDGE('',*,*,#4150,.T.);
#28190=ORIENTED_EDGE('',*,*,#5150,.T.);
#28200=ORIENTED_EDGE('',*,*,#27760,.T.);
#28210=CARTESIAN_POINT('',(-48.,48.1,8.8));
#28220=DIRECTION('',(0.,0.,1.));
#28230=VECTOR('',#28220,1.);
#28240=LINE('',#28210,#28230);
#28250=EDGE_CURVE('',#4140,#27690,#28240,.T.);
#28260=ORIENTED_EDGE('',*,*,#28250,.T.);
#28270=EDGE_LOOP('',(#28260,#28200,#28190,#28180));
#28280=FACE_OUTER_BOUND('',#28270,.T.);
#28290=ADVANCED_FACE('',(#28280),#28170,.F.);
#28300=CARTESIAN_POINT('',(-53.,29.0435934795858,7.3));
#28310=DIRECTION('',(0.,0.,1.));
#28320=DIRECTION('',(1.,0.,0.));
#28330=AXIS2_PLACEMENT_3D('',#28300,#28310,#28320);
#28340=PLANE('',#28330);
#28350=ORIENTED_EDGE('',*,*,#28050,.F.);
#28360=ORIENTED_EDGE('',*,*,#26720,.F.);
#28370=CARTESIAN_POINT('',(-43.,60.1,7.3));
#28380=DIRECTION('',(1.,0.,0.));
#28390=VECTOR('',#28380,1.);
#28400=LINE('',#28370,#28390);
#28410=EDGE_CURVE('',#26710,#5510,#28400,.T.);
#28420=ORIENTED_EDGE('',*,*,#28410,.F.);
#28430=ORIENTED_EDGE('',*,*,#5520,.F.);
#28440=CARTESIAN_POINT('',(0.,52.9,7.3));
#28450=DIRECTION('',(-1.,0.,0.));
#28460=VECTOR('',#28450,1.);
#28470=LINE('',#28440,#28460);
#28480=CARTESIAN_POINT('',(-48.,52.9,7.3));
#28490=VERTEX_POINT('',#28480);
#28500=EDGE_CURVE('',#5430,#28490,#28470,.T.);
#28510=ORIENTED_EDGE('',*,*,#28500,.F.);
#28520=CARTESIAN_POINT('',(-48.,29.0435934795858,7.3));
#28530=DIRECTION('',(0.,-1.,0.));
#28540=VECTOR('',#28530,1.);
#28550=LINE('',#28520,#28540);
#28560=CARTESIAN_POINT('',(-47.9999999999999,5.18718695917199,7.3));
#28570=VERTEX_POINT('',#28560);
#28580=EDGE_CURVE('',#28490,#28570,#28550,.T.);
#28590=ORIENTED_EDGE('',*,*,#28580,.F.);
#28600=CARTESIAN_POINT('',(-48.,5.18718695917107,7.3));
#28610=DIRECTION('',(-0.984807753012213,0.173648177666902,0.));
#28620=VECTOR('',#28610,1.);
#28630=LINE('',#28600,#28620);
#28640=EDGE_CURVE('',#28570,#27110,#28630,.T.);
#28650=ORIENTED_EDGE('',*,*,#28640,.F.);
#28660=ORIENTED_EDGE('',*,*,#27140,.F.);
#28670=EDGE_LOOP('',(#28660,#28650,#28590,#28510,#28430,#28420,#28360,
#28350));
#28680=FACE_OUTER_BOUND('',#28670,.T.);
#28690=ADVANCED_FACE('',(#28680),#28340,.T.);
#28700=CARTESIAN_POINT('',(-48.,5.18718695917165,8.8));
#28710=DIRECTION('',(1.,0.,0.));
#28720=DIRECTION('',(0.,-1.,0.));
#28730=AXIS2_PLACEMENT_3D('',#28700,#28710,#28720);
#28740=PLANE('',#28730);
#28750=CARTESIAN_POINT('',(-48.,52.9,8.8));
#28760=DIRECTION('',(0.,0.,-1.));
#28770=VECTOR('',#28760,1.);
#28780=LINE('',#28750,#28770);
#28790=EDGE_CURVE('',#110,#28490,#28780,.T.);
#28800=ORIENTED_EDGE('',*,*,#28790,.T.);
#28810=ORIENTED_EDGE('',*,*,#140,.F.);
#28820=CARTESIAN_POINT('',(-48.,5.18718695917165,8.8));
#28830=DIRECTION('',(0.,0.,-1.));
#28840=VECTOR('',#28830,1.);
#28850=LINE('',#28820,#28840);
#28860=EDGE_CURVE('',#130,#28570,#28850,.T.);
#28870=ORIENTED_EDGE('',*,*,#28860,.F.);
#28880=ORIENTED_EDGE('',*,*,#28580,.T.);
#28890=EDGE_LOOP('',(#28880,#28870,#28810,#28800));
#28900=FACE_OUTER_BOUND('',#28890,.T.);
#28910=ADVANCED_FACE('',(#28900),#28740,.F.);
#28920=CARTESIAN_POINT('',(-48.,52.9,8.8));
#28930=DIRECTION('',(-0.,-1.,-0.));
#28940=DIRECTION('',(-1.,0.,0.));
#28950=AXIS2_PLACEMENT_3D('',#28920,#28930,#28940);
#28960=PLANE('',#28950);
#28970=ORIENTED_EDGE('',*,*,#5440,.T.);
#28980=ORIENTED_EDGE('',*,*,#220,.F.);
#28990=ORIENTED_EDGE('',*,*,#28790,.F.);
#29000=ORIENTED_EDGE('',*,*,#28500,.T.);
#29010=EDGE_LOOP('',(#29000,#28990,#28980,#28970));
#29020=FACE_OUTER_BOUND('',#29010,.T.);
#29030=ADVANCED_FACE('',(#29020),#28960,.F.);
#29040=CARTESIAN_POINT('',(-50.,13.66325381567,-5.8));
#29050=DIRECTION('',(0.,0.,-1.));
#29060=DIRECTION('',(-0.173648177672856,-0.984807753011163,0.));
#29070=AXIS2_PLACEMENT_3D('',#29040,#29050,#29060);
#29080=CYLINDRICAL_SURFACE('',#29070,8.);
#29090=ORIENTED_EDGE('',*,*,#4480,.T.);
#29100=CARTESIAN_POINT('',(-51.389185421361,5.78479179158121,-5.8));
#29110=DIRECTION('',(0.,0.,-1.));
#29120=VECTOR('',#29110,1.);
#29130=LINE('',#29100,#29120);
#29140=EDGE_CURVE('',#4380,#7060,#29130,.T.);
#29150=ORIENTED_EDGE('',*,*,#29140,.F.);
#29160=ORIENTED_EDGE('',*,*,#7070,.F.);
#29170=CARTESIAN_POINT('',(-58.,13.66325381567,-5.8));
#29180=DIRECTION('',(0.,0.,-1.));
#29190=VECTOR('',#29180,1.);
#29200=LINE('',#29170,#29190);
#29210=EDGE_CURVE('',#4470,#6970,#29200,.T.);
#29220=ORIENTED_EDGE('',*,*,#29210,.T.);
#29230=EDGE_LOOP('',(#29220,#29160,#29150,#29090));
#29240=FACE_OUTER_BOUND('',#29230,.T.);
#29250=ADVANCED_FACE('',(#29240),#29080,.T.);
#29260=CARTESIAN_POINT('',(-42.,40.6067751359709,7.04013896052216));
#29270=DIRECTION('',(-1.,0.,0.));
#29280=DIRECTION('',(0.,1.,0.));
#29290=AXIS2_PLACEMENT_3D('',#29260,#29270,#29280);
#29300=PLANE('',#29290);
#29310=CARTESIAN_POINT('',(-42.,29.0435934795858,-4.5));
#29320=DIRECTION('',(0.,1.,0.));
#29330=VECTOR('',#29320,1.);
#29340=LINE('',#29310,#29330);
#29350=CARTESIAN_POINT('',(-42.,23.3,-4.5));
#29360=VERTEX_POINT('',#29350);
#29370=CARTESIAN_POINT('',(-42.,27.3,-4.5));
#29380=VERTEX_POINT('',#29370);
#29390=EDGE_CURVE('',#29360,#29380,#29340,.T.);
#29400=ORIENTED_EDGE('',*,*,#29390,.T.);
#29410=CARTESIAN_POINT('',(-42.,23.3,0.));
#29420=DIRECTION('',(1.,0.,0.));
#29430=DIRECTION('',(0.,0.,1.));
#29440=AXIS2_PLACEMENT_3D('',#29410,#29420,#29430);
#29450=CIRCLE('',#29440,4.5);
#29460=CARTESIAN_POINT('',(-42.,23.3,4.5));
#29470=VERTEX_POINT('',#29460);
#29480=EDGE_CURVE('',#29470,#29360,#29450,.T.);
#29490=ORIENTED_EDGE('',*,*,#29480,.T.);
#29500=CARTESIAN_POINT('',(-42.,29.0435934795858,4.5));
#29510=DIRECTION('',(0.,-1.,0.));
#29520=VECTOR('',#29510,1.);
#29530=LINE('',#29500,#29520);
#29540=CARTESIAN_POINT('',(-42.,27.3,4.5));
#29550=VERTEX_POINT('',#29540);
#29560=EDGE_CURVE('',#29550,#29470,#29530,.T.);
#29570=ORIENTED_EDGE('',*,*,#29560,.T.);
#29580=CARTESIAN_POINT('',(-42.,27.3,8.8));
#29590=DIRECTION('',(0.,0.,1.));
#29600=VECTOR('',#29590,1.);
#29610=LINE('',#29580,#29600);
#29620=EDGE_CURVE('',#29380,#29550,#29610,.T.);
#29630=ORIENTED_EDGE('',*,*,#29620,.T.);
#29640=EDGE_LOOP('',(#29630,#29570,#29490,#29400));
#29650=FACE_BOUND('',#29640,.T.);
#29660=CARTESIAN_POINT('',(-42.,48.1,8.8));
#29670=DIRECTION('',(0.,0.,-1.));
#29680=VECTOR('',#29670,1.);
#29690=LINE('',#29660,#29680);
#29700=EDGE_CURVE('',#27610,#4220,#29690,.T.);
#29710=ORIENTED_EDGE('',*,*,#29700,.T.);
#29720=ORIENTED_EDGE('',*,*,#27620,.F.);
#29730=CARTESIAN_POINT('',(-42.,4.12922507492138,8.8));
#29740=DIRECTION('',(0.,0.,1.));
#29750=VECTOR('',#29740,1.);
#29760=LINE('',#29730,#29750);
#29770=EDGE_CURVE('',#4300,#27530,#29760,.T.);
#29780=ORIENTED_EDGE('',*,*,#29770,.T.);
#29790=ORIENTED_EDGE('',*,*,#4310,.F.);
#29800=EDGE_LOOP('',(#29790,#29780,#29720,#29710));
#29810=FACE_OUTER_BOUND('',#29800,.T.);
#29820=ADVANCED_FACE('',(#29650,#29810),#29300,.T.);
#29830=CARTESIAN_POINT('',(-28.,23.05,0.));
#29840=DIRECTION('',(-1.,0.,0.));
#29850=DIRECTION('',(0.,0.,1.));
#29860=AXIS2_PLACEMENT_3D('',#29830,#29840,#29850);
#29870=PLANE('',#29860);
#29880=CARTESIAN_POINT('',(-28.,23.3,-4.5));
#29890=DIRECTION('',(0.,1.,0.));
#29900=VECTOR('',#29890,1.);
#29910=LINE('',#29880,#29900);
#29920=CARTESIAN_POINT('',(-28.,23.3,-4.5));
#29930=VERTEX_POINT('',#29920);
#29940=CARTESIAN_POINT('',(-28.,27.3,-4.5));
#29950=VERTEX_POINT('',#29940);
#29960=EDGE_CURVE('',#29930,#29950,#29910,.T.);
#29970=ORIENTED_EDGE('',*,*,#29960,.F.);
#29980=CARTESIAN_POINT('',(-28.,27.3,-4.5));
#29990=DIRECTION('',(0.,0.,1.));
#30000=VECTOR('',#29990,1.);
#30010=LINE('',#29980,#30000);
#30020=CARTESIAN_POINT('',(-28.,27.3,4.5));
#30030=VERTEX_POINT('',#30020);
#30040=EDGE_CURVE('',#29950,#30030,#30010,.T.);
#30050=ORIENTED_EDGE('',*,*,#30040,.F.);
#30060=CARTESIAN_POINT('',(-28.,27.3,4.5));
#30070=DIRECTION('',(0.,-1.,0.));
#30080=VECTOR('',#30070,1.);
#30090=LINE('',#30060,#30080);
#30100=CARTESIAN_POINT('',(-28.,23.3,4.5));
#30110=VERTEX_POINT('',#30100);
#30120=EDGE_CURVE('',#30030,#30110,#30090,.T.);
#30130=ORIENTED_EDGE('',*,*,#30120,.F.);
#30140=CARTESIAN_POINT('',(-28.,23.3,0.));
#30150=DIRECTION('',(1.,0.,0.));
#30160=DIRECTION('',(0.,0.,1.));
#30170=AXIS2_PLACEMENT_3D('',#30140,#30150,#30160);
#30180=CIRCLE('',#30170,4.5);
#30190=EDGE_CURVE('',#30110,#29930,#30180,.T.);
#30200=ORIENTED_EDGE('',*,*,#30190,.F.);
#30210=EDGE_LOOP('',(#30200,#30130,#30050,#29970));
#30220=FACE_OUTER_BOUND('',#30210,.T.);
#30230=ADVANCED_FACE('',(#30220),#29870,.T.);
#30240=COLOUR_RGB('',0.823529481887817,0.823529481887817,
0.784313797950745);
#30250=FILL_AREA_STYLE_COLOUR('',#30240);
#30260=FILL_AREA_STYLE('',(#30250));
#30270=SURFACE_STYLE_FILL_AREA(#30260);
#30280=SURFACE_SIDE_STYLE('',(#30270));
#30290=SURFACE_STYLE_USAGE(.BOTH.,#30280);
#30300=PRESENTATION_STYLE_ASSIGNMENT((#30290));
#30310=CARTESIAN_POINT('',(-38.7,27.3,-4.5));
#30320=DIRECTION('',(0.,1.,0.));
#30330=DIRECTION('',(0.,0.,1.));
#30340=AXIS2_PLACEMENT_3D('',#30310,#30320,#30330);
#30350=PLANE('',#30340);
#30360=CARTESIAN_POINT('',(-38.7,27.3,4.5));
#30370=DIRECTION('',(-1.,0.,0.));
#30380=VECTOR('',#30370,1.);
#30390=LINE('',#30360,#30380);
#30400=EDGE_CURVE('',#30030,#29550,#30390,.T.);
#30410=ORIENTED_EDGE('',*,*,#30400,.T.);
#30420=ORIENTED_EDGE('',*,*,#30040,.T.);
#30430=CARTESIAN_POINT('',(-38.7,27.3,-4.5));
#30440=DIRECTION('',(-1.,0.,0.));
#30450=VECTOR('',#30440,1.);
#30460=LINE('',#30430,#30450);
#30470=EDGE_CURVE('',#29950,#29380,#30460,.T.);
#30480=ORIENTED_EDGE('',*,*,#30470,.F.);
#30490=ORIENTED_EDGE('',*,*,#29620,.F.);
#30500=EDGE_LOOP('',(#30490,#30480,#30420,#30410));
#30510=FACE_OUTER_BOUND('',#30500,.T.);
#30520=ADVANCED_FACE('',(#30510),#30350,.F.);
#30530=COLOUR_RGB('',0.823529481887817,0.823529481887817,
0.784313797950745);
#30540=FILL_AREA_STYLE_COLOUR('',#30530);
#30550=FILL_AREA_STYLE('',(#30540));
#30560=SURFACE_STYLE_FILL_AREA(#30550);
#30570=SURFACE_SIDE_STYLE('',(#30560));
#30580=SURFACE_STYLE_USAGE(.BOTH.,#30570);
#30590=PRESENTATION_STYLE_ASSIGNMENT((#30580));
#30600=CARTESIAN_POINT('',(-38.7,23.3,-4.5));
#30610=DIRECTION('',(0.,0.,-1.));
#30620=DIRECTION('',(0.,1.,0.));
#30630=AXIS2_PLACEMENT_3D('',#30600,#30610,#30620);
#30640=PLANE('',#30630);
#30650=ORIENTED_EDGE('',*,*,#30470,.T.);
#30660=ORIENTED_EDGE('',*,*,#29960,.T.);
#30670=CARTESIAN_POINT('',(-38.7,23.3,-4.5));
#30680=DIRECTION('',(-1.,0.,0.));
#30690=VECTOR('',#30680,1.);
#30700=LINE('',#30670,#30690);
#30710=EDGE_CURVE('',#29930,#29360,#30700,.T.);
#30720=ORIENTED_EDGE('',*,*,#30710,.F.);
#30730=ORIENTED_EDGE('',*,*,#29390,.F.);
#30740=EDGE_LOOP('',(#30730,#30720,#30660,#30650));
#30750=FACE_OUTER_BOUND('',#30740,.T.);
#30760=ADVANCED_FACE('',(#30750),#30640,.F.);
#30770=COLOUR_RGB('',0.823529481887817,0.823529481887817,
0.784313797950745);
#30780=FILL_AREA_STYLE_COLOUR('',#30770);
#30790=FILL_AREA_STYLE('',(#30780));
#30800=SURFACE_STYLE_FILL_AREA(#30790);
#30810=SURFACE_SIDE_STYLE('',(#30800));
#30820=SURFACE_STYLE_USAGE(.BOTH.,#30810);
#30830=PRESENTATION_STYLE_ASSIGNMENT((#30820));
#30840=CARTESIAN_POINT('',(-38.7,23.3,0.));
#30850=DIRECTION('',(1.,0.,0.));
#30860=DIRECTION('',(0.,0.,1.));
#30870=AXIS2_PLACEMENT_3D('',#30840,#30850,#30860);
#30880=CYLINDRICAL_SURFACE('',#30870,4.5);
#30890=ORIENTED_EDGE('',*,*,#30710,.T.);
#30900=ORIENTED_EDGE('',*,*,#30190,.T.);
#30910=CARTESIAN_POINT('',(-38.7,23.3,4.5));
#30920=DIRECTION('',(-1.,0.,0.));
#30930=VECTOR('',#30920,1.);
#30940=LINE('',#30910,#30930);
#30950=EDGE_CURVE('',#30110,#29470,#30940,.T.);
#30960=ORIENTED_EDGE('',*,*,#30950,.F.);
#30970=ORIENTED_EDGE('',*,*,#29480,.F.);
#30980=EDGE_LOOP('',(#30970,#30960,#30900,#30890));
#30990=FACE_OUTER_BOUND('',#30980,.T.);
#31000=ADVANCED_FACE('',(#30990),#30880,.F.);
#31010=COLOUR_RGB('',0.823529481887817,0.823529481887817,
0.784313797950745);
#31020=FILL_AREA_STYLE_COLOUR('',#31010);
#31030=FILL_AREA_STYLE('',(#31020));
#31040=SURFACE_STYLE_FILL_AREA(#31030);
#31050=SURFACE_SIDE_STYLE('',(#31040));
#31060=SURFACE_STYLE_USAGE(.BOTH.,#31050);
#31070=PRESENTATION_STYLE_ASSIGNMENT((#31060));
#31080=CARTESIAN_POINT('',(-38.7,27.3,4.5));
#31090=DIRECTION('',(-0.,0.,1.));
#31100=DIRECTION('',(0.,-1.,0.));
#31110=AXIS2_PLACEMENT_3D('',#31080,#31090,#31100);
#31120=PLANE('',#31110);
#31130=ORIENTED_EDGE('',*,*,#30950,.T.);
#31140=ORIENTED_EDGE('',*,*,#30120,.T.);
#31150=ORIENTED_EDGE('',*,*,#30400,.F.);
#31160=ORIENTED_EDGE('',*,*,#29560,.F.);
#31170=EDGE_LOOP('',(#31160,#31150,#31140,#31130));
#31180=FACE_OUTER_BOUND('',#31170,.T.);
#31190=ADVANCED_FACE('',(#31180),#31120,.F.);
#31200=COLOUR_RGB('',0.823529481887817,0.823529481887817,
0.784313797950745);
#31210=FILL_AREA_STYLE_COLOUR('',#31200);
#31220=FILL_AREA_STYLE('',(#31210));
#31230=SURFACE_STYLE_FILL_AREA(#31220);
#31240=SURFACE_SIDE_STYLE('',(#31230));
#31250=SURFACE_STYLE_USAGE(.BOTH.,#31240);
#31260=PRESENTATION_STYLE_ASSIGNMENT((#31250));
#31270=CARTESIAN_POINT('',(-43.,60.1,7.3));
#31280=DIRECTION('',(-0.,-1.,-0.));
#31290=DIRECTION('',(-1.,0.,0.));
#31300=AXIS2_PLACEMENT_3D('',#31270,#31280,#31290);
#31310=PLANE('',#31300);
#31320=ORIENTED_EDGE('',*,*,#28410,.T.);
#31330=ORIENTED_EDGE('',*,*,#26950,.F.);
#31340=ORIENTED_EDGE('',*,*,#27840,.F.);
#31350=ORIENTED_EDGE('',*,*,#5600,.T.);
#31360=EDGE_LOOP('',(#31350,#31340,#31330,#31320));
#31370=FACE_OUTER_BOUND('',#31360,.T.);
#31380=ADVANCED_FACE('',(#31370),#31310,.F.);
#31390=CARTESIAN_POINT('',(-58.,13.66325381567,-5.8));
#31400=DIRECTION('',(1.,0.,0.));
#31410=DIRECTION('',(0.,-1.,0.));
#31420=AXIS2_PLACEMENT_3D('',#31390,#31400,#31410);
#31430=PLANE('',#31420);
#31440=ORIENTED_EDGE('',*,*,#4540,.F.);
#31450=ORIENTED_EDGE('',*,*,#29210,.F.);
#31460=ORIENTED_EDGE('',*,*,#6980,.T.);
#31470=ORIENTED_EDGE('',*,*,#7700,.T.);
#31480=EDGE_LOOP('',(#31470,#31460,#31450,#31440));
#31490=FACE_OUTER_BOUND('',#31480,.T.);
#31500=ADVANCED_FACE('',(#31490),#31430,.F.);
#31510=CARTESIAN_POINT('',(0.,29.0435934795858,-8.8));
#31520=DIRECTION('',(0.,0.,1.));
#31530=DIRECTION('',(1.,0.,0.));
#31540=AXIS2_PLACEMENT_3D('',#31510,#31520,#31530);
#31550=PLANE('',#31540);
#31560=CARTESIAN_POINT('',(-40.7,3.90000000000042,-8.8));
#31570=DIRECTION('',(-0.984807753012213,0.173648177666902,0.));
#31580=VECTOR('',#31570,1.);
#31590=LINE('',#31560,#31580);
#31600=CARTESIAN_POINT('',(-40.7,3.90000000000041,-8.8));
#31610=VERTEX_POINT('',#31600);
#31620=EDGE_CURVE('',#31610,#7880,#31590,.T.);
#31630=ORIENTED_EDGE('',*,*,#31620,.T.);
#31640=CARTESIAN_POINT('',(-40.7,1.32245235531327,-8.8));
#31650=DIRECTION('',(0.,1.,0.));
#31660=VECTOR('',#31650,1.);
#31670=LINE('',#31640,#31660);
#31680=CARTESIAN_POINT('',(-40.7,1.32245235531326,-8.8));
#31690=VERTEX_POINT('',#31680);
#31700=EDGE_CURVE('',#31690,#31610,#31670,.T.);
#31710=ORIENTED_EDGE('',*,*,#31700,.T.);
#31720=CARTESIAN_POINT('',(-33.2,0.,-8.8));
#31730=DIRECTION('',(-0.984807753012213,0.173648177666902,0.));
#31740=VECTOR('',#31730,1.);
#31750=LINE('',#31720,#31740);
#31760=CARTESIAN_POINT('',(-33.2,0.,-8.8));
#31770=VERTEX_POINT('',#31760);
#31780=EDGE_CURVE('',#31770,#31690,#31750,.T.);
#31790=ORIENTED_EDGE('',*,*,#31780,.T.);
#31800=CARTESIAN_POINT('',(-25.2000000000037,0.,-8.8));
#31810=DIRECTION('',(-1.,0.,0.));
#31820=VECTOR('',#31810,1.);
#31830=LINE('',#31800,#31820);
#31840=CARTESIAN_POINT('',(-25.2000000000018,0.,-8.8));
#31850=VERTEX_POINT('',#31840);
#31860=EDGE_CURVE('',#31850,#31770,#31830,.T.);
#31870=ORIENTED_EDGE('',*,*,#31860,.T.);
#31880=CARTESIAN_POINT('',(-15.2,1.763269807085,-8.8));
#31890=DIRECTION('',(-0.984807753012213,-0.173648177666902,0.));
#31900=VECTOR('',#31890,1.);
#31910=LINE('',#31880,#31900);
#31920=CARTESIAN_POINT('',(-15.2,1.763269807085,-8.8));
#31930=VERTEX_POINT('',#31920);
#31940=EDGE_CURVE('',#31930,#31850,#31910,.T.);
#31950=ORIENTED_EDGE('',*,*,#31940,.T.);
#31960=CARTESIAN_POINT('',(-15.2,2.94115427318794,-8.8));
#31970=DIRECTION('',(0.,-1.,0.));
#31980=VECTOR('',#31970,1.);
#31990=LINE('',#31960,#31980);
#32000=CARTESIAN_POINT('',(-15.2,2.94115427318797,-8.8));
#32010=VERTEX_POINT('',#32000);
#32020=EDGE_CURVE('',#32010,#31930,#31990,.T.);
#32030=ORIENTED_EDGE('',*,*,#32020,.T.);
#32040=CARTESIAN_POINT('',(-17.9,4.5,-8.8));
#32050=DIRECTION('',(0.866025403784429,-0.500000000000017,0.));
#32060=VECTOR('',#32050,1.);
#32070=LINE('',#32040,#32060);
#32080=CARTESIAN_POINT('',(-17.9,4.5,-8.8));
#32090=VERTEX_POINT('',#32080);
#32100=EDGE_CURVE('',#32090,#32010,#32070,.T.);
#32110=ORIENTED_EDGE('',*,*,#32100,.T.);
#32120=CARTESIAN_POINT('',(-17.9,4.5,-8.8));
#32130=DIRECTION('',(0.,1.,0.));
#32140=VECTOR('',#32130,1.);
#32150=LINE('',#32120,#32140);
#32160=CARTESIAN_POINT('',(-17.9,5.5,-8.8));
#32170=VERTEX_POINT('',#32160);
#32180=EDGE_CURVE('',#32090,#32170,#32150,.T.);
#32190=ORIENTED_EDGE('',*,*,#32180,.F.);
#32200=CARTESIAN_POINT('',(18.9,5.5,-8.8));
#32210=DIRECTION('',(-1.,0.,0.));
#32220=VECTOR('',#32210,1.);
#32230=LINE('',#32200,#32220);
#32240=CARTESIAN_POINT('',(18.9,5.5,-8.8));
#32250=VERTEX_POINT('',#32240);
#32260=EDGE_CURVE('',#32250,#32170,#32230,.T.);
#32270=ORIENTED_EDGE('',*,*,#32260,.T.);
#32280=CARTESIAN_POINT('',(18.9,29.0435934795858,-8.80000000220002));
#32290=DIRECTION('',(0.,1.,-1.11022302462516E-16));
#32300=VECTOR('',#32290,1.);
#32310=LINE('',#32280,#32300);
#32320=CARTESIAN_POINT('',(18.9,3.9,-8.8));
#32330=VERTEX_POINT('',#32320);
#32340=EDGE_CURVE('',#32330,#32250,#32310,.T.);
#32350=ORIENTED_EDGE('',*,*,#32340,.T.);
#32360=CARTESIAN_POINT('',(0.,3.90000000000027,-8.8));
#32370=DIRECTION('',(1.,-8.66429639700188E-17,0.));
#32380=VECTOR('',#32370,1.);
#32390=LINE('',#32360,#32380);
#32400=CARTESIAN_POINT('',(21.2,3.9,-8.8));
#32410=VERTEX_POINT('',#32400);
#32420=EDGE_CURVE('',#32330,#32410,#32390,.T.);
#32430=ORIENTED_EDGE('',*,*,#32420,.F.);
#32440=CARTESIAN_POINT('',(21.2,29.0435934795858,-8.8));
#32450=DIRECTION('',(-8.66429639700187E-17,-1.,0.));
#32460=VECTOR('',#32450,1.);
#32470=LINE('',#32440,#32460);
#32480=CARTESIAN_POINT('',(21.2,2.1,-8.8));
#32490=VERTEX_POINT('',#32480);
#32500=EDGE_CURVE('',#32410,#32490,#32470,.T.);
#32510=ORIENTED_EDGE('',*,*,#32500,.F.);
#32520=CARTESIAN_POINT('',(0.,2.10000000000027,-8.8));
#32530=DIRECTION('',(-1.,8.66429639700188E-17,0.));
#32540=VECTOR('',#32530,1.);
#32550=LINE('',#32520,#32540);
#32560=CARTESIAN_POINT('',(18.9,2.1,-8.8));
#32570=VERTEX_POINT('',#32560);
#32580=EDGE_CURVE('',#32490,#32570,#32550,.T.);
#32590=ORIENTED_EDGE('',*,*,#32580,.F.);
#32600=CARTESIAN_POINT('',(18.9,29.0435934795858,-8.8));
#32610=DIRECTION('',(-8.66429639700187E-17,-1.,0.));
#32620=VECTOR('',#32610,1.);
#32630=LINE('',#32600,#32620);
#32640=CARTESIAN_POINT('',(18.9,1.49999999999999,-8.8));
#32650=VERTEX_POINT('',#32640);
#32660=EDGE_CURVE('',#32570,#32650,#32630,.T.);
#32670=ORIENTED_EDGE('',*,*,#32660,.F.);
#32680=CARTESIAN_POINT('',(-8.64359347958579,29.0435934795858,
-8.80000000220002));
#32690=DIRECTION('',(-0.707106781186548,0.707106781186548,
-5.55111512312578E-17));
#32700=VECTOR('',#32690,1.);
#32710=LINE('',#32680,#32700);
#32720=CARTESIAN_POINT('',(20.4,0.,-8.8));
#32730=VERTEX_POINT('',#32720);
#32740=EDGE_CURVE('',#32730,#32650,#32710,.T.);
#32750=ORIENTED_EDGE('',*,*,#32740,.T.);
#32760=CARTESIAN_POINT('',(0.,2.73558953267639E-13,-8.8));
#32770=DIRECTION('',(1.,0.,0.));
#32780=VECTOR('',#32770,1.);
#32790=LINE('',#32760,#32780);
#32800=CARTESIAN_POINT('',(40.7,0.,-8.8));
#32810=VERTEX_POINT('',#32800);
#32820=EDGE_CURVE('',#32730,#32810,#32790,.T.);
#32830=ORIENTED_EDGE('',*,*,#32820,.F.);
#32840=CARTESIAN_POINT('',(40.7,29.0435934795858,-8.80000000220002));
#32850=DIRECTION('',(0.,-1.,1.11022302462516E-16));
#32860=VECTOR('',#32850,1.);
#32870=LINE('',#32840,#32860);
#32880=CARTESIAN_POINT('',(40.7,3.9,-8.8));
#32890=VERTEX_POINT('',#32880);
#32900=EDGE_CURVE('',#32890,#32810,#32870,.T.);
#32910=ORIENTED_EDGE('',*,*,#32900,.T.);
#32920=CARTESIAN_POINT('',(48.,5.18718695917158,-8.8));
#32930=DIRECTION('',(-0.984807753012213,-0.173648177666902,0.));
#32940=VECTOR('',#32930,1.);
#32950=LINE('',#32920,#32940);
#32960=EDGE_CURVE('',#8290,#32890,#32950,.T.);
#32970=ORIENTED_EDGE('',*,*,#32960,.T.);
#32980=ORIENTED_EDGE('',*,*,#8300,.T.);
#32990=ORIENTED_EDGE('',*,*,#11460,.F.);
#33000=ORIENTED_EDGE('',*,*,#11280,.T.);
#33010=ORIENTED_EDGE('',*,*,#11710,.T.);
#33020=ORIENTED_EDGE('',*,*,#11950,.T.);
#33030=ORIENTED_EDGE('',*,*,#12500,.T.);
#33040=ORIENTED_EDGE('',*,*,#14470,.T.);
#33050=ORIENTED_EDGE('',*,*,#14720,.T.);
#33060=ORIENTED_EDGE('',*,*,#15240,.T.);
#33070=ORIENTED_EDGE('',*,*,#25850,.F.);
#33080=ORIENTED_EDGE('',*,*,#25570,.F.);
#33090=ORIENTED_EDGE('',*,*,#25110,.F.);
#33100=ORIENTED_EDGE('',*,*,#14980,.T.);
#33110=ORIENTED_EDGE('',*,*,#15420,.T.);
#33120=ORIENTED_EDGE('',*,*,#5960,.T.);
#33130=ORIENTED_EDGE('',*,*,#6790,.F.);
#33140=ORIENTED_EDGE('',*,*,#7950,.F.);
#33150=EDGE_LOOP('',(#33140,#33130,#33120,#33110,#33100,#33090,#33080,
#33070,#33060,#33050,#33040,#33030,#33020,#33010,#33000,#32990,#32980,
#32970,#32910,#32830,#32750,#32670,#32590,#32510,#32430,#32350,#32270,
#32190,#32110,#32030,#31950,#31870,#31790,#31710,#31630));
#33160=FACE_OUTER_BOUND('',#33150,.T.);
#33170=ADVANCED_FACE('',(#33160),#31550,.F.);
#33180=CARTESIAN_POINT('',(-40.7,3.90000000000041,8.8));
#33190=DIRECTION('',(0.173648177666902,0.984807753012213,0.));
#33200=DIRECTION('',(0.984807753012213,-0.173648177666902,0.));
#33210=AXIS2_PLACEMENT_3D('',#33180,#33190,#33200);
#33220=PLANE('',#33210);
#33230=ORIENTED_EDGE('',*,*,#7150,.F.);
#33240=ORIENTED_EDGE('',*,*,#29140,.T.);
#33250=ORIENTED_EDGE('',*,*,#4390,.F.);
#33260=ORIENTED_EDGE('',*,*,#29770,.F.);
#33270=ORIENTED_EDGE('',*,*,#27540,.F.);
#33280=ORIENTED_EDGE('',*,*,#27220,.T.);
#33290=ORIENTED_EDGE('',*,*,#28640,.T.);
#33300=ORIENTED_EDGE('',*,*,#28860,.T.);
#33310=ORIENTED_EDGE('',*,*,#2570,.T.);
#33320=CARTESIAN_POINT('',(-40.7,3.90000000000041,8.8));
#33330=DIRECTION('',(0.,0.,-1.));
#33340=VECTOR('',#33330,1.);
#33350=LINE('',#33320,#33340);
#33360=EDGE_CURVE('',#2500,#31610,#33350,.T.);
#33370=ORIENTED_EDGE('',*,*,#33360,.F.);
#33380=ORIENTED_EDGE('',*,*,#31620,.F.);
#33390=ORIENTED_EDGE('',*,*,#7890,.T.);
#33400=EDGE_LOOP('',(#33390,#33380,#33370,#33310,#33300,#33290,#33280,
#33270,#33260,#33250,#33240,#33230));
#33410=FACE_OUTER_BOUND('',#33400,.T.);
#33420=ADVANCED_FACE('',(#33410),#33220,.F.);
#33430=CARTESIAN_POINT('',(48.,52.9,8.8));
#33440=DIRECTION('',(-1.,0.,0.));
#33450=DIRECTION('',(0.,1.,0.));
#33460=AXIS2_PLACEMENT_3D('',#33430,#33440,#33450);
#33470=PLANE('',#33460);
#33480=ORIENTED_EDGE('',*,*,#4720,.T.);
#33490=ORIENTED_EDGE('',*,*,#9660,.F.);
#33500=ORIENTED_EDGE('',*,*,#10260,.F.);
#33510=ORIENTED_EDGE('',*,*,#9420,.T.);
#33520=EDGE_LOOP('',(#33510,#33500,#33490,#33480));
#33530=FACE_OUTER_BOUND('',#33520,.T.);
#33540=ADVANCED_FACE('',(#33530),#33470,.F.);
#33550=CARTESIAN_POINT('',(48.,5.18718695917158,8.8));
#33560=DIRECTION('',(0.,0.,-1.));
#33570=VECTOR('',#33560,1.);
#33580=LINE('',#33550,#33570);
#33590=CARTESIAN_POINT('',(48.,5.18718695917158,7.3));
#33600=VERTEX_POINT('',#33590);
#33610=EDGE_CURVE('',#1140,#33600,#33580,.T.);
#33620=ORIENTED_EDGE('',*,*,#33610,.T.);
#33630=ORIENTED_EDGE('',*,*,#1150,.T.);
#33640=ORIENTED_EDGE('',*,*,#26450,.F.);
#33650=CARTESIAN_POINT('',(48.,29.0435934795858,7.3));
#33660=DIRECTION('',(0.,1.,0.));
#33670=VECTOR('',#33660,1.);
#33680=LINE('',#33650,#33670);
#33690=EDGE_CURVE('',#33600,#26440,#33680,.T.);
#33700=ORIENTED_EDGE('',*,*,#33690,.T.);
#33710=EDGE_LOOP('',(#33700,#33640,#33630,#33620));
#33720=FACE_OUTER_BOUND('',#33710,.T.);
#33730=ADVANCED_FACE('',(#33720),#33470,.F.);
#33740=CARTESIAN_POINT('',(43.,45.1,7.3));
#33750=DIRECTION('',(0.,0.,-1.));
#33760=DIRECTION('',(0.,1.,0.));
#33770=AXIS2_PLACEMENT_3D('',#33740,#33750,#33760);
#33780=CYLINDRICAL_SURFACE('',#33770,15.);
#33790=CARTESIAN_POINT('',(43.,45.1,7.3));
#33800=DIRECTION('',(0.,0.,-1.));
#33810=DIRECTION('',(0.,1.,0.));
#33820=AXIS2_PLACEMENT_3D('',#33790,#33800,#33810);
#33830=CIRCLE('',#33820,15.);
#33840=CARTESIAN_POINT('',(43.,60.1,7.3));
#33850=VERTEX_POINT('',#33840);
#33860=CARTESIAN_POINT('',(58.,45.1,7.3));
#33870=VERTEX_POINT('',#33860);
#33880=EDGE_CURVE('',#33850,#33870,#33830,.T.);
#33890=ORIENTED_EDGE('',*,*,#33880,.T.);
#33900=CARTESIAN_POINT('',(43.,60.1,7.3));
#33910=DIRECTION('',(0.,0.,-1.));
#33920=VECTOR('',#33910,1.);
#33930=LINE('',#33900,#33920);
#33940=EDGE_CURVE('',#33850,#10010,#33930,.T.);
#33950=ORIENTED_EDGE('',*,*,#33940,.F.);
#33960=ORIENTED_EDGE('',*,*,#10020,.F.);
#33970=CARTESIAN_POINT('',(58.,45.1,7.3));
#33980=DIRECTION('',(0.,0.,-1.));
#33990=VECTOR('',#33980,1.);
#34000=LINE('',#33970,#33990);
#34010=EDGE_CURVE('',#33870,#9920,#34000,.T.);
#34020=ORIENTED_EDGE('',*,*,#34010,.T.);
#34030=EDGE_LOOP('',(#34020,#33960,#33950,#33890));
#34040=FACE_OUTER_BOUND('',#34030,.T.);
#34050=ADVANCED_FACE('',(#34040),#33780,.T.);
#34060=CARTESIAN_POINT('',(-40.7,1.32245235531326,8.8));
#34070=DIRECTION('',(1.,0.,0.));
#34080=DIRECTION('',(0.,-1.,0.));
#34090=AXIS2_PLACEMENT_3D('',#34060,#34070,#34080);
#34100=PLANE('',#34090);
#34110=ORIENTED_EDGE('',*,*,#2510,.T.);
#34120=CARTESIAN_POINT('',(-40.7,1.32245235531326,8.8));
#34130=DIRECTION('',(0.,0.,-1.));
#34140=VECTOR('',#34130,1.);
#34150=LINE('',#34120,#34140);
#34160=EDGE_CURVE('',#2420,#31690,#34150,.T.);
#34170=ORIENTED_EDGE('',*,*,#34160,.F.);
#34180=ORIENTED_EDGE('',*,*,#31700,.F.);
#34190=ORIENTED_EDGE('',*,*,#33360,.T.);
#34200=EDGE_LOOP('',(#34190,#34180,#34170,#34110));
#34210=FACE_OUTER_BOUND('',#34200,.T.);
#34220=ADVANCED_FACE('',(#34210),#34100,.F.);
#34230=CARTESIAN_POINT('',(-33.2,0.,8.8));
#34240=DIRECTION('',(0.173648177666902,0.984807753012213,0.));
#34250=DIRECTION('',(0.984807753012213,-0.173648177666902,0.));
#34260=AXIS2_PLACEMENT_3D('',#34230,#34240,#34250);
#34270=PLANE('',#34260);
#34280=ORIENTED_EDGE('',*,*,#2430,.T.);
#34290=CARTESIAN_POINT('',(-33.2,0.,8.8));
#34300=DIRECTION('',(0.,0.,-1.));
#34310=VECTOR('',#34300,1.);
#34320=LINE('',#34290,#34310);
#34330=EDGE_CURVE('',#2340,#31770,#34320,.T.);
#34340=ORIENTED_EDGE('',*,*,#34330,.F.);
#34350=ORIENTED_EDGE('',*,*,#31780,.F.);
#34360=ORIENTED_EDGE('',*,*,#34160,.T.);
#34370=EDGE_LOOP('',(#34360,#34350,#34340,#34280));
#34380=FACE_OUTER_BOUND('',#34370,.T.);
#34390=ADVANCED_FACE('',(#34380),#34270,.F.);
#34400=CARTESIAN_POINT('',(-25.2000000000018,0.,8.8));
#34410=DIRECTION('',(-0.,1.,0.));
#34420=DIRECTION('',(1.,0.,0.));
#34430=AXIS2_PLACEMENT_3D('',#34400,#34410,#34420);
#34440=PLANE('',#34430);
#34450=ORIENTED_EDGE('',*,*,#2350,.T.);
#34460=CARTESIAN_POINT('',(-25.2000000000018,0.,8.8));
#34470=DIRECTION('',(0.,0.,-1.));
#34480=VECTOR('',#34470,1.);
#34490=LINE('',#34460,#34480);
#34500=EDGE_CURVE('',#2260,#31850,#34490,.T.);
#34510=ORIENTED_EDGE('',*,*,#34500,.F.);
#34520=ORIENTED_EDGE('',*,*,#31860,.F.);
#34530=ORIENTED_EDGE('',*,*,#34330,.T.);
#34540=EDGE_LOOP('',(#34530,#34520,#34510,#34450));
#34550=FACE_OUTER_BOUND('',#34540,.T.);
#34560=ADVANCED_FACE('',(#34550),#34440,.F.);
#34570=CARTESIAN_POINT('',(-15.2,1.763269807085,8.8));
#34580=DIRECTION('',(-0.173648177666902,0.984807753012213,0.));
#34590=DIRECTION('',(0.984807753012213,0.173648177666902,0.));
#34600=AXIS2_PLACEMENT_3D('',#34570,#34580,#34590);
#34610=PLANE('',#34600);
#34620=ORIENTED_EDGE('',*,*,#2270,.T.);
#34630=CARTESIAN_POINT('',(-15.2,1.763269807085,8.8));
#34640=DIRECTION('',(0.,0.,-1.));
#34650=VECTOR('',#34640,1.);
#34660=LINE('',#34630,#34650);
#34670=EDGE_CURVE('',#2180,#31930,#34660,.T.);
#34680=ORIENTED_EDGE('',*,*,#34670,.F.);
#34690=ORIENTED_EDGE('',*,*,#31940,.F.);
#34700=ORIENTED_EDGE('',*,*,#34500,.T.);
#34710=EDGE_LOOP('',(#34700,#34690,#34680,#34620));
#34720=FACE_OUTER_BOUND('',#34710,.T.);
#34730=ADVANCED_FACE('',(#34720),#34610,.F.);
#34740=CARTESIAN_POINT('',(-15.2,2.94115427318797,8.8));
#34750=DIRECTION('',(-1.,0.,0.));
#34760=DIRECTION('',(0.,1.,0.));
#34770=AXIS2_PLACEMENT_3D('',#34740,#34750,#34760);
#34780=PLANE('',#34770);
#34790=ORIENTED_EDGE('',*,*,#2190,.T.);
#34800=CARTESIAN_POINT('',(-15.2,2.94115427318797,8.8));
#34810=DIRECTION('',(0.,0.,-1.));
#34820=VECTOR('',#34810,1.);
#34830=LINE('',#34800,#34820);
#34840=EDGE_CURVE('',#2100,#32010,#34830,.T.);
#34850=ORIENTED_EDGE('',*,*,#34840,.F.);
#34860=ORIENTED_EDGE('',*,*,#32020,.F.);
#34870=ORIENTED_EDGE('',*,*,#34670,.T.);
#34880=EDGE_LOOP('',(#34870,#34860,#34850,#34790));
#34890=FACE_OUTER_BOUND('',#34880,.T.);
#34900=ADVANCED_FACE('',(#34890),#34780,.F.);
#34910=CARTESIAN_POINT('',(-17.9,4.5,8.8));
#34920=DIRECTION('',(-0.500000000000017,-0.866025403784429,-0.));
#34930=DIRECTION('',(-0.866025403784429,0.500000000000017,0.));
#34940=AXIS2_PLACEMENT_3D('',#34910,#34920,#34930);
#34950=PLANE('',#34940);
#34960=ORIENTED_EDGE('',*,*,#2110,.T.);
#34970=CARTESIAN_POINT('',(-17.9,4.5,8.8));
#34980=DIRECTION('',(0.,0.,-1.));
#34990=VECTOR('',#34980,1.);
#35000=LINE('',#34970,#34990);
#35010=EDGE_CURVE('',#2020,#32090,#35000,.T.);
#35020=ORIENTED_EDGE('',*,*,#35010,.F.);
#35030=ORIENTED_EDGE('',*,*,#32100,.F.);
#35040=ORIENTED_EDGE('',*,*,#34840,.T.);
#35050=EDGE_LOOP('',(#35040,#35030,#35020,#34960));
#35060=FACE_OUTER_BOUND('',#35050,.T.);
#35070=ADVANCED_FACE('',(#35060),#34950,.F.);
#35080=CARTESIAN_POINT('',(-17.9,5.5,8.8));
#35090=DIRECTION('',(-1.,0.,0.));
#35100=DIRECTION('',(0.,1.,0.));
#35110=AXIS2_PLACEMENT_3D('',#35080,#35090,#35100);
#35120=PLANE('',#35110);
#35130=ORIENTED_EDGE('',*,*,#2030,.F.);
#35140=CARTESIAN_POINT('',(-17.9,5.5,8.8));
#35150=DIRECTION('',(0.,0.,-1.));
#35160=VECTOR('',#35150,1.);
#35170=LINE('',#35140,#35160);
#35180=EDGE_CURVE('',#1940,#32170,#35170,.T.);
#35190=ORIENTED_EDGE('',*,*,#35180,.F.);
#35200=ORIENTED_EDGE('',*,*,#32180,.T.);
#35210=ORIENTED_EDGE('',*,*,#35010,.T.);
#35220=EDGE_LOOP('',(#35210,#35200,#35190,#35130));
#35230=FACE_OUTER_BOUND('',#35220,.T.);
#35240=ADVANCED_FACE('',(#35230),#35120,.F.);
#35250=CARTESIAN_POINT('',(18.9,5.5,8.8));
#35260=DIRECTION('',(-0.,1.,0.));
#35270=DIRECTION('',(1.,0.,0.));
#35280=AXIS2_PLACEMENT_3D('',#35250,#35260,#35270);
#35290=PLANE('',#35280);
#35300=ORIENTED_EDGE('',*,*,#1950,.T.);
#35310=CARTESIAN_POINT('',(18.9,5.5,8.8));
#35320=DIRECTION('',(0.,0.,1.));
#35330=VECTOR('',#35320,1.);
#35340=LINE('',#35310,#35330);
#35350=CARTESIAN_POINT('',(18.9,5.5,4.80000000000001));
#35360=VERTEX_POINT('',#35350);
#35370=EDGE_CURVE('',#35360,#1860,#35340,.T.);
#35380=ORIENTED_EDGE('',*,*,#35370,.T.);
#35390=CARTESIAN_POINT('',(-1.1,5.5,4.80000000000001));
#35400=DIRECTION('',(1.,0.,-1.38777878078145E-17));
#35410=VECTOR('',#35400,1.);
#35420=LINE('',#35390,#35410);
#35430=CARTESIAN_POINT('',(17.1,5.5,4.80000000000001));
#35440=VERTEX_POINT('',#35430);
#35450=EDGE_CURVE('',#35440,#35360,#35420,.T.);
#35460=ORIENTED_EDGE('',*,*,#35450,.T.);
#35470=CARTESIAN_POINT('',(17.1,5.5,8.8));
#35480=DIRECTION('',(-1.38777878078144E-17,0.,-1.));
#35490=VECTOR('',#35480,1.);
#35500=LINE('',#35470,#35490);
#35510=CARTESIAN_POINT('',(17.1,5.5,-4.79999999999999));
#35520=VERTEX_POINT('',#35510);
#35530=EDGE_CURVE('',#35440,#35520,#35500,.T.);
#35540=ORIENTED_EDGE('',*,*,#35530,.F.);
#35550=CARTESIAN_POINT('',(-1.1,5.5,-4.79999999999999));
#35560=DIRECTION('',(-1.,0.,1.38777878078145E-17));
#35570=VECTOR('',#35560,1.);
#35580=LINE('',#35550,#35570);
#35590=CARTESIAN_POINT('',(18.9,5.5,-4.79999999999999));
#35600=VERTEX_POINT('',#35590);
#35610=EDGE_CURVE('',#35600,#35520,#35580,.T.);
#35620=ORIENTED_EDGE('',*,*,#35610,.T.);
#35630=CARTESIAN_POINT('',(18.9,5.5,8.8));
#35640=DIRECTION('',(0.,0.,1.));
#35650=VECTOR('',#35640,1.);
#35660=LINE('',#35630,#35650);
#35670=EDGE_CURVE('',#32250,#35600,#35660,.T.);
#35680=ORIENTED_EDGE('',*,*,#35670,.T.);
#35690=ORIENTED_EDGE('',*,*,#32260,.F.);
#35700=ORIENTED_EDGE('',*,*,#35180,.T.);
#35710=EDGE_LOOP('',(#35700,#35690,#35680,#35620,#35540,#35460,#35380,
#35300));
#35720=FACE_OUTER_BOUND('',#35710,.T.);
#35730=ADVANCED_FACE('',(#35720),#35290,.F.);
#35740=CARTESIAN_POINT('',(18.9,3.9,8.8));
#35750=DIRECTION('',(1.,0.,0.));
#35760=DIRECTION('',(0.,-1.,0.));
#35770=AXIS2_PLACEMENT_3D('',#35740,#35750,#35760);
#35780=PLANE('',#35770);
#35790=CARTESIAN_POINT('',(18.9,29.0435934795858,-4.79999999999999));
#35800=DIRECTION('',(0.,1.,-1.11022302462516E-16));
#35810=VECTOR('',#35800,1.);
#35820=LINE('',#35790,#35810);
#35830=CARTESIAN_POINT('',(18.9,3.9,-4.79999999999999));
#35840=VERTEX_POINT('',#35830);
#35850=EDGE_CURVE('',#35840,#35600,#35820,.T.);
#35860=ORIENTED_EDGE('',*,*,#35850,.T.);
#35870=CARTESIAN_POINT('',(18.9,3.9,8.8));
#35880=DIRECTION('',(0.,0.,-1.));
#35890=VECTOR('',#35880,1.);
#35900=LINE('',#35870,#35890);
#35910=EDGE_CURVE('',#35840,#32330,#35900,.T.);
#35920=ORIENTED_EDGE('',*,*,#35910,.F.);
#35930=ORIENTED_EDGE('',*,*,#32340,.F.);
#35940=ORIENTED_EDGE('',*,*,#35670,.F.);
#35950=EDGE_LOOP('',(#35940,#35930,#35920,#35860));
#35960=FACE_OUTER_BOUND('',#35950,.T.);
#35970=ADVANCED_FACE('',(#35960),#35780,.F.);
#35980=CARTESIAN_POINT('',(21.2,3.9,8.8));
#35990=DIRECTION('',(-0.,1.,0.));
#36000=DIRECTION('',(1.,0.,0.));
#36010=AXIS2_PLACEMENT_3D('',#35980,#35990,#36000);
#36020=PLANE('',#36010);
#36030=CARTESIAN_POINT('',(-1.1,3.9,-4.79999999999999));
#36040=DIRECTION('',(-1.,0.,1.38777878078145E-17));
#36050=VECTOR('',#36040,1.);
#36060=LINE('',#36030,#36050);
#36070=CARTESIAN_POINT('',(21.2,3.9,-4.79999999999999));
#36080=VERTEX_POINT('',#36070);
#36090=EDGE_CURVE('',#36080,#35840,#36060,.T.);
#36100=ORIENTED_EDGE('',*,*,#36090,.T.);
#36110=CARTESIAN_POINT('',(21.2,3.9,8.8));
#36120=DIRECTION('',(0.,0.,1.));
#36130=VECTOR('',#36120,1.);
#36140=LINE('',#36110,#36130);
#36150=EDGE_CURVE('',#32410,#36080,#36140,.T.);
#36160=ORIENTED_EDGE('',*,*,#36150,.T.);
#36170=ORIENTED_EDGE('',*,*,#32420,.T.);
#36180=ORIENTED_EDGE('',*,*,#35910,.T.);
#36190=EDGE_LOOP('',(#36180,#36170,#36160,#36100));
#36200=FACE_OUTER_BOUND('',#36190,.T.);
#36210=ADVANCED_FACE('',(#36200),#36020,.F.);
#36220=CARTESIAN_POINT('',(21.2,2.1,8.8));
#36230=DIRECTION('',(1.,0.,0.));
#36240=DIRECTION('',(0.,-1.,0.));
#36250=AXIS2_PLACEMENT_3D('',#36220,#36230,#36240);
#36260=PLANE('',#36250);
#36270=CARTESIAN_POINT('',(21.2,29.0435934795858,-4.79999999999999));
#36280=DIRECTION('',(0.,1.,-1.11022302462516E-16));
#36290=VECTOR('',#36280,1.);
#36300=LINE('',#36270,#36290);
#36310=CARTESIAN_POINT('',(21.2,2.1,-4.79999999999999));
#36320=VERTEX_POINT('',#36310);
#36330=EDGE_CURVE('',#36320,#36080,#36300,.T.);
#36340=ORIENTED_EDGE('',*,*,#36330,.T.);
#36350=CARTESIAN_POINT('',(21.2,2.1,8.8));
#36360=DIRECTION('',(0.,0.,-1.));
#36370=VECTOR('',#36360,1.);
#36380=LINE('',#36350,#36370);
#36390=EDGE_CURVE('',#36320,#32490,#36380,.T.);
#36400=ORIENTED_EDGE('',*,*,#36390,.F.);
#36410=ORIENTED_EDGE('',*,*,#32500,.T.);
#36420=ORIENTED_EDGE('',*,*,#36150,.F.);
#36430=EDGE_LOOP('',(#36420,#36410,#36400,#36340));
#36440=FACE_OUTER_BOUND('',#36430,.T.);
#36450=ADVANCED_FACE('',(#36440),#36260,.F.);
#36460=CARTESIAN_POINT('',(18.9,2.1,8.8));
#36470=DIRECTION('',(-0.,-1.,-0.));
#36480=DIRECTION('',(-1.,0.,0.));
#36490=AXIS2_PLACEMENT_3D('',#36460,#36470,#36480);
#36500=PLANE('',#36490);
#36510=CARTESIAN_POINT('',(-1.1,2.1,-4.79999999999999));
#36520=DIRECTION('',(1.,0.,-1.38777878078145E-17));
#36530=VECTOR('',#36520,1.);
#36540=LINE('',#36510,#36530);
#36550=CARTESIAN_POINT('',(18.9,2.1,-4.79999999999999));
#36560=VERTEX_POINT('',#36550);
#36570=EDGE_CURVE('',#36560,#36320,#36540,.T.);
#36580=ORIENTED_EDGE('',*,*,#36570,.T.);
#36590=CARTESIAN_POINT('',(18.9,2.1,8.8));
#36600=DIRECTION('',(0.,0.,-1.));
#36610=VECTOR('',#36600,1.);
#36620=LINE('',#36590,#36610);
#36630=EDGE_CURVE('',#36560,#32570,#36620,.T.);
#36640=ORIENTED_EDGE('',*,*,#36630,.F.);
#36650=ORIENTED_EDGE('',*,*,#32580,.T.);
#36660=ORIENTED_EDGE('',*,*,#36390,.T.);
#36670=EDGE_LOOP('',(#36660,#36650,#36640,#36580));
#36680=FACE_OUTER_BOUND('',#36670,.T.);
#36690=ADVANCED_FACE('',(#36680),#36500,.F.);
#36700=CARTESIAN_POINT('',(18.9,1.5,8.8));
#36710=DIRECTION('',(1.,0.,0.));
#36720=DIRECTION('',(0.,-1.,0.));
#36730=AXIS2_PLACEMENT_3D('',#36700,#36710,#36720);
#36740=PLANE('',#36730);
#36750=CARTESIAN_POINT('',(18.9,29.0435934795858,-4.79999999999999));
#36760=DIRECTION('',(0.,1.,-1.11022302462516E-16));
#36770=VECTOR('',#36760,1.);
#36780=LINE('',#36750,#36770);
#36790=CARTESIAN_POINT('',(18.9,1.49999999999999,-4.79999999999999));
#36800=VERTEX_POINT('',#36790);
#36810=EDGE_CURVE('',#36800,#36560,#36780,.T.);
#36820=ORIENTED_EDGE('',*,*,#36810,.T.);
#36830=CARTESIAN_POINT('',(18.9,1.49999999999999,8.8));
#36840=DIRECTION('',(0.,0.,1.));
#36850=VECTOR('',#36840,1.);
#36860=LINE('',#36830,#36850);
#36870=EDGE_CURVE('',#32650,#36800,#36860,.T.);
#36880=ORIENTED_EDGE('',*,*,#36870,.T.);
#36890=ORIENTED_EDGE('',*,*,#32660,.T.);
#36900=ORIENTED_EDGE('',*,*,#36630,.T.);
#36910=EDGE_LOOP('',(#36900,#36890,#36880,#36820));
#36920=FACE_OUTER_BOUND('',#36910,.T.);
#36930=ADVANCED_FACE('',(#36920),#36740,.F.);
#36940=CARTESIAN_POINT('',(20.4,0.,8.8));
#36950=DIRECTION('',(0.707106781186548,0.707106781186548,0.));
#36960=DIRECTION('',(0.707106781186548,-0.707106781186548,0.));
#36970=AXIS2_PLACEMENT_3D('',#36940,#36950,#36960);
#36980=PLANE('',#36970);
#36990=CARTESIAN_POINT('',(-8.64359347958579,29.0435934795858,
-4.79999999999999));
#37000=DIRECTION('',(-0.707106781186548,0.707106781186548,
-5.55111512312578E-17));
#37010=VECTOR('',#37000,1.);
#37020=LINE('',#36990,#37010);
#37030=CARTESIAN_POINT('',(20.4,0.,-4.79999999999999));
#37040=VERTEX_POINT('',#37030);
#37050=EDGE_CURVE('',#37040,#36800,#37020,.T.);
#37060=ORIENTED_EDGE('',*,*,#37050,.T.);
#37070=CARTESIAN_POINT('',(20.4,-3.5527136788005E-15,8.8));
#37080=DIRECTION('',(0.,0.,-1.));
#37090=VECTOR('',#37080,1.);
#37100=LINE('',#37070,#37090);
#37110=EDGE_CURVE('',#37040,#32730,#37100,.T.);
#37120=ORIENTED_EDGE('',*,*,#37110,.F.);
#37130=ORIENTED_EDGE('',*,*,#32740,.F.);
#37140=ORIENTED_EDGE('',*,*,#36870,.F.);
#37150=EDGE_LOOP('',(#37140,#37130,#37120,#37060));
#37160=FACE_OUTER_BOUND('',#37150,.T.);
#37170=ADVANCED_FACE('',(#37160),#36980,.F.);
#37180=CARTESIAN_POINT('',(40.7,0.,8.8));
#37190=DIRECTION('',(-0.,1.,0.));
#37200=DIRECTION('',(1.,0.,0.));
#37210=AXIS2_PLACEMENT_3D('',#37180,#37190,#37200);
#37220=PLANE('',#37210);
#37230=CARTESIAN_POINT('',(19.3,2.66453525910038E-13,-4.79999999999999))
;
#37240=DIRECTION('',(-1.,8.66429639700188E-17,1.38777878078144E-17));
#37250=VECTOR('',#37240,1.);
#37260=LINE('',#37230,#37250);
#37270=CARTESIAN_POINT('',(17.6566243270259,0.,-4.79999999999999));
#37280=VERTEX_POINT('',#37270);
#37290=EDGE_CURVE('',#37040,#37280,#37260,.T.);
#37300=ORIENTED_EDGE('',*,*,#37290,.F.);
#37310=CARTESIAN_POINT('',(17.6566243270259,2.73558953267639E-13,
8.80000000000001));
#37320=DIRECTION('',(1.38777878078145E-17,1.11022302462516E-16,1.));
#37330=VECTOR('',#37320,1.);
#37340=LINE('',#37310,#37330);
#37350=CARTESIAN_POINT('',(17.6566243270259,0.,4.80000000000001));
#37360=VERTEX_POINT('',#37350);
#37370=EDGE_CURVE('',#37280,#37360,#37340,.T.);
#37380=ORIENTED_EDGE('',*,*,#37370,.F.);
#37390=CARTESIAN_POINT('',(-1.10000000000002,2.70006239588838E-13,
4.80000000000001));
#37400=DIRECTION('',(-1.,8.66429639700188E-17,1.38777878078144E-17));
#37410=VECTOR('',#37400,1.);
#37420=LINE('',#37390,#37410);
#37430=CARTESIAN_POINT('',(20.4,0.,4.80000000000001));
#37440=VERTEX_POINT('',#37430);
#37450=EDGE_CURVE('',#37440,#37360,#37420,.T.);
#37460=ORIENTED_EDGE('',*,*,#37450,.T.);
#37470=CARTESIAN_POINT('',(20.4,-3.5527136788005E-15,8.8));
#37480=DIRECTION('',(0.,0.,1.));
#37490=VECTOR('',#37480,1.);
#37500=LINE('',#37470,#37490);
#37510=EDGE_CURVE('',#37440,#1380,#37500,.T.);
#37520=ORIENTED_EDGE('',*,*,#37510,.F.);
#37530=ORIENTED_EDGE('',*,*,#1390,.F.);
#37540=CARTESIAN_POINT('',(40.7,2.73558953267639E-13,8.8));
#37550=DIRECTION('',(0.,0.,1.));
#37560=VECTOR('',#37550,1.);
#37570=LINE('',#37540,#37560);
#37580=EDGE_CURVE('',#32810,#1300,#37570,.T.);
#37590=ORIENTED_EDGE('',*,*,#37580,.T.);
#37600=ORIENTED_EDGE('',*,*,#32820,.T.);
#37610=ORIENTED_EDGE('',*,*,#37110,.T.);
#37620=EDGE_LOOP('',(#37610,#37600,#37590,#37530,#37520,#37460,#37380,
#37300));
#37630=FACE_OUTER_BOUND('',#37620,.T.);
#37640=ADVANCED_FACE('',(#37630),#37220,.F.);
#37650=CARTESIAN_POINT('',(40.7,3.9,8.8));
#37660=DIRECTION('',(-1.,0.,0.));
#37670=DIRECTION('',(0.,1.,0.));
#37680=AXIS2_PLACEMENT_3D('',#37650,#37660,#37670);
#37690=PLANE('',#37680);
#37700=ORIENTED_EDGE('',*,*,#1310,.F.);
#37710=CARTESIAN_POINT('',(40.7,3.90000000000001,8.8));
#37720=DIRECTION('',(0.,0.,-1.));
#37730=VECTOR('',#37720,1.);
#37740=LINE('',#37710,#37730);
#37750=CARTESIAN_POINT('',(40.7,3.90000000000001,3.20000000000001));
#37760=VERTEX_POINT('',#37750);
#37770=EDGE_CURVE('',#1220,#37760,#37740,.T.);
#37780=ORIENTED_EDGE('',*,*,#37770,.F.);
#37790=CARTESIAN_POINT('',(40.7,29.0435934795858,3.20000000000001));
#37800=DIRECTION('',(0.,1.,-1.11022302462516E-16));
#37810=VECTOR('',#37800,1.);
#37820=LINE('',#37790,#37810);
#37830=CARTESIAN_POINT('',(40.7,2.20000000000027,3.20000000000001));
#37840=VERTEX_POINT('',#37830);
#37850=EDGE_CURVE('',#37840,#37760,#37820,.T.);
#37860=ORIENTED_EDGE('',*,*,#37850,.T.);
#37870=CARTESIAN_POINT('',(40.7,2.20000000000027,8.8));
#37880=DIRECTION('',(0.,-1.11022302462516E-16,-1.));
#37890=VECTOR('',#37880,1.);
#37900=LINE('',#37870,#37890);
#37910=CARTESIAN_POINT('',(40.7,2.20000000000027,-3.19999999999998));
#37920=VERTEX_POINT('',#37910);
#37930=EDGE_CURVE('',#37840,#37920,#37900,.T.);
#37940=ORIENTED_EDGE('',*,*,#37930,.F.);
#37950=CARTESIAN_POINT('',(40.7,29.0435934795858,-3.19999999999999));
#37960=DIRECTION('',(0.,-1.,1.11022302462516E-16));
#37970=VECTOR('',#37960,1.);
#37980=LINE('',#37950,#37970);
#37990=CARTESIAN_POINT('',(40.7,3.9,-3.19999999999999));
#38000=VERTEX_POINT('',#37990);
#38010=EDGE_CURVE('',#38000,#37920,#37980,.T.);
#38020=ORIENTED_EDGE('',*,*,#38010,.T.);
#38030=CARTESIAN_POINT('',(40.7,3.90000000000001,8.8));
#38040=DIRECTION('',(0.,0.,-1.));
#38050=VECTOR('',#38040,1.);
#38060=LINE('',#38030,#38050);
#38070=EDGE_CURVE('',#38000,#32890,#38060,.T.);
#38080=ORIENTED_EDGE('',*,*,#38070,.F.);
#38090=ORIENTED_EDGE('',*,*,#32900,.F.);
#38100=ORIENTED_EDGE('',*,*,#37580,.F.);
#38110=EDGE_LOOP('',(#38100,#38090,#38080,#38020,#37940,#37860,#37780,
#37700));
#38120=FACE_OUTER_BOUND('',#38110,.T.);
#38130=ADVANCED_FACE('',(#38120),#37690,.F.);
#38140=CARTESIAN_POINT('',(48.,5.18718695917158,8.8));
#38150=DIRECTION('',(-0.173648177666902,0.984807753012213,0.));
#38160=DIRECTION('',(0.984807753012213,0.173648177666902,0.));
#38170=AXIS2_PLACEMENT_3D('',#38140,#38150,#38160);
#38180=PLANE('',#38170);
#38190=CARTESIAN_POINT('',(0.,-3.27650811483333,-3.19999999999998));
#38200=DIRECTION('',(-0.984807753012213,-0.173648177666902,
2.77555756156289E-17));
#38210=VECTOR('',#38200,1.);
#38220=LINE('',#38190,#38210);
#38230=EDGE_CURVE('',#3070,#38000,#38220,.T.);
#38240=ORIENTED_EDGE('',*,*,#38230,.T.);
#38250=ORIENTED_EDGE('',*,*,#3640,.F.);
#38260=ORIENTED_EDGE('',*,*,#9340,.F.);
#38270=ORIENTED_EDGE('',*,*,#15750,.F.);
#38280=CARTESIAN_POINT('',(0.,-3.27650811483333,-7.3));
#38290=DIRECTION('',(0.984807753012213,0.173648177666902,0.));
#38300=VECTOR('',#38290,1.);
#38310=LINE('',#38280,#38300);
#38320=EDGE_CURVE('',#8110,#15680,#38310,.T.);
#38330=ORIENTED_EDGE('',*,*,#38320,.T.);
#38340=ORIENTED_EDGE('',*,*,#8360,.F.);
#38350=ORIENTED_EDGE('',*,*,#32960,.F.);
#38360=ORIENTED_EDGE('',*,*,#38070,.T.);
#38370=EDGE_LOOP('',(#38360,#38350,#38340,#38330,#38270,#38260,#38250,
#38240));
#38380=FACE_OUTER_BOUND('',#38370,.T.);
#38390=ADVANCED_FACE('',(#38380),#38180,.F.);
#38400=CARTESIAN_POINT('',(38.7,27.3,-4.5));
#38410=DIRECTION('',(-0.,-0.,-1.));
#38420=DIRECTION('',(0.,-1.,0.));
#38430=AXIS2_PLACEMENT_3D('',#38400,#38410,#38420);
#38440=PLANE('',#38430);
#38450=CARTESIAN_POINT('',(38.7,23.3,-4.5));
#38460=DIRECTION('',(1.,0.,0.));
#38470=VECTOR('',#38460,1.);
#38480=LINE('',#38450,#38470);
#38490=CARTESIAN_POINT('',(28.,23.3,-4.5));
#38500=VERTEX_POINT('',#38490);
#38510=EDGE_CURVE('',#38500,#2740,#38480,.T.);
#38520=ORIENTED_EDGE('',*,*,#38510,.T.);
#38530=CARTESIAN_POINT('',(28.,27.3,-4.5));
#38540=DIRECTION('',(0.,-1.,0.));
#38550=VECTOR('',#38540,1.);
#38560=LINE('',#38530,#38550);
#38570=CARTESIAN_POINT('',(28.,27.3,-4.5));
#38580=VERTEX_POINT('',#38570);
#38590=EDGE_CURVE('',#38580,#38500,#38560,.T.);
#38600=ORIENTED_EDGE('',*,*,#38590,.T.);
#38610=CARTESIAN_POINT('',(38.7,27.3,-4.5));
#38620=DIRECTION('',(1.,0.,0.));
#38630=VECTOR('',#38620,1.);
#38640=LINE('',#38610,#38630);
#38650=EDGE_CURVE('',#38580,#2720,#38640,.T.);
#38660=ORIENTED_EDGE('',*,*,#38650,.F.);
#38670=ORIENTED_EDGE('',*,*,#2750,.F.);
#38680=EDGE_LOOP('',(#38670,#38660,#38600,#38520));
#38690=FACE_OUTER_BOUND('',#38680,.T.);
#38700=ADVANCED_FACE('',(#38690),#38440,.F.);
#38710=COLOUR_RGB('',0.823529481887817,0.823529481887817,
0.784313797950745);
#38720=FILL_AREA_STYLE_COLOUR('',#38710);
#38730=FILL_AREA_STYLE('',(#38720));
#38740=SURFACE_STYLE_FILL_AREA(#38730);
#38750=SURFACE_SIDE_STYLE('',(#38740));
#38760=SURFACE_STYLE_USAGE(.BOTH.,#38750);
#38770=PRESENTATION_STYLE_ASSIGNMENT((#38760));
#38780=CARTESIAN_POINT('',(38.7,27.3,4.5));
#38790=DIRECTION('',(0.,1.,0.));
#38800=DIRECTION('',(0.,0.,-1.));
#38810=AXIS2_PLACEMENT_3D('',#38780,#38790,#38800);
#38820=PLANE('',#38810);
#38830=ORIENTED_EDGE('',*,*,#38650,.T.);
#38840=CARTESIAN_POINT('',(28.,27.3,4.5));
#38850=DIRECTION('',(0.,0.,-1.));
#38860=VECTOR('',#38850,1.);
#38870=LINE('',#38840,#38860);
#38880=CARTESIAN_POINT('',(28.,27.3,4.5));
#38890=VERTEX_POINT('',#38880);
#38900=EDGE_CURVE('',#38890,#38580,#38870,.T.);
#38910=ORIENTED_EDGE('',*,*,#38900,.T.);
#38920=CARTESIAN_POINT('',(38.7,27.3,4.5));
#38930=DIRECTION('',(1.,0.,0.));
#38940=VECTOR('',#38930,1.);
#38950=LINE('',#38920,#38940);
#38960=EDGE_CURVE('',#38890,#2820,#38950,.T.);
#38970=ORIENTED_EDGE('',*,*,#38960,.F.);
#38980=ORIENTED_EDGE('',*,*,#2830,.F.);
#38990=EDGE_LOOP('',(#38980,#38970,#38910,#38830));
#39000=FACE_OUTER_BOUND('',#38990,.T.);
#39010=ADVANCED_FACE('',(#39000),#38820,.F.);
#39020=COLOUR_RGB('',0.823529481887817,0.823529481887817,
0.784313797950745);
#39030=FILL_AREA_STYLE_COLOUR('',#39020);
#39040=FILL_AREA_STYLE('',(#39030));
#39050=SURFACE_STYLE_FILL_AREA(#39040);
#39060=SURFACE_SIDE_STYLE('',(#39050));
#39070=SURFACE_STYLE_USAGE(.BOTH.,#39060);
#39080=PRESENTATION_STYLE_ASSIGNMENT((#39070));
#39090=CARTESIAN_POINT('',(22.5,60.1,7.3));
#39100=DIRECTION('',(-0.,-1.,-0.));
#39110=DIRECTION('',(-1.,0.,0.));
#39120=AXIS2_PLACEMENT_3D('',#39090,#39100,#39110);
#39130=PLANE('',#39120);
#39140=CARTESIAN_POINT('',(22.5,60.1,7.3));
#39150=DIRECTION('',(1.,0.,0.));
#39160=VECTOR('',#39150,1.);
#39170=LINE('',#39140,#39160);
#39180=EDGE_CURVE('',#11000,#33850,#39170,.T.);
#39190=ORIENTED_EDGE('',*,*,#39180,.T.);
#39200=ORIENTED_EDGE('',*,*,#11010,.T.);
#39210=ORIENTED_EDGE('',*,*,#10100,.F.);
#39220=ORIENTED_EDGE('',*,*,#33940,.T.);
#39230=EDGE_LOOP('',(#39220,#39210,#39200,#39190));
#39240=FACE_OUTER_BOUND('',#39230,.T.);
#39250=ADVANCED_FACE('',(#39240),#39130,.F.);
#39260=CARTESIAN_POINT('',(38.7,23.3,4.5));
#39270=DIRECTION('',(0.,-0.,1.));
#39280=DIRECTION('',(0.,1.,0.));
#39290=AXIS2_PLACEMENT_3D('',#39260,#39270,#39280);
#39300=PLANE('',#39290);
#39310=ORIENTED_EDGE('',*,*,#38960,.T.);
#39320=CARTESIAN_POINT('',(28.,23.3,4.5));
#39330=DIRECTION('',(0.,1.,0.));
#39340=VECTOR('',#39330,1.);
#39350=LINE('',#39320,#39340);
#39360=CARTESIAN_POINT('',(28.,23.3,4.5));
#39370=VERTEX_POINT('',#39360);
#39380=EDGE_CURVE('',#39370,#38890,#39350,.T.);
#39390=ORIENTED_EDGE('',*,*,#39380,.T.);
#39400=CARTESIAN_POINT('',(38.7,23.3,4.5));
#39410=DIRECTION('',(1.,0.,0.));
#39420=VECTOR('',#39410,1.);
#39430=LINE('',#39400,#39420);
#39440=EDGE_CURVE('',#39370,#2900,#39430,.T.);
#39450=ORIENTED_EDGE('',*,*,#39440,.F.);
#39460=ORIENTED_EDGE('',*,*,#2910,.F.);
#39470=EDGE_LOOP('',(#39460,#39450,#39390,#39310));
#39480=FACE_OUTER_BOUND('',#39470,.T.);
#39490=ADVANCED_FACE('',(#39480),#39300,.F.);
#39500=COLOUR_RGB('',0.823529481887817,0.823529481887817,
0.784313797950745);
#39510=FILL_AREA_STYLE_COLOUR('',#39500);
#39520=FILL_AREA_STYLE('',(#39510));
#39530=SURFACE_STYLE_FILL_AREA(#39520);
#39540=SURFACE_SIDE_STYLE('',(#39530));
#39550=SURFACE_STYLE_USAGE(.BOTH.,#39540);
#39560=PRESENTATION_STYLE_ASSIGNMENT((#39550));
#39570=ORIENTED_EDGE('',*,*,#27700,.T.);
#39580=ORIENTED_EDGE('',*,*,#29700,.F.);
#39590=ORIENTED_EDGE('',*,*,#4230,.F.);
#39600=ORIENTED_EDGE('',*,*,#28250,.F.);
#39610=EDGE_LOOP('',(#39600,#39590,#39580,#39570));
#39620=FACE_OUTER_BOUND('',#39610,.T.);
#39630=ADVANCED_FACE('',(#39620),#4630,.F.);
#39640=CARTESIAN_POINT('',(50.,13.66325381567,7.3));
#39650=DIRECTION('',(0.,0.,-1.));
#39660=DIRECTION('',(1.,0.,0.));
#39670=AXIS2_PLACEMENT_3D('',#39640,#39650,#39660);
#39680=CYLINDRICAL_SURFACE('',#39670,8.);
#39690=CARTESIAN_POINT('',(50.,13.66325381567,7.3));
#39700=DIRECTION('',(0.,0.,-1.));
#39710=DIRECTION('',(1.,0.,0.));
#39720=AXIS2_PLACEMENT_3D('',#39690,#39700,#39710);
#39730=CIRCLE('',#39720,8.);
#39740=CARTESIAN_POINT('',(58.,13.66325381567,7.3));
#39750=VERTEX_POINT('',#39740);
#39760=CARTESIAN_POINT('',(51.389185421363,5.78479179158158,7.3));
#39770=VERTEX_POINT('',#39760);
#39780=EDGE_CURVE('',#39750,#39770,#39730,.T.);
#39790=ORIENTED_EDGE('',*,*,#39780,.T.);
#39800=CARTESIAN_POINT('',(58.,13.66325381567,7.3));
#39810=DIRECTION('',(0.,0.,-1.));
#39820=VECTOR('',#39810,1.);
#39830=LINE('',#39800,#39820);
#39840=EDGE_CURVE('',#39750,#9840,#39830,.T.);
#39850=ORIENTED_EDGE('',*,*,#39840,.F.);
#39860=ORIENTED_EDGE('',*,*,#9850,.F.);
#39870=CARTESIAN_POINT('',(51.3891854213638,5.78479179157733,7.3));
#39880=DIRECTION('',(0.,0.,-1.));
#39890=VECTOR('',#39880,1.);
#39900=LINE('',#39870,#39890);
#39910=EDGE_CURVE('',#39770,#9750,#39900,.T.);
#39920=ORIENTED_EDGE('',*,*,#39910,.T.);
#39930=EDGE_LOOP('',(#39920,#39860,#39850,#39790));
#39940=FACE_OUTER_BOUND('',#39930,.T.);
#39950=ADVANCED_FACE('',(#39940),#39680,.T.);
#39960=CARTESIAN_POINT('',(28.,23.05,0.));
#39970=DIRECTION('',(1.,-0.,0.));
#39980=DIRECTION('',(0.,0.,-1.));
#39990=AXIS2_PLACEMENT_3D('',#39960,#39970,#39980);
#40000=PLANE('',#39990);
#40010=ORIENTED_EDGE('',*,*,#39380,.F.);
#40020=ORIENTED_EDGE('',*,*,#38900,.F.);
#40030=ORIENTED_EDGE('',*,*,#38590,.F.);
#40040=CARTESIAN_POINT('',(28.,23.3,0.));
#40050=DIRECTION('',(-1.,0.,0.));
#40060=DIRECTION('',(0.,0.,-1.));
#40070=AXIS2_PLACEMENT_3D('',#40040,#40050,#40060);
#40080=CIRCLE('',#40070,4.5);
#40090=EDGE_CURVE('',#38500,#39370,#40080,.T.);
#40100=ORIENTED_EDGE('',*,*,#40090,.F.);
#40110=EDGE_LOOP('',(#40100,#40030,#40020,#40010));
#40120=FACE_OUTER_BOUND('',#40110,.T.);
#40130=ADVANCED_FACE('',(#40120),#40000,.T.);
#40140=COLOUR_RGB('',0.823529481887817,0.823529481887817,
0.784313797950745);
#40150=FILL_AREA_STYLE_COLOUR('',#40140);
#40160=FILL_AREA_STYLE('',(#40150));
#40170=SURFACE_STYLE_FILL_AREA(#40160);
#40180=SURFACE_SIDE_STYLE('',(#40170));
#40190=SURFACE_STYLE_USAGE(.BOTH.,#40180);
#40200=PRESENTATION_STYLE_ASSIGNMENT((#40190));
#40210=CARTESIAN_POINT('',(38.7,23.3,0.));
#40220=DIRECTION('',(-1.,0.,0.));
#40230=DIRECTION('',(0.,0.,-1.));
#40240=AXIS2_PLACEMENT_3D('',#40210,#40220,#40230);
#40250=CYLINDRICAL_SURFACE('',#40240,4.5);
#40260=ORIENTED_EDGE('',*,*,#39440,.T.);
#40270=ORIENTED_EDGE('',*,*,#40090,.T.);
#40280=ORIENTED_EDGE('',*,*,#38510,.F.);
#40290=ORIENTED_EDGE('',*,*,#2980,.F.);
#40300=EDGE_LOOP('',(#40290,#40280,#40270,#40260));
#40310=FACE_OUTER_BOUND('',#40300,.T.);
#40320=ADVANCED_FACE('',(#40310),#40250,.F.);
#40330=COLOUR_RGB('',0.823529481887817,0.823529481887817,
0.784313797950745);
#40340=FILL_AREA_STYLE_COLOUR('',#40330);
#40350=FILL_AREA_STYLE('',(#40340));
#40360=SURFACE_STYLE_FILL_AREA(#40350);
#40370=SURFACE_SIDE_STYLE('',(#40360));
#40380=SURFACE_STYLE_USAGE(.BOTH.,#40370);
#40390=PRESENTATION_STYLE_ASSIGNMENT((#40380));
#40400=CARTESIAN_POINT('',(-50.,28.55,-7.3));
#40410=DIRECTION('',(0.,0.,1.));
#40420=DIRECTION('',(1.,0.,0.));
#40430=AXIS2_PLACEMENT_3D('',#40400,#40410,#40420);
#40440=PLANE('',#40430);
#40450=ORIENTED_EDGE('',*,*,#38320,.F.);
#40460=ORIENTED_EDGE('',*,*,#15690,.T.);
#40470=ORIENTED_EDGE('',*,*,#15910,.F.);
#40480=ORIENTED_EDGE('',*,*,#8720,.T.);
#40490=ORIENTED_EDGE('',*,*,#10720,.F.);
#40500=ORIENTED_EDGE('',*,*,#10890,.T.);
#40510=ORIENTED_EDGE('',*,*,#11390,.T.);
#40520=ORIENTED_EDGE('',*,*,#8140,.T.);
#40530=EDGE_LOOP('',(#40520,#40510,#40500,#40490,#40480,#40470,#40460,
#40450));
#40540=FACE_OUTER_BOUND('',#40530,.T.);
#40550=ADVANCED_FACE('',(#40540),#40440,.F.);
#40560=CARTESIAN_POINT('',(-53.,29.0435934795858,7.3));
#40570=DIRECTION('',(0.,0.,1.));
#40580=DIRECTION('',(1.,0.,0.));
#40590=AXIS2_PLACEMENT_3D('',#40560,#40570,#40580);
#40600=PLANE('',#40590);
#40610=ORIENTED_EDGE('',*,*,#11090,.F.);
#40620=ORIENTED_EDGE('',*,*,#39180,.F.);
#40630=ORIENTED_EDGE('',*,*,#33880,.F.);
#40640=CARTESIAN_POINT('',(58.,45.1,7.3));
#40650=DIRECTION('',(0.,-1.,0.));
#40660=VECTOR('',#40650,1.);
#40670=LINE('',#40640,#40660);
#40680=EDGE_CURVE('',#33870,#39750,#40670,.T.);
#40690=ORIENTED_EDGE('',*,*,#40680,.F.);
#40700=ORIENTED_EDGE('',*,*,#39780,.F.);
#40710=CARTESIAN_POINT('',(51.3891854213861,5.78479179158606,7.3));
#40720=DIRECTION('',(-0.984807753012213,-0.173648177666902,0.));
#40730=VECTOR('',#40720,1.);
#40740=LINE('',#40710,#40730);
#40750=EDGE_CURVE('',#39770,#33600,#40740,.T.);
#40760=ORIENTED_EDGE('',*,*,#40750,.F.);
#40770=ORIENTED_EDGE('',*,*,#33690,.F.);
#40780=ORIENTED_EDGE('',*,*,#26530,.F.);
#40790=EDGE_LOOP('',(#40780,#40770,#40760,#40700,#40690,#40630,#40620,
#40610));
#40800=FACE_OUTER_BOUND('',#40790,.T.);
#40810=ADVANCED_FACE('',(#40800),#40600,.T.);
#40820=CARTESIAN_POINT('',(58.,45.1,7.3));
#40830=DIRECTION('',(-1.,0.,0.));
#40840=DIRECTION('',(0.,1.,0.));
#40850=AXIS2_PLACEMENT_3D('',#40820,#40830,#40840);
#40860=PLANE('',#40850);
#40870=ORIENTED_EDGE('',*,*,#40680,.T.);
#40880=ORIENTED_EDGE('',*,*,#34010,.F.);
#40890=ORIENTED_EDGE('',*,*,#9930,.F.);
#40900=ORIENTED_EDGE('',*,*,#39840,.T.);
#40910=EDGE_LOOP('',(#40900,#40890,#40880,#40870));
#40920=FACE_OUTER_BOUND('',#40910,.T.);
#40930=ADVANCED_FACE('',(#40920),#40860,.F.);
#40940=CARTESIAN_POINT('',(21.2,3.9,8.8));
#40950=DIRECTION('',(0.,0.,1.));
#40960=VECTOR('',#40950,1.);
#40970=LINE('',#40940,#40960);
#40980=CARTESIAN_POINT('',(21.2,3.9,4.80000000000001));
#40990=VERTEX_POINT('',#40980);
#41000=EDGE_CURVE('',#40990,#1700,#40970,.T.);
#41010=ORIENTED_EDGE('',*,*,#41000,.F.);
#41020=ORIENTED_EDGE('',*,*,#1710,.F.);
#41030=CARTESIAN_POINT('',(21.2,2.1,8.8));
#41040=DIRECTION('',(0.,0.,-1.));
#41050=VECTOR('',#41040,1.);
#41060=LINE('',#41030,#41050);
#41070=CARTESIAN_POINT('',(21.2,2.1,4.80000000000001));
#41080=VERTEX_POINT('',#41070);
#41090=EDGE_CURVE('',#1620,#41080,#41060,.T.);
#41100=ORIENTED_EDGE('',*,*,#41090,.F.);
#41110=CARTESIAN_POINT('',(21.2,29.0435934795858,4.80000000000001));
#41120=DIRECTION('',(0.,-1.,1.11022302462516E-16));
#41130=VECTOR('',#41120,1.);
#41140=LINE('',#41110,#41130);
#41150=EDGE_CURVE('',#40990,#41080,#41140,.T.);
#41160=ORIENTED_EDGE('',*,*,#41150,.T.);
#41170=EDGE_LOOP('',(#41160,#41100,#41020,#41010));
#41180=FACE_OUTER_BOUND('',#41170,.T.);
#41190=ADVANCED_FACE('',(#41180),#36260,.F.);
#41200=CARTESIAN_POINT('',(18.9,2.1,8.8));
#41210=DIRECTION('',(0.,0.,-1.));
#41220=VECTOR('',#41210,1.);
#41230=LINE('',#41200,#41220);
#41240=CARTESIAN_POINT('',(18.9,2.1,4.80000000000001));
#41250=VERTEX_POINT('',#41240);
#41260=EDGE_CURVE('',#1540,#41250,#41230,.T.);
#41270=ORIENTED_EDGE('',*,*,#41260,.T.);
#41280=ORIENTED_EDGE('',*,*,#1550,.F.);
#41290=CARTESIAN_POINT('',(18.9,1.49999999999999,8.8));
#41300=DIRECTION('',(0.,0.,-1.));
#41310=VECTOR('',#41300,1.);
#41320=LINE('',#41290,#41310);
#41330=CARTESIAN_POINT('',(18.9,1.49999999999999,4.80000000000001));
#41340=VERTEX_POINT('',#41330);
#41350=EDGE_CURVE('',#1460,#41340,#41320,.T.);
#41360=ORIENTED_EDGE('',*,*,#41350,.F.);
#41370=CARTESIAN_POINT('',(18.9,29.0435934795858,4.80000000000001));
#41380=DIRECTION('',(0.,-1.,1.11022302462516E-16));
#41390=VECTOR('',#41380,1.);
#41400=LINE('',#41370,#41390);
#41410=EDGE_CURVE('',#41250,#41340,#41400,.T.);
#41420=ORIENTED_EDGE('',*,*,#41410,.T.);
#41430=EDGE_LOOP('',(#41420,#41360,#41280,#41270));
#41440=FACE_OUTER_BOUND('',#41430,.T.);
#41450=ADVANCED_FACE('',(#41440),#36740,.F.);
#41460=CARTESIAN_POINT('',(18.9,3.9,8.8));
#41470=DIRECTION('',(0.,0.,-1.));
#41480=VECTOR('',#41470,1.);
#41490=LINE('',#41460,#41480);
#41500=CARTESIAN_POINT('',(18.9,3.9,4.80000000000001));
#41510=VERTEX_POINT('',#41500);
#41520=EDGE_CURVE('',#1780,#41510,#41490,.T.);
#41530=ORIENTED_EDGE('',*,*,#41520,.T.);
#41540=ORIENTED_EDGE('',*,*,#1790,.F.);
#41550=ORIENTED_EDGE('',*,*,#41000,.T.);
#41560=CARTESIAN_POINT('',(-1.1,3.9,4.80000000000001));
#41570=DIRECTION('',(1.,0.,-1.38777878078145E-17));
#41580=VECTOR('',#41570,1.);
#41590=LINE('',#41560,#41580);
#41600=EDGE_CURVE('',#41510,#40990,#41590,.T.);
#41610=ORIENTED_EDGE('',*,*,#41600,.T.);
#41620=EDGE_LOOP('',(#41610,#41550,#41540,#41530));
#41630=FACE_OUTER_BOUND('',#41620,.T.);
#41640=ADVANCED_FACE('',(#41630),#36020,.F.);
#41650=CARTESIAN_POINT('',(17.1,4.50000000000027,-4.79999999999999));
#41660=DIRECTION('',(0.500000000000017,-0.866025403784429,
8.92092404152696E-17));
#41670=DIRECTION('',(0.866025403784429,0.500000000000017,
-6.75296680211568E-17));
#41680=AXIS2_PLACEMENT_3D('',#41650,#41660,#41670);
#41690=PLANE('',#41680);
#41700=CARTESIAN_POINT('',(17.1,4.50000000000027,-4.79999999999999));
#41710=DIRECTION('',(-0.866025403784429,-0.500000000000017,
6.75296680211568E-17));
#41720=VECTOR('',#41710,1.);
#41730=LINE('',#41700,#41720);
#41740=CARTESIAN_POINT('',(17.1,4.50000000000026,-4.79999999999999));
#41750=VERTEX_POINT('',#41740);
#41760=CARTESIAN_POINT('',(14.6,3.05662432702615,-4.79999999999999));
#41770=VERTEX_POINT('',#41760);
#41780=EDGE_CURVE('',#41750,#41770,#41730,.T.);
#41790=ORIENTED_EDGE('',*,*,#41780,.T.);
#41800=CARTESIAN_POINT('',(17.1,4.50000000000026,8.80000000000001));
#41810=DIRECTION('',(1.38777878078145E-17,1.11022302462516E-16,1.));
#41820=VECTOR('',#41810,1.);
#41830=LINE('',#41800,#41820);
#41840=CARTESIAN_POINT('',(17.1,4.50000000000027,4.80000000000001));
#41850=VERTEX_POINT('',#41840);
#41860=EDGE_CURVE('',#41750,#41850,#41830,.T.);
#41870=ORIENTED_EDGE('',*,*,#41860,.F.);
#41880=CARTESIAN_POINT('',(-1.10000000000002,-6.0077748992514,
4.80000000000001));
#41890=DIRECTION('',(-0.866025403784429,-0.500000000000017,
6.75296680211568E-17));
#41900=VECTOR('',#41890,1.);
#41910=LINE('',#41880,#41900);
#41920=CARTESIAN_POINT('',(14.6,3.05662432702615,4.80000000000001));
#41930=VERTEX_POINT('',#41920);
#41940=EDGE_CURVE('',#41850,#41930,#41910,.T.);
#41950=ORIENTED_EDGE('',*,*,#41940,.F.);
#41960=CARTESIAN_POINT('',(14.6,3.05662432702616,8.80000000000001));
#41970=DIRECTION('',(1.38777878078145E-17,1.11022302462516E-16,1.));
#41980=VECTOR('',#41970,1.);
#41990=LINE('',#41960,#41980);
#42000=EDGE_CURVE('',#41770,#41930,#41990,.T.);
#42010=ORIENTED_EDGE('',*,*,#42000,.T.);
#42020=EDGE_LOOP('',(#42010,#41950,#41870,#41790));
#42030=FACE_OUTER_BOUND('',#42020,.T.);
#42040=ADVANCED_FACE('',(#42030),#41690,.F.);
#42050=COLOUR_RGB('',1.,0.411764740943909,0.);
#42060=FILL_AREA_STYLE_COLOUR('',#42050);
#42070=FILL_AREA_STYLE('',(#42060));
#42080=SURFACE_STYLE_FILL_AREA(#42070);
#42090=SURFACE_SIDE_STYLE('',(#42080));
#42100=SURFACE_STYLE_USAGE(.BOTH.,#42090);
#42110=PRESENTATION_STYLE_ASSIGNMENT((#42100));
#42120=ORIENTED_EDGE('',*,*,#37770,.T.);
#42130=ORIENTED_EDGE('',*,*,#1230,.T.);
#42140=ORIENTED_EDGE('',*,*,#33610,.F.);
#42150=ORIENTED_EDGE('',*,*,#40750,.T.);
#42160=ORIENTED_EDGE('',*,*,#39910,.F.);
#42170=ORIENTED_EDGE('',*,*,#9760,.F.);
#42180=ORIENTED_EDGE('',*,*,#3340,.F.);
#42190=CARTESIAN_POINT('',(0.,-3.27650811483333,3.20000000000001));
#42200=DIRECTION('',(0.984807753012213,0.173648177666902,
-2.77555756156289E-17));
#42210=VECTOR('',#42200,1.);
#42220=LINE('',#42190,#42210);
#42230=EDGE_CURVE('',#37760,#3250,#42220,.T.);
#42240=ORIENTED_EDGE('',*,*,#42230,.T.);
#42250=EDGE_LOOP('',(#42240,#42180,#42170,#42160,#42150,#42140,#42130,
#42120));
#42260=FACE_OUTER_BOUND('',#42250,.T.);
#42270=ADVANCED_FACE('',(#42260),#38180,.F.);
#42280=ORIENTED_EDGE('',*,*,#35370,.F.);
#42290=ORIENTED_EDGE('',*,*,#1870,.F.);
#42300=ORIENTED_EDGE('',*,*,#41520,.F.);
#42310=CARTESIAN_POINT('',(18.9,29.0435934795858,4.80000000000001));
#42320=DIRECTION('',(0.,-1.,1.11022302462516E-16));
#42330=VECTOR('',#42320,1.);
#42340=LINE('',#42310,#42330);
#42350=EDGE_CURVE('',#35360,#41510,#42340,.T.);
#42360=ORIENTED_EDGE('',*,*,#42350,.T.);
#42370=EDGE_LOOP('',(#42360,#42300,#42290,#42280));
#42380=FACE_OUTER_BOUND('',#42370,.T.);
#42390=ADVANCED_FACE('',(#42380),#35780,.F.);
#42400=ORIENTED_EDGE('',*,*,#41350,.T.);
#42410=ORIENTED_EDGE('',*,*,#1470,.F.);
#42420=ORIENTED_EDGE('',*,*,#37510,.T.);
#42430=CARTESIAN_POINT('',(-8.64359347958579,29.0435934795858,
4.80000000000001));
#42440=DIRECTION('',(0.707106781186548,-0.707106781186548,
5.55111512312578E-17));
#42450=VECTOR('',#42440,1.);
#42460=LINE('',#42430,#42450);
#42470=EDGE_CURVE('',#41340,#37440,#42460,.T.);
#42480=ORIENTED_EDGE('',*,*,#42470,.T.);
#42490=EDGE_LOOP('',(#42480,#42420,#42410,#42400));
#42500=FACE_OUTER_BOUND('',#42490,.T.);
#42510=ADVANCED_FACE('',(#42500),#36980,.F.);
#42520=ORIENTED_EDGE('',*,*,#41090,.T.);
#42530=ORIENTED_EDGE('',*,*,#1630,.F.);
#42540=ORIENTED_EDGE('',*,*,#41260,.F.);
#42550=CARTESIAN_POINT('',(-1.1,2.1,4.80000000000001));
#42560=DIRECTION('',(-1.,0.,1.38777878078145E-17));
#42570=VECTOR('',#42560,1.);
#42580=LINE('',#42550,#42570);
#42590=EDGE_CURVE('',#41080,#41250,#42580,.T.);
#42600=ORIENTED_EDGE('',*,*,#42590,.T.);
#42610=EDGE_LOOP('',(#42600,#42540,#42530,#42520));
#42620=FACE_OUTER_BOUND('',#42610,.T.);
#42630=ADVANCED_FACE('',(#42620),#36500,.F.);
#42640=CARTESIAN_POINT('',(16.128312163513,2.73365396477474,
-4.79999999999999));
#42650=DIRECTION('',(-1.38777878078145E-17,-1.11022302462516E-16,-1.));
#42660=DIRECTION('',(-1.,8.66429639700188E-17,1.38777878078144E-17));
#42670=AXIS2_PLACEMENT_3D('',#42640,#42650,#42660);
#42680=PLANE('',#42670);
#42690=ORIENTED_EDGE('',*,*,#36330,.F.);
#42700=ORIENTED_EDGE('',*,*,#36090,.F.);
#42710=ORIENTED_EDGE('',*,*,#35850,.F.);
#42720=ORIENTED_EDGE('',*,*,#35610,.F.);
#42730=CARTESIAN_POINT('',(17.1,4.50000000000027,-4.79999999999999));
#42740=DIRECTION('',(8.66429639700187E-17,1.,-1.11022302462516E-16));
#42750=VECTOR('',#42740,1.);
#42760=LINE('',#42730,#42750);
#42770=EDGE_CURVE('',#41750,#35520,#42760,.T.);
#42780=ORIENTED_EDGE('',*,*,#42770,.T.);
#42790=ORIENTED_EDGE('',*,*,#41780,.F.);
#42800=CARTESIAN_POINT('',(14.6000000000001,3.05662432702619,
-4.79999999999999));
#42810=DIRECTION('',(0.707106781186548,-0.707106781186547,
6.86915450674151E-17));
#42820=VECTOR('',#42810,1.);
#42830=LINE('',#42800,#42820);
#42840=EDGE_CURVE('',#41770,#37280,#42830,.T.);
#42850=ORIENTED_EDGE('',*,*,#42840,.F.);
#42860=ORIENTED_EDGE('',*,*,#37290,.T.);
#42870=ORIENTED_EDGE('',*,*,#37050,.F.);
#42880=ORIENTED_EDGE('',*,*,#36810,.F.);
#42890=ORIENTED_EDGE('',*,*,#36570,.F.);
#42900=EDGE_LOOP('',(#42890,#42880,#42870,#42860,#42850,#42790,#42780,
#42720,#42710,#42700,#42690));
#42910=FACE_OUTER_BOUND('',#42900,.T.);
#42920=ADVANCED_FACE('',(#42910),#42680,.T.);
#42930=COLOUR_RGB('',1.,0.411764740943909,0.);
#42940=FILL_AREA_STYLE_COLOUR('',#42930);
#42950=FILL_AREA_STYLE('',(#42940));
#42960=SURFACE_STYLE_FILL_AREA(#42950);
#42970=SURFACE_SIDE_STYLE('',(#42960));
#42980=SURFACE_STYLE_USAGE(.BOTH.,#42970);
#42990=PRESENTATION_STYLE_ASSIGNMENT((#42980));
#43000=CARTESIAN_POINT('',(-1.10000000000002,2.70006239588838E-13,
3.20000000000001));
#43010=DIRECTION('',(1.38777878078145E-17,1.11022302462516E-16,1.));
#43020=DIRECTION('',(1.,-8.66429639700188E-17,-1.38777878078144E-17));
#43030=AXIS2_PLACEMENT_3D('',#43000,#43010,#43020);
#43040=PLANE('',#43030);
#43050=CARTESIAN_POINT('',(-1.10000000000002,2.20000000000027,
3.20000000000001));
#43060=DIRECTION('',(1.,-8.66429639700188E-17,-1.38777878078144E-17));
#43070=VECTOR('',#43060,1.);
#43080=LINE('',#43050,#43070);
#43090=CARTESIAN_POINT('',(42.6,2.20000000000027,3.20000000000001));
#43100=VERTEX_POINT('',#43090);
#43110=EDGE_CURVE('',#37840,#43100,#43080,.T.);
#43120=ORIENTED_EDGE('',*,*,#43110,.T.);
#43130=ORIENTED_EDGE('',*,*,#37850,.F.);
#43140=ORIENTED_EDGE('',*,*,#42230,.F.);
#43150=ORIENTED_EDGE('',*,*,#3260,.T.);
#43160=CARTESIAN_POINT('',(-1.10000000000002,5.20000000000023,
3.20000000000001));
#43170=DIRECTION('',(-1.,8.66429639700188E-17,1.38777878078144E-17));
#43180=VECTOR('',#43170,1.);
#43190=LINE('',#43160,#43180);
#43200=CARTESIAN_POINT('',(42.6,5.20000000000023,3.20000000000001));
#43210=VERTEX_POINT('',#43200);
#43220=EDGE_CURVE('',#43210,#3170,#43190,.T.);
#43230=ORIENTED_EDGE('',*,*,#43220,.T.);
#43240=CARTESIAN_POINT('',(42.6,24.9000000000003,3.20000000000001));
#43250=DIRECTION('',(8.66429639700187E-17,1.,-1.11022302462516E-16));
#43260=VECTOR('',#43250,1.);
#43270=LINE('',#43240,#43260);
#43280=EDGE_CURVE('',#43100,#43210,#43270,.T.);
#43290=ORIENTED_EDGE('',*,*,#43280,.T.);
#43300=EDGE_LOOP('',(#43290,#43230,#43150,#43140,#43130,#43120));
#43310=FACE_OUTER_BOUND('',#43300,.T.);
#43320=ADVANCED_FACE('',(#43310),#43040,.T.);
#43330=COLOUR_RGB('',1.,0.411764740943909,0.);
#43340=FILL_AREA_STYLE_COLOUR('',#43330);
#43350=FILL_AREA_STYLE('',(#43340));
#43360=SURFACE_STYLE_FILL_AREA(#43350);
#43370=SURFACE_SIDE_STYLE('',(#43360));
#43380=SURFACE_STYLE_USAGE(.BOTH.,#43370);
#43390=PRESENTATION_STYLE_ASSIGNMENT((#43380));
#43400=CARTESIAN_POINT('',(39.6,2.20000000000027,-3.19999999999999));
#43410=DIRECTION('',(8.66429639700188E-17,1.,-1.11022302462516E-16));
#43420=DIRECTION('',(-1.,8.66429639700188E-17,1.38777878078144E-17));
#43430=AXIS2_PLACEMENT_3D('',#43400,#43410,#43420);
#43440=PLANE('',#43430);
#43450=CARTESIAN_POINT('',(-1.10000000000002,2.20000000000027,
1.25000000000001));
#43460=DIRECTION('',(1.,-8.66429639700188E-17,-1.38777878078144E-17));
#43470=VECTOR('',#43460,1.);
#43480=LINE('',#43450,#43470);
#43490=CARTESIAN_POINT('',(41.8,2.20000000000027,1.25000000000001));
#43500=VERTEX_POINT('',#43490);
#43510=CARTESIAN_POINT('',(43.6,2.20000000000027,1.25000000000001));
#43520=VERTEX_POINT('',#43510);
#43530=EDGE_CURVE('',#43500,#43520,#43480,.T.);
#43540=ORIENTED_EDGE('',*,*,#43530,.T.);
#43550=CARTESIAN_POINT('',(41.8,2.20000000000027,8.80000000000001));
#43560=DIRECTION('',(-1.38777878078145E-17,-1.11022302462516E-16,-1.));
#43570=VECTOR('',#43560,1.);
#43580=LINE('',#43550,#43570);
#43590=CARTESIAN_POINT('',(41.8,2.20000000000027,-1.24999999999999));
#43600=VERTEX_POINT('',#43590);
#43610=EDGE_CURVE('',#43500,#43600,#43580,.T.);
#43620=ORIENTED_EDGE('',*,*,#43610,.F.);
#43630=CARTESIAN_POINT('',(-1.10000000000002,2.20000000000027,
-1.24999999999999));
#43640=DIRECTION('',(-1.,8.66429639700188E-17,1.38777878078144E-17));
#43650=VECTOR('',#43640,1.);
#43660=LINE('',#43630,#43650);
#43670=CARTESIAN_POINT('',(43.6,2.20000000000027,-1.24999999999999));
#43680=VERTEX_POINT('',#43670);
#43690=EDGE_CURVE('',#43680,#43600,#43660,.T.);
#43700=ORIENTED_EDGE('',*,*,#43690,.T.);
#43710=CARTESIAN_POINT('',(43.6,2.20000000000027,1.06581410364015E-14));
#43720=DIRECTION('',(1.38777878078145E-17,1.11022302462516E-16,1.));
#43730=VECTOR('',#43720,1.);
#43740=LINE('',#43710,#43730);
#43750=CARTESIAN_POINT('',(43.6,2.20000000000026,-2.19999999999999));
#43760=VERTEX_POINT('',#43750);
#43770=EDGE_CURVE('',#43760,#43680,#43740,.T.);
#43780=ORIENTED_EDGE('',*,*,#43770,.T.);
#43790=CARTESIAN_POINT('',(42.6,2.20000000000027,-2.19999999999999));
#43800=DIRECTION('',(8.66429639700187E-17,1.,-1.11022302462516E-16));
#43810=DIRECTION('',(-1.,8.66429639700188E-17,1.38777878078144E-17));
#43820=AXIS2_PLACEMENT_3D('',#43790,#43800,#43810);
#43830=CIRCLE('',#43820,1.);
#43840=CARTESIAN_POINT('',(42.6,2.20000000000026,-3.19999999999999));
#43850=VERTEX_POINT('',#43840);
#43860=EDGE_CURVE('',#43760,#43850,#43830,.T.);
#43870=ORIENTED_EDGE('',*,*,#43860,.F.);
#43880=CARTESIAN_POINT('',(42.6,2.20000000000027,-3.19999999999999));
#43890=DIRECTION('',(-1.,8.66429639700188E-17,1.38777878078144E-17));
#43900=VECTOR('',#43890,1.);
#43910=LINE('',#43880,#43900);
#43920=EDGE_CURVE('',#43850,#37920,#43910,.T.);
#43930=ORIENTED_EDGE('',*,*,#43920,.F.);
#43940=ORIENTED_EDGE('',*,*,#37930,.T.);
#43950=ORIENTED_EDGE('',*,*,#43110,.F.);
#43960=CARTESIAN_POINT('',(42.6,2.20000000000027,2.20000000000001));
#43970=DIRECTION('',(-8.66429639700187E-17,-1.,1.11022302462516E-16));
#43980=DIRECTION('',(1.,-8.66429639700188E-17,-1.38777878078144E-17));
#43990=AXIS2_PLACEMENT_3D('',#43960,#43970,#43980);
#44000=CIRCLE('',#43990,1.);
#44010=CARTESIAN_POINT('',(43.6,2.20000000000027,2.20000000000001));
#44020=VERTEX_POINT('',#44010);
#44030=EDGE_CURVE('',#44020,#43100,#44000,.T.);
#44040=ORIENTED_EDGE('',*,*,#44030,.T.);
#44050=EDGE_CURVE('',#43520,#44020,#43740,.T.);
#44060=ORIENTED_EDGE('',*,*,#44050,.T.);
#44070=EDGE_LOOP('',(#44060,#44040,#43950,#43940,#43930,#43870,#43780,
#43700,#43620,#43540));
#44080=FACE_OUTER_BOUND('',#44070,.T.);
#44090=ADVANCED_FACE('',(#44080),#43440,.F.);
#44100=COLOUR_RGB('',1.,0.411764740943909,0.);
#44110=FILL_AREA_STYLE_COLOUR('',#44100);
#44120=FILL_AREA_STYLE('',(#44110));
#44130=SURFACE_STYLE_FILL_AREA(#44120);
#44140=SURFACE_SIDE_STYLE('',(#44130));
#44150=SURFACE_STYLE_USAGE(.BOTH.,#44140);
#44160=PRESENTATION_STYLE_ASSIGNMENT((#44150));
#44170=CARTESIAN_POINT('',(42.6,24.9000000000003,2.20000000000001));
#44180=DIRECTION('',(-8.66429639700187E-17,-1.,1.11022302462516E-16));
#44190=DIRECTION('',(1.,-8.66429639700188E-17,-1.38777878078144E-17));
#44200=AXIS2_PLACEMENT_3D('',#44170,#44180,#44190);
#44210=CYLINDRICAL_SURFACE('',#44200,1.);
#44220=CARTESIAN_POINT('',(42.6,5.20000000000023,2.20000000000001));
#44230=DIRECTION('',(-8.66429639700187E-17,-1.,1.11022302462516E-16));
#44240=DIRECTION('',(1.,-8.66429639700188E-17,-1.38777878078144E-17));
#44250=AXIS2_PLACEMENT_3D('',#44220,#44230,#44240);
#44260=CIRCLE('',#44250,1.);
#44270=CARTESIAN_POINT('',(43.6,5.20000000000023,2.20000000000001));
#44280=VERTEX_POINT('',#44270);
#44290=EDGE_CURVE('',#44280,#43210,#44260,.T.);
#44300=ORIENTED_EDGE('',*,*,#44290,.T.);
#44310=CARTESIAN_POINT('',(43.6,24.9000000000003,2.20000000000001));
#44320=DIRECTION('',(8.66429639700187E-17,1.,-1.11022302462516E-16));
#44330=VECTOR('',#44320,1.);
#44340=LINE('',#44310,#44330);
#44350=EDGE_CURVE('',#44020,#44280,#44340,.T.);
#44360=ORIENTED_EDGE('',*,*,#44350,.T.);
#44370=ORIENTED_EDGE('',*,*,#44030,.F.);
#44380=ORIENTED_EDGE('',*,*,#43280,.F.);
#44390=EDGE_LOOP('',(#44380,#44370,#44360,#44300));
#44400=FACE_OUTER_BOUND('',#44390,.T.);
#44410=ADVANCED_FACE('',(#44400),#44210,.T.);
#44420=COLOUR_RGB('',1.,0.411764740943909,0.);
#44430=FILL_AREA_STYLE_COLOUR('',#44420);
#44440=FILL_AREA_STYLE('',(#44430));
#44450=SURFACE_STYLE_FILL_AREA(#44440);
#44460=SURFACE_SIDE_STYLE('',(#44450));
#44470=SURFACE_STYLE_USAGE(.BOTH.,#44460);
#44480=PRESENTATION_STYLE_ASSIGNMENT((#44470));
#44490=CARTESIAN_POINT('',(43.6,5.20000000000023,-3.19999999999999));
#44500=DIRECTION('',(-8.66429639700188E-17,-1.,1.11022302462516E-16));
#44510=DIRECTION('',(1.,-8.66429639700188E-17,-1.38777878078144E-17));
#44520=AXIS2_PLACEMENT_3D('',#44490,#44500,#44510);
#44530=PLANE('',#44520);
#44540=CARTESIAN_POINT('',(-1.10000000000002,5.20000000000023,
-3.19999999999999));
#44550=DIRECTION('',(1.,-8.66429639700188E-17,-1.38777878078144E-17));
#44560=VECTOR('',#44550,1.);
#44570=LINE('',#44540,#44560);
#44580=CARTESIAN_POINT('',(42.6,5.20000000000023,-3.19999999999999));
#44590=VERTEX_POINT('',#44580);
#44600=EDGE_CURVE('',#3090,#44590,#44570,.T.);
#44610=ORIENTED_EDGE('',*,*,#44600,.F.);
#44620=CARTESIAN_POINT('',(42.6,5.20000000000023,-2.19999999999999));
#44630=DIRECTION('',(8.66429639700187E-17,1.,-1.11022302462516E-16));
#44640=DIRECTION('',(-1.,8.66429639700188E-17,1.38777878078144E-17));
#44650=AXIS2_PLACEMENT_3D('',#44620,#44630,#44640);
#44660=CIRCLE('',#44650,1.);
#44670=CARTESIAN_POINT('',(43.6,5.20000000000023,-2.19999999999999));
#44680=VERTEX_POINT('',#44670);
#44690=EDGE_CURVE('',#44680,#44590,#44660,.T.);
#44700=ORIENTED_EDGE('',*,*,#44690,.T.);
#44710=CARTESIAN_POINT('',(43.6,5.20000000000023,1.06581410364015E-14));
#44720=DIRECTION('',(1.38777878078145E-17,1.11022302462516E-16,1.));
#44730=VECTOR('',#44720,1.);
#44740=LINE('',#44710,#44730);
#44750=EDGE_CURVE('',#44680,#44280,#44740,.T.);
#44760=ORIENTED_EDGE('',*,*,#44750,.F.);
#44770=ORIENTED_EDGE('',*,*,#44290,.F.);
#44780=ORIENTED_EDGE('',*,*,#43220,.F.);
#44790=ORIENTED_EDGE('',*,*,#3180,.F.);
#44800=EDGE_LOOP('',(#44790,#44780,#44770,#44760,#44700,#44610));
#44810=FACE_OUTER_BOUND('',#44800,.T.);
#44820=ADVANCED_FACE('',(#44810),#44530,.F.);
#44830=COLOUR_RGB('',1.,0.411764740943909,0.);
#44840=FILL_AREA_STYLE_COLOUR('',#44830);
#44850=FILL_AREA_STYLE('',(#44840));
#44860=SURFACE_STYLE_FILL_AREA(#44850);
#44870=SURFACE_SIDE_STYLE('',(#44860));
#44880=SURFACE_STYLE_USAGE(.BOTH.,#44870);
#44890=PRESENTATION_STYLE_ASSIGNMENT((#44880));
#44900=CARTESIAN_POINT('',(41.1,3.70000000000027,-3.19999999999999));
#44910=DIRECTION('',(-1.38777878078145E-17,-1.11022302462516E-16,-1.));
#44920=DIRECTION('',(-1.,8.66429639700188E-17,1.38777878078144E-17));
#44930=AXIS2_PLACEMENT_3D('',#44900,#44910,#44920);
#44940=PLANE('',#44930);
#44950=ORIENTED_EDGE('',*,*,#44600,.T.);
#44960=ORIENTED_EDGE('',*,*,#3100,.T.);
#44970=ORIENTED_EDGE('',*,*,#38230,.F.);
#44980=ORIENTED_EDGE('',*,*,#38010,.F.);
#44990=ORIENTED_EDGE('',*,*,#43920,.T.);
#45000=CARTESIAN_POINT('',(42.6,24.9000000000003,-3.19999999999999));
#45010=DIRECTION('',(-8.66429639700187E-17,-1.,1.11022302462516E-16));
#45020=VECTOR('',#45010,1.);
#45030=LINE('',#45000,#45020);
#45040=EDGE_CURVE('',#44590,#43850,#45030,.T.);
#45050=ORIENTED_EDGE('',*,*,#45040,.T.);
#45060=EDGE_LOOP('',(#45050,#44990,#44980,#44970,#44960,#44950));
#45070=FACE_OUTER_BOUND('',#45060,.T.);
#45080=ADVANCED_FACE('',(#45070),#44940,.T.);
#45090=COLOUR_RGB('',1.,0.411764740943909,0.);
#45100=FILL_AREA_STYLE_COLOUR('',#45090);
#45110=FILL_AREA_STYLE('',(#45100));
#45120=SURFACE_STYLE_FILL_AREA(#45110);
#45130=SURFACE_SIDE_STYLE('',(#45120));
#45140=SURFACE_STYLE_USAGE(.BOTH.,#45130);
#45150=PRESENTATION_STYLE_ASSIGNMENT((#45140));
#45160=CARTESIAN_POINT('',(42.6,24.9000000000003,-2.19999999999999));
#45170=DIRECTION('',(8.66429639700187E-17,1.,-1.11022302462516E-16));
#45180=DIRECTION('',(-1.,8.66429639700188E-17,1.38777878078144E-17));
#45190=AXIS2_PLACEMENT_3D('',#45160,#45170,#45180);
#45200=CYLINDRICAL_SURFACE('',#45190,1.);
#45210=ORIENTED_EDGE('',*,*,#43860,.T.);
#45220=CARTESIAN_POINT('',(43.6,24.9000000000003,-2.19999999999999));
#45230=DIRECTION('',(-8.66429639700187E-17,-1.,1.11022302462516E-16));
#45240=VECTOR('',#45230,1.);
#45250=LINE('',#45220,#45240);
#45260=EDGE_CURVE('',#44680,#43760,#45250,.T.);
#45270=ORIENTED_EDGE('',*,*,#45260,.T.);
#45280=ORIENTED_EDGE('',*,*,#44690,.F.);
#45290=ORIENTED_EDGE('',*,*,#45040,.F.);
#45300=EDGE_LOOP('',(#45290,#45280,#45270,#45210));
#45310=FACE_OUTER_BOUND('',#45300,.T.);
#45320=ADVANCED_FACE('',(#45310),#45200,.T.);
#45330=COLOUR_RGB('',1.,0.411764740943909,0.);
#45340=FILL_AREA_STYLE_COLOUR('',#45330);
#45350=FILL_AREA_STYLE('',(#45340));
#45360=SURFACE_STYLE_FILL_AREA(#45350);
#45370=SURFACE_SIDE_STYLE('',(#45360));
#45380=SURFACE_STYLE_USAGE(.BOTH.,#45370);
#45390=PRESENTATION_STYLE_ASSIGNMENT((#45380));
#45400=CARTESIAN_POINT('',(43.6,2.20000000000022,-3.19999999999999));
#45410=DIRECTION('',(-1.,8.66429639700187E-17,1.38777878078144E-17));
#45420=DIRECTION('',(-8.66429639700187E-17,-1.,1.11022302462516E-16));
#45430=AXIS2_PLACEMENT_3D('',#45400,#45410,#45420);
#45440=PLANE('',#45430);
#45450=ORIENTED_EDGE('',*,*,#45260,.F.);
#45460=ORIENTED_EDGE('',*,*,#43770,.F.);
#45470=CARTESIAN_POINT('',(43.6,2.20000000000027,-1.24999999999999));
#45480=DIRECTION('',(-8.66429639700187E-17,-1.,1.11022302462516E-16));
#45490=VECTOR('',#45480,1.);
#45500=LINE('',#45470,#45490);
#45510=CARTESIAN_POINT('',(43.6,2.66453525910038E-13,-1.24999999999999))
;
#45520=VERTEX_POINT('',#45510);
#45530=EDGE_CURVE('',#43680,#45520,#45500,.T.);
#45540=ORIENTED_EDGE('',*,*,#45530,.F.);
#45550=CARTESIAN_POINT('',(43.6,2.66453525910038E-13,
1.06581410364015E-14));
#45560=DIRECTION('',(1.38777878078145E-17,1.11022302462516E-16,1.));
#45570=VECTOR('',#45560,1.);
#45580=LINE('',#45550,#45570);
#45590=CARTESIAN_POINT('',(43.6,2.66453525910038E-13,1.25000000000001));
#45600=VERTEX_POINT('',#45590);
#45610=EDGE_CURVE('',#45520,#45600,#45580,.T.);
#45620=ORIENTED_EDGE('',*,*,#45610,.F.);
#45630=CARTESIAN_POINT('',(43.6,2.66453525910038E-13,1.25000000000001));
#45640=DIRECTION('',(8.66429639700187E-17,1.,-1.11022302462516E-16));
#45650=VECTOR('',#45640,1.);
#45660=LINE('',#45630,#45650);
#45670=EDGE_CURVE('',#45600,#43520,#45660,.T.);
#45680=ORIENTED_EDGE('',*,*,#45670,.F.);
#45690=ORIENTED_EDGE('',*,*,#44050,.F.);
#45700=ORIENTED_EDGE('',*,*,#44350,.F.);
#45710=ORIENTED_EDGE('',*,*,#44750,.T.);
#45720=EDGE_LOOP('',(#45710,#45700,#45690,#45680,#45620,#45540,#45460,
#45450));
#45730=FACE_OUTER_BOUND('',#45720,.T.);
#45740=ADVANCED_FACE('',(#45730),#45440,.F.);
#45750=COLOUR_RGB('',1.,0.411764740943909,0.);
#45760=FILL_AREA_STYLE_COLOUR('',#45750);
#45770=FILL_AREA_STYLE('',(#45760));
#45780=SURFACE_STYLE_FILL_AREA(#45770);
#45790=SURFACE_SIDE_STYLE('',(#45780));
#45800=SURFACE_STYLE_USAGE(.BOTH.,#45790);
#45810=PRESENTATION_STYLE_ASSIGNMENT((#45800));
#45820=CARTESIAN_POINT('',(42.7,1.10000000000027,-1.24999999999999));
#45830=DIRECTION('',(-1.38777878078145E-17,-1.11022302462516E-16,-1.));
#45840=DIRECTION('',(-1.,8.66429639700188E-17,1.38777878078144E-17));
#45850=AXIS2_PLACEMENT_3D('',#45820,#45830,#45840);
#45860=PLANE('',#45850);
#45870=ORIENTED_EDGE('',*,*,#43690,.F.);
#45880=CARTESIAN_POINT('',(41.8,2.66453525910038E-13,-1.24999999999999))
;
#45890=DIRECTION('',(8.66429639700187E-17,1.,-1.11022302462516E-16));
#45900=VECTOR('',#45890,1.);
#45910=LINE('',#45880,#45900);
#45920=CARTESIAN_POINT('',(41.8,2.66453525910038E-13,-1.24999999999999))
;
#45930=VERTEX_POINT('',#45920);
#45940=EDGE_CURVE('',#45930,#43600,#45910,.T.);
#45950=ORIENTED_EDGE('',*,*,#45940,.T.);
#45960=CARTESIAN_POINT('',(43.6,2.66453525910038E-13,-1.24999999999999))
;
#45970=DIRECTION('',(-1.,8.66429639700188E-17,1.38777878078144E-17));
#45980=VECTOR('',#45970,1.);
#45990=LINE('',#45960,#45980);
#46000=EDGE_CURVE('',#45520,#45930,#45990,.T.);
#46010=ORIENTED_EDGE('',*,*,#46000,.T.);
#46020=ORIENTED_EDGE('',*,*,#45530,.T.);
#46030=EDGE_LOOP('',(#46020,#46010,#45950,#45870));
#46040=FACE_OUTER_BOUND('',#46030,.T.);
#46050=ADVANCED_FACE('',(#46040),#45860,.T.);
#46060=COLOUR_RGB('',1.,0.411764740943909,0.);
#46070=FILL_AREA_STYLE_COLOUR('',#46060);
#46080=FILL_AREA_STYLE('',(#46070));
#46090=SURFACE_STYLE_FILL_AREA(#46080);
#46100=SURFACE_SIDE_STYLE('',(#46090));
#46110=SURFACE_STYLE_USAGE(.BOTH.,#46100);
#46120=PRESENTATION_STYLE_ASSIGNMENT((#46110));
#46130=CARTESIAN_POINT('',(41.8,2.20000000000027,-1.24999999999999));
#46140=DIRECTION('',(1.,-8.66429639700187E-17,-1.38777878078144E-17));
#46150=DIRECTION('',(8.66429639700187E-17,1.,-1.11022302462516E-16));
#46160=AXIS2_PLACEMENT_3D('',#46130,#46140,#46150);
#46170=PLANE('',#46160);
#46180=ORIENTED_EDGE('',*,*,#45940,.F.);
#46190=ORIENTED_EDGE('',*,*,#43610,.T.);
#46200=CARTESIAN_POINT('',(41.8,2.66453525910038E-13,1.25000000000001));
#46210=DIRECTION('',(-8.66429639700187E-17,-1.,1.11022302462516E-16));
#46220=VECTOR('',#46210,1.);
#46230=LINE('',#46200,#46220);
#46240=CARTESIAN_POINT('',(41.8,2.66453525910038E-13,1.25000000000001));
#46250=VERTEX_POINT('',#46240);
#46260=EDGE_CURVE('',#43500,#46250,#46230,.T.);
#46270=ORIENTED_EDGE('',*,*,#46260,.F.);
#46280=CARTESIAN_POINT('',(41.8,2.66453525910038E-13,
1.06581410364015E-14));
#46290=DIRECTION('',(1.38777878078145E-17,1.11022302462516E-16,1.));
#46300=VECTOR('',#46290,1.);
#46310=LINE('',#46280,#46300);
#46320=EDGE_CURVE('',#45930,#46250,#46310,.T.);
#46330=ORIENTED_EDGE('',*,*,#46320,.T.);
#46340=EDGE_LOOP('',(#46330,#46270,#46190,#46180));
#46350=FACE_OUTER_BOUND('',#46340,.T.);
#46360=ADVANCED_FACE('',(#46350),#46170,.F.);
#46370=COLOUR_RGB('',1.,0.411764740943909,0.);
#46380=FILL_AREA_STYLE_COLOUR('',#46370);
#46390=FILL_AREA_STYLE('',(#46380));
#46400=SURFACE_STYLE_FILL_AREA(#46390);
#46410=SURFACE_SIDE_STYLE('',(#46400));
#46420=SURFACE_STYLE_USAGE(.BOTH.,#46410);
#46430=PRESENTATION_STYLE_ASSIGNMENT((#46420));
#46440=CARTESIAN_POINT('',(-1.10000000000002,2.70006239588838E-13,
1.25000000000001));
#46450=DIRECTION('',(1.38777878078145E-17,1.11022302462516E-16,1.));
#46460=DIRECTION('',(1.,-8.66429639700188E-17,-1.38777878078144E-17));
#46470=AXIS2_PLACEMENT_3D('',#46440,#46450,#46460);
#46480=PLANE('',#46470);
#46490=ORIENTED_EDGE('',*,*,#45670,.T.);
#46500=CARTESIAN_POINT('',(-1.10000000000002,2.70006239588838E-13,
1.25000000000001));
#46510=DIRECTION('',(1.,-8.66429639700188E-17,-1.38777878078144E-17));
#46520=VECTOR('',#46510,1.);
#46530=LINE('',#46500,#46520);
#46540=EDGE_CURVE('',#46250,#45600,#46530,.T.);
#46550=ORIENTED_EDGE('',*,*,#46540,.T.);
#46560=ORIENTED_EDGE('',*,*,#46260,.T.);
#46570=ORIENTED_EDGE('',*,*,#43530,.F.);
#46580=EDGE_LOOP('',(#46570,#46560,#46550,#46490));
#46590=FACE_OUTER_BOUND('',#46580,.T.);
#46600=ADVANCED_FACE('',(#46590),#46480,.T.);
#46610=COLOUR_RGB('',1.,0.411764740943909,0.);
#46620=FILL_AREA_STYLE_COLOUR('',#46610);
#46630=FILL_AREA_STYLE('',(#46620));
#46640=SURFACE_STYLE_FILL_AREA(#46630);
#46650=SURFACE_SIDE_STYLE('',(#46640));
#46660=SURFACE_STYLE_USAGE(.BOTH.,#46650);
#46670=PRESENTATION_STYLE_ASSIGNMENT((#46660));
#46680=CARTESIAN_POINT('',(41.8,2.66453525910038E-13,-1.24999999999999))
;
#46690=DIRECTION('',(8.66429639700188E-17,1.,-1.11022302462516E-16));
#46700=DIRECTION('',(-1.,8.66429639700188E-17,1.38777878078144E-17));
#46710=AXIS2_PLACEMENT_3D('',#46680,#46690,#46700);
#46720=PLANE('',#46710);
#46730=ORIENTED_EDGE('',*,*,#46000,.F.);
#46740=ORIENTED_EDGE('',*,*,#46320,.F.);
#46750=ORIENTED_EDGE('',*,*,#46540,.F.);
#46760=ORIENTED_EDGE('',*,*,#45610,.T.);
#46770=EDGE_LOOP('',(#46760,#46750,#46740,#46730));
#46780=FACE_OUTER_BOUND('',#46770,.T.);
#46790=ADVANCED_FACE('',(#46780),#46720,.F.);
#46800=COLOUR_RGB('',1.,0.411764740943909,0.);
#46810=FILL_AREA_STYLE_COLOUR('',#46800);
#46820=FILL_AREA_STYLE('',(#46810));
#46830=SURFACE_STYLE_FILL_AREA(#46820);
#46840=SURFACE_SIDE_STYLE('',(#46830));
#46850=SURFACE_STYLE_USAGE(.BOTH.,#46840);
#46860=PRESENTATION_STYLE_ASSIGNMENT((#46850));
#46870=CARTESIAN_POINT('',(17.1,5.50000000000027,-4.79999999999999));
#46880=DIRECTION('',(1.,-8.66429639700187E-17,-1.38777878078144E-17));
#46890=DIRECTION('',(8.66429639700187E-17,1.,-1.11022302462516E-16));
#46900=AXIS2_PLACEMENT_3D('',#46870,#46880,#46890);
#46910=PLANE('',#46900);
#46920=ORIENTED_EDGE('',*,*,#42770,.F.);
#46930=ORIENTED_EDGE('',*,*,#35530,.T.);
#46940=CARTESIAN_POINT('',(17.1,24.9000000000003,4.80000000000001));
#46950=DIRECTION('',(-8.66429639700187E-17,-1.,1.11022302462516E-16));
#46960=VECTOR('',#46950,1.);
#46970=LINE('',#46940,#46960);
#46980=EDGE_CURVE('',#35440,#41850,#46970,.T.);
#46990=ORIENTED_EDGE('',*,*,#46980,.F.);
#47000=ORIENTED_EDGE('',*,*,#41860,.T.);
#47010=EDGE_LOOP('',(#47000,#46990,#46930,#46920));
#47020=FACE_OUTER_BOUND('',#47010,.T.);
#47030=ADVANCED_FACE('',(#47020),#46910,.F.);
#47040=COLOUR_RGB('',1.,0.411764740943909,0.);
#47050=FILL_AREA_STYLE_COLOUR('',#47040);
#47060=FILL_AREA_STYLE('',(#47050));
#47070=SURFACE_STYLE_FILL_AREA(#47060);
#47080=SURFACE_SIDE_STYLE('',(#47070));
#47090=SURFACE_STYLE_USAGE(.BOTH.,#47080);
#47100=PRESENTATION_STYLE_ASSIGNMENT((#47090));
#47110=CARTESIAN_POINT('',(-1.10000000000002,2.70006239588838E-13,
4.80000000000001));
#47120=DIRECTION('',(1.38777878078145E-17,1.11022302462516E-16,1.));
#47130=DIRECTION('',(1.,-8.66429639700188E-17,-1.38777878078144E-17));
#47140=AXIS2_PLACEMENT_3D('',#47110,#47120,#47130);
#47150=PLANE('',#47140);
#47160=ORIENTED_EDGE('',*,*,#42590,.F.);
#47170=ORIENTED_EDGE('',*,*,#41410,.F.);
#47180=ORIENTED_EDGE('',*,*,#42470,.F.);
#47190=ORIENTED_EDGE('',*,*,#37450,.F.);
#47200=CARTESIAN_POINT('',(-1.10000000000002,18.7566243270262,
4.80000000000001));
#47210=DIRECTION('',(0.707106781186548,-0.707106781186547,
6.86915450674151E-17));
#47220=VECTOR('',#47210,1.);
#47230=LINE('',#47200,#47220);
#47240=EDGE_CURVE('',#41930,#37360,#47230,.T.);
#47250=ORIENTED_EDGE('',*,*,#47240,.T.);
#47260=ORIENTED_EDGE('',*,*,#41940,.T.);
#47270=ORIENTED_EDGE('',*,*,#46980,.T.);
#47280=ORIENTED_EDGE('',*,*,#35450,.F.);
#47290=ORIENTED_EDGE('',*,*,#42350,.F.);
#47300=ORIENTED_EDGE('',*,*,#41600,.F.);
#47310=ORIENTED_EDGE('',*,*,#41150,.F.);
#47320=EDGE_LOOP('',(#47310,#47300,#47290,#47280,#47270,#47260,#47250,
#47190,#47180,#47170,#47160));
#47330=FACE_OUTER_BOUND('',#47320,.T.);
#47340=ADVANCED_FACE('',(#47330),#47150,.T.);
#47350=COLOUR_RGB('',1.,0.411764740943909,0.);
#47360=FILL_AREA_STYLE_COLOUR('',#47350);
#47370=FILL_AREA_STYLE('',(#47360));
#47380=SURFACE_STYLE_FILL_AREA(#47370);
#47390=SURFACE_SIDE_STYLE('',(#47380));
#47400=SURFACE_STYLE_USAGE(.BOTH.,#47390);
#47410=PRESENTATION_STYLE_ASSIGNMENT((#47400));
#47420=CARTESIAN_POINT('',(14.6,3.05662432702616,-4.79999999999999));
#47430=DIRECTION('',(0.707106781186547,0.707106781186548,
-8.83177008009624E-17));
#47440=DIRECTION('',(-0.707106781186548,0.707106781186547,
-6.86915450674151E-17));
#47450=AXIS2_PLACEMENT_3D('',#47420,#47430,#47440);
#47460=PLANE('',#47450);
#47470=ORIENTED_EDGE('',*,*,#42840,.T.);
#47480=ORIENTED_EDGE('',*,*,#42000,.F.);
#47490=ORIENTED_EDGE('',*,*,#47240,.F.);
#47500=ORIENTED_EDGE('',*,*,#37370,.T.);
#47510=EDGE_LOOP('',(#47500,#47490,#47480,#47470));
#47520=FACE_OUTER_BOUND('',#47510,.T.);
#47530=ADVANCED_FACE('',(#47520),#47460,.F.);
#47540=COLOUR_RGB('',1.,0.411764740943909,0.);
#47550=FILL_AREA_STYLE_COLOUR('',#47540);
#47560=FILL_AREA_STYLE('',(#47550));
#47570=SURFACE_STYLE_FILL_AREA(#47560);
#47580=SURFACE_SIDE_STYLE('',(#47570));
#47590=SURFACE_STYLE_USAGE(.BOTH.,#47580);
#47600=PRESENTATION_STYLE_ASSIGNMENT((#47590));
#47610=CLOSED_SHELL('',(#26570,#26990,#27410,#27950,#28120,#28290,#28690
,#28910,#29030,#29250,#29820,#30230,#30520,#30760,#31000,#31190,#31380,
#31500,#33170,#33420,#33540,#33730,#34050,#34220,#34390,#34560,#34730,
#34900,#35070,#35240,#35730,#35970,#36210,#36450,#36690,#36930,#37170,
#37640,#38130,#38390,#38700,#39010,#39250,#39490,#39630,#39950,#40130,
#40320,#40550,#40810,#40930,#41190,#41450,#41640,#42040,#42270,#42390,
#42510,#42630,#42920,#43320,#44090,#44410,#44820,#45080,#45320,#45740,
#46050,#46360,#46600,#46790,#47030,#47340,#47530,#2610,#3680,#4580,#4890
,#5350,#6060,#6460,#6840,#7420,#7590,#7760,#8000,#8400,#8820,#9460,
#10200,#10530,#10770,#11340,#11510,#11760,#12000,#12550,#12960,#13340,
#13730,#13970,#14160,#14520,#14770,#15290,#15470,#15790,#15960,#16910,
#17600,#17980,#18290,#18530,#18790,#19030,#19160,#19490,#19680,#19830,
#20020,#20170,#21190,#21970,#22350,#22660,#22900,#23210,#23450,#23580,
#23910,#24100,#24250,#24510,#24730,#24920,#25300,#25610,#25900,#26020,
#26220,#26420));
#47620=MANIFOLD_SOLID_BREP('',#47610);
#47630=CARTESIAN_POINT('',(0.,0.,0.));
#47640=DIRECTION('',(0.,0.,1.));
#47650=DIRECTION('',(1.,0.,0.));
#47660=AXIS2_PLACEMENT_3D('',#47630,#47640,#47650);
#47670=APPLICATION_CONTEXT(' ');
#47680=APPLICATION_PROTOCOL_DEFINITION(' ','automotive_design',1998,
#47670);
#47690=PRODUCT_CONTEXT('',#47670,'mechanical');
#47700=PRODUCT_DEFINITION_CONTEXT('part definition',#47670,'design');
#47710=PRODUCT('TMC_81...-SELECT','TMC_81...-SELECT','',(#47690));
#47720=PRODUCT_RELATED_PRODUCT_CATEGORY('part',' ',(#47710));
#47730=PRODUCT_DEFINITION_FORMATION_WITH_SPECIFIED_SOURCE('','',#47710,
.BOUGHT.);
#47740=PRODUCT_DEFINITION('',' ',#47730,#47700);
#47750=PRODUCT_DEFINITION_SHAPE('','',#47740);
#47760=DIMENSIONAL_EXPONENTS(1.,0.,0.,0.,0.,0.,0.);
#47770=DIMENSIONAL_EXPONENTS(0.,0.,0.,0.,0.,0.,0.);
#47780=DIMENSIONAL_EXPONENTS(0.,0.,0.,0.,0.,0.,0.);
#47790=(LENGTH_UNIT() NAMED_UNIT(*) SI_UNIT(.MILLI.,.METRE.));
#47800=(NAMED_UNIT(*) PLANE_ANGLE_UNIT() SI_UNIT($,.RADIAN.));
#47810=(NAMED_UNIT(*) SI_UNIT($,.STERADIAN.) SOLID_ANGLE_UNIT());
#47820=(GEOMETRIC_REPRESENTATION_CONTEXT(3) 
GLOBAL_UNCERTAINTY_ASSIGNED_CONTEXT((#47830)) 
GLOBAL_UNIT_ASSIGNED_CONTEXT((#47790,#47800,#47810)) 
REPRESENTATION_CONTEXT('',''));
#47830=UNCERTAINTY_MEASURE_WITH_UNIT(LENGTH_MEASURE(0.006),#47790,
'distance_accuracy_value','maximum gap value');
#47840=ADVANCED_BREP_SHAPE_REPRESENTATION('',(#47660,#47620),#47820);
#47850=SHAPE_DEFINITION_REPRESENTATION(#47750,#47840);
#47860=COLOUR_RGB('',0.768627524375916,0.792156934738159,
0.792156934738159);
#47870=FILL_AREA_STYLE_COLOUR('',#47860);
#47880=FILL_AREA_STYLE('',(#47870));
#47890=SURFACE_STYLE_FILL_AREA(#47880);
#47900=SURFACE_SIDE_STYLE('',(#47890));
#47910=SURFACE_STYLE_USAGE(.BOTH.,#47900);
#47920=PRESENTATION_STYLE_ASSIGNMENT((#47910));
#47930=STYLED_ITEM('',(#47920),#47620);
#47940=OVER_RIDING_STYLED_ITEM('',(#6530),#6460,#47930);
#47950=OVER_RIDING_STYLED_ITEM('',(#13030),#12960,#47930);
#47960=OVER_RIDING_STYLED_ITEM('',(#13410),#13340,#47930);
#47970=OVER_RIDING_STYLED_ITEM('',(#13800),#13730,#47930);
#47980=OVER_RIDING_STYLED_ITEM('',(#14040),#13970,#47930);
#47990=OVER_RIDING_STYLED_ITEM('',(#14230),#14160,#47930);
#48000=OVER_RIDING_STYLED_ITEM('',(#17670),#17600,#47930);
#48010=OVER_RIDING_STYLED_ITEM('',(#18050),#17980,#47930);
#48020=OVER_RIDING_STYLED_ITEM('',(#18360),#18290,#47930);
#48030=OVER_RIDING_STYLED_ITEM('',(#18600),#18530,#47930);
#48040=OVER_RIDING_STYLED_ITEM('',(#18860),#18790,#47930);
#48050=OVER_RIDING_STYLED_ITEM('',(#19100),#19030,#47930);
#48060=OVER_RIDING_STYLED_ITEM('',(#19230),#19160,#47930);
#48070=OVER_RIDING_STYLED_ITEM('',(#19560),#19490,#47930);
#48080=OVER_RIDING_STYLED_ITEM('',(#19750),#19680,#47930);
#48090=OVER_RIDING_STYLED_ITEM('',(#19900),#19830,#47930);
#48100=OVER_RIDING_STYLED_ITEM('',(#20090),#20020,#47930);
#48110=OVER_RIDING_STYLED_ITEM('',(#20240),#20170,#47930);
#48120=OVER_RIDING_STYLED_ITEM('',(#22040),#21970,#47930);
#48130=OVER_RIDING_STYLED_ITEM('',(#22420),#22350,#47930);
#48140=OVER_RIDING_STYLED_ITEM('',(#22730),#22660,#47930);
#48150=OVER_RIDING_STYLED_ITEM('',(#22970),#22900,#47930);
#48160=OVER_RIDING_STYLED_ITEM('',(#23280),#23210,#47930);
#48170=OVER_RIDING_STYLED_ITEM('',(#23520),#23450,#47930);
#48180=OVER_RIDING_STYLED_ITEM('',(#23650),#23580,#47930);
#48190=OVER_RIDING_STYLED_ITEM('',(#23980),#23910,#47930);
#48200=OVER_RIDING_STYLED_ITEM('',(#24170),#24100,#47930);
#48210=OVER_RIDING_STYLED_ITEM('',(#24320),#24250,#47930);
#48220=OVER_RIDING_STYLED_ITEM('',(#24580),#24510,#47930);
#48230=OVER_RIDING_STYLED_ITEM('',(#24800),#24730,#47930);
#48240=OVER_RIDING_STYLED_ITEM('',(#24990),#24920,#47930);
#48250=OVER_RIDING_STYLED_ITEM('',(#25680),#25610,#47930);
#48260=OVER_RIDING_STYLED_ITEM('',(#30300),#30230,#47930);
#48270=OVER_RIDING_STYLED_ITEM('',(#30590),#30520,#47930);
#48280=OVER_RIDING_STYLED_ITEM('',(#30830),#30760,#47930);
#48290=OVER_RIDING_STYLED_ITEM('',(#31070),#31000,#47930);
#48300=OVER_RIDING_STYLED_ITEM('',(#31260),#31190,#47930);
#48310=OVER_RIDING_STYLED_ITEM('',(#38770),#38700,#47930);
#48320=OVER_RIDING_STYLED_ITEM('',(#39080),#39010,#47930);
#48330=OVER_RIDING_STYLED_ITEM('',(#39560),#39490,#47930);
#48340=OVER_RIDING_STYLED_ITEM('',(#40200),#40130,#47930);
#48350=OVER_RIDING_STYLED_ITEM('',(#40390),#40320,#47930);
#48360=OVER_RIDING_STYLED_ITEM('',(#42110),#42040,#47930);
#48370=OVER_RIDING_STYLED_ITEM('',(#42990),#42920,#47930);
#48380=OVER_RIDING_STYLED_ITEM('',(#43390),#43320,#47930);
#48390=OVER_RIDING_STYLED_ITEM('',(#44160),#44090,#47930);
#48400=OVER_RIDING_STYLED_ITEM('',(#44480),#44410,#47930);
#48410=OVER_RIDING_STYLED_ITEM('',(#44890),#44820,#47930);
#48420=OVER_RIDING_STYLED_ITEM('',(#45150),#45080,#47930);
#48430=OVER_RIDING_STYLED_ITEM('',(#45390),#45320,#47930);
#48440=OVER_RIDING_STYLED_ITEM('',(#45810),#45740,#47930);
#48450=OVER_RIDING_STYLED_ITEM('',(#46120),#46050,#47930);
#48460=OVER_RIDING_STYLED_ITEM('',(#46430),#46360,#47930);
#48470=OVER_RIDING_STYLED_ITEM('',(#46670),#46600,#47930);
#48480=OVER_RIDING_STYLED_ITEM('',(#46860),#46790,#47930);
#48490=OVER_RIDING_STYLED_ITEM('',(#47100),#47030,#47930);
#48500=OVER_RIDING_STYLED_ITEM('',(#47410),#47340,#47930);
#48510=OVER_RIDING_STYLED_ITEM('',(#47600),#47530,#47930);
#48520=DRAUGHTING_MODEL('',(#47930,#47940,#47950,#47960,#47970,#47980,
#47990,#48000,#48010,#48020,#48030,#48040,#48050,#48060,#48070,#48080,
#48090,#48100,#48110,#48120,#48130,#48140,#48150,#48160,#48170,#48180,
#48190,#48200,#48210,#48220,#48230,#48240,#48250,#48260,#48270,#48280,
#48290,#48300,#48310,#48320,#48330,#48340,#48350,#48360,#48370,#48380,
#48390,#48400,#48410,#48420,#48430,#48440,#48450,#48460,#48470,#48480,
#48490,#48500,#48510),#47820);
#48530=CARTESIAN_POINT('',(8.8,58.,-2.77111666946439E-13));
#48540=DIRECTION('',(-1.,0.,0.));
#48550=DIRECTION('',(0.,-1.,0.));
#48560=AXIS2_PLACEMENT_3D('',#48530,#48540,#48550);
#48570=ITEM_DEFINED_TRANSFORMATION('TMC_81...-SELECT','',#47660,#48560);
#48580=APPLICATION_CONTEXT(' ');
#48590=APPLICATION_PROTOCOL_DEFINITION(' ','automotive_design',1998,
#48580);
#48600=PRODUCT_CONTEXT('',#48580,'mechanical');
#48610=PRODUCT_DEFINITION_CONTEXT('part definition',#48580,'design');
#48620=PRODUCT('TMC_81...-SELECT','TMC_81...-SELECT','',(#48600));
#48630=PRODUCT_RELATED_PRODUCT_CATEGORY('part',' ',(#48620));
#48640=PRODUCT_DEFINITION_FORMATION_WITH_SPECIFIED_SOURCE('','',#48620,
.BOUGHT.);
#48650=PRODUCT_DEFINITION('',' ',#48640,#48610);
#48660=PRODUCT_DEFINITION_SHAPE('','',#48650);
#48670=DIMENSIONAL_EXPONENTS(1.,0.,0.,0.,0.,0.,0.);
#48680=DIMENSIONAL_EXPONENTS(0.,0.,0.,0.,0.,0.,0.);
#48690=DIMENSIONAL_EXPONENTS(0.,0.,0.,0.,0.,0.,0.);
#48700=(LENGTH_UNIT() NAMED_UNIT(*) SI_UNIT(.MILLI.,.METRE.));
#48710=(NAMED_UNIT(*) PLANE_ANGLE_UNIT() SI_UNIT($,.RADIAN.));
#48720=(NAMED_UNIT(*) SI_UNIT($,.STERADIAN.) SOLID_ANGLE_UNIT());
#48730=(GEOMETRIC_REPRESENTATION_CONTEXT(3) 
GLOBAL_UNCERTAINTY_ASSIGNED_CONTEXT((#48740)) 
GLOBAL_UNIT_ASSIGNED_CONTEXT((#48700,#48710,#48720)) 
REPRESENTATION_CONTEXT('',''));
#48740=UNCERTAINTY_MEASURE_WITH_UNIT(LENGTH_MEASURE(0.006),#48700,
'distance_accuracy_value','maximum gap value');
#48750=SHAPE_REPRESENTATION('',(#47660,#48560),#48730);
#48760=SHAPE_DEFINITION_REPRESENTATION(#48660,#48750);
#48770=(REPRESENTATION_RELATIONSHIP('','',#47840,#48750) 
REPRESENTATION_RELATIONSHIP_WITH_TRANSFORMATION(#48570) 
SHAPE_REPRESENTATION_RELATIONSHIP());
#48780=NEXT_ASSEMBLY_USAGE_OCCURRENCE('1','','TMC_81...-SELECT',#48650,
#47740,'');
#48790=PRODUCT_DEFINITION_SHAPE('','',#48780);
#48800=CONTEXT_DEPENDENT_SHAPE_REPRESENTATION(#48770,#48790);
ENDSEC;
END-ISO-10303-21;
